Using SPARSE 1.3 as Direct Linear Solver

Note: No compatibility mode selected!


Circuit: ********************************************************************************

Doing analysis at TEMP = 27.000000 and TNOM = 27.000000


Initial Transient Solution
--------------------------

Node                                   Voltage
----                                   -------
sn                                 -0.00272339
wwl_drv                                   -0.8
wbl_drv                                      0
rwl_drv                                      0
rbl_drv                                    1.2
vdd                                        1.2
wwl                                       -0.8
wbl                                5.44678e-15
rwl                                          0
rbl                                    1.19995
sa_out                                 1.19995
b_comp#branch                     -1.19995e-06
v_dd#branch                       -4.52588e-09
v_rbl#branch                      -4.52588e-14
v_rwl#branch                                 0
v_wbl#branch                       2.72339e-15
v_wwl#branch                                 0


No. of Data Rows : 672
********************************************************************************
Transient Analysis  Tue Aug 18 15:49:49  2026
--------------------------------------------------------------------------------
Index   time            v(wwl)          v(wbl)          v(rwl)          
--------------------------------------------------------------------------------
0	0.000000e+00	-8.00000e-01	5.446780e-15	0.000000e+00	
1	5.000000e-13	-8.00000e-01	5.446780e-15	0.000000e+00	
2	1.000000e-12	-8.00000e-01	5.446780e-15	0.000000e+00	
3	2.000000e-12	-8.00000e-01	5.446780e-15	0.000000e+00	
4	4.000000e-12	-8.00000e-01	5.446780e-15	5.293956e-22	
5	8.000000e-12	-8.00000e-01	5.446779e-15	-6.08805e-22	
6	1.600000e-11	-8.00000e-01	5.446780e-15	3.176374e-22	
7	3.200000e-11	-8.00000e-01	5.446779e-15	-4.33443e-22	
8	6.400000e-11	-8.00000e-01	5.446780e-15	4.880366e-22	
9	1.140000e-10	-8.00000e-01	5.446779e-15	-4.89691e-22	
10	1.640000e-10	-8.00000e-01	5.446780e-15	5.078889e-22	
11	2.140000e-10	-8.00000e-01	5.446779e-15	-4.86382e-22	
12	2.640000e-10	-8.00000e-01	5.446780e-15	4.963084e-22	
13	3.140000e-10	-8.00000e-01	5.446779e-15	-4.86382e-22	
14	3.640000e-10	-8.00000e-01	5.446780e-15	4.963084e-22	
15	4.140000e-10	-8.00000e-01	5.446779e-15	-4.84728e-22	
16	4.640000e-10	-8.00000e-01	5.446780e-15	4.946540e-22	
17	5.140000e-10	-8.00000e-01	5.446779e-15	-4.84728e-22	
18	5.640000e-10	-8.00000e-01	5.446780e-15	4.830735e-22	
19	6.140000e-10	-8.00000e-01	5.446779e-15	-4.86382e-22	
20	6.640000e-10	-8.00000e-01	5.446780e-15	4.830735e-22	
21	7.140000e-10	-8.00000e-01	5.446779e-15	-4.86382e-22	
22	7.640000e-10	-8.00000e-01	5.446780e-15	4.830735e-22	
23	8.140000e-10	-8.00000e-01	5.446779e-15	-4.86382e-22	
24	8.640000e-10	-8.00000e-01	5.446780e-15	4.830735e-22	
25	9.140000e-10	-8.00000e-01	5.446779e-15	-4.84728e-22	
26	9.640000e-10	-8.00000e-01	5.446780e-15	4.830735e-22	
27	1.000000e-09	-8.00000e-01	5.446779e-15	-4.84728e-22	
28	1.000010e-09	-5.78307e-01	5.122584e-06	3.780661e-05	
29	1.000030e-09	-1.18908e-01	5.702689e-06	4.326834e-05	
30	1.000070e-09	8.016594e-01	5.367061e-06	3.825364e-05	
31	1.000100e-09	1.491116e+00	7.370796e-06	4.288303e-05	
32	1.000108e-09	1.499602e+00	2.137482e-06	3.651107e-06	
33	1.000124e-09	1.500362e+00	1.407847e-06	-3.28455e-06	
34	1.000156e-09	1.499655e+00	2.076047e-06	2.934527e-06	
35	1.000220e-09	1.500337e+00	1.433377e-06	-2.95383e-06	
36	1.000348e-09	1.499666e+00	2.056909e-06	2.776070e-06	
37	1.000604e-09	1.500331e+00	1.429223e-06	-2.87538e-06	
38	1.001116e-09	1.499669e+00	2.031981e-06	2.738665e-06	
39	1.002140e-09	1.500330e+00	1.388191e-06	-2.85427e-06	
40	1.004188e-09	1.499670e+00	1.947707e-06	2.732394e-06	
41	1.008284e-09	1.500330e+00	1.228630e-06	-2.84370e-06	
42	1.016476e-09	1.499670e+00	1.652590e-06	2.740492e-06	
43	1.032860e-09	1.500330e+00	7.240600e-07	-2.82457e-06	
44	1.065628e-09	1.499670e+00	9.079571e-07	2.766362e-06	
45	1.115628e-09	1.500330e+00	-5.24211e-08	-2.79664e-06	
46	1.165628e-09	1.499670e+00	4.165897e-07	2.783566e-06	
47	1.215628e-09	1.500330e+00	-2.61691e-07	-2.78894e-06	
48	1.265628e-09	1.499670e+00	3.275868e-07	2.786468e-06	
49	1.315628e-09	1.500330e+00	-2.99602e-07	-2.78733e-06	
50	1.365628e-09	1.499670e+00	3.115187e-07	2.786778e-06	
51	1.415628e-09	1.500330e+00	-3.06445e-07	-2.78683e-06	
52	1.465628e-09	1.499671e+00	3.085921e-07	2.786621e-06	
53	1.515628e-09	1.500329e+00	-3.07665e-07	-2.78652e-06	
54	1.565628e-09	1.499671e+00	3.080439e-07	2.786380e-06	

Index   time            v(wwl)          v(wbl)          v(rwl)          
--------------------------------------------------------------------------------
55	1.615628e-09	1.500329e+00	-3.07867e-07	-2.78626e-06	
56	1.665628e-09	1.499671e+00	3.079261e-07	2.786123e-06	
57	1.715628e-09	1.500329e+00	-3.07885e-07	-2.78599e-06	
58	1.765628e-09	1.499671e+00	3.078861e-07	2.785863e-06	
59	1.815628e-09	1.500329e+00	-3.07869e-07	-2.78573e-06	
60	1.865628e-09	1.499671e+00	3.078603e-07	2.785603e-06	
61	1.915628e-09	1.500329e+00	-3.07848e-07	-2.78547e-06	
62	1.965628e-09	1.499671e+00	3.078370e-07	2.785343e-06	
63	2.015628e-09	1.500329e+00	-3.07826e-07	-2.78521e-06	
64	2.065628e-09	1.499671e+00	3.078142e-07	2.785083e-06	
65	2.115628e-09	1.500329e+00	-3.07803e-07	-2.78495e-06	
66	2.165628e-09	1.499671e+00	3.077915e-07	2.784822e-06	
67	2.215628e-09	1.500329e+00	-3.07780e-07	-2.78469e-06	
68	2.265628e-09	1.499671e+00	3.077688e-07	2.784562e-06	
69	2.315628e-09	1.500329e+00	-3.07757e-07	-2.78443e-06	
70	2.365628e-09	1.499671e+00	3.077461e-07	2.784302e-06	
71	2.415628e-09	1.500329e+00	-3.07735e-07	-2.78417e-06	
72	2.465628e-09	1.499671e+00	3.077234e-07	2.784042e-06	
73	2.515628e-09	1.500329e+00	-3.07712e-07	-2.78391e-06	
74	2.565628e-09	1.499671e+00	3.077007e-07	2.783782e-06	
75	2.615628e-09	1.500329e+00	-3.07689e-07	-2.78365e-06	
76	2.665628e-09	1.499671e+00	3.076780e-07	2.783522e-06	
77	2.715628e-09	1.500329e+00	-3.07667e-07	-2.78339e-06	
78	2.765628e-09	1.499671e+00	3.076553e-07	2.783262e-06	
79	2.815628e-09	1.500329e+00	-3.07644e-07	-2.78313e-06	
80	2.865628e-09	1.499671e+00	3.076327e-07	2.783002e-06	
81	2.915628e-09	1.500329e+00	-3.07621e-07	-2.78287e-06	
82	2.965628e-09	1.499671e+00	3.076100e-07	2.782742e-06	
83	3.015628e-09	1.500329e+00	-3.07599e-07	-2.78261e-06	
84	3.065628e-09	1.499671e+00	3.075873e-07	2.782482e-06	
85	3.115628e-09	1.500329e+00	-3.07576e-07	-2.78235e-06	
86	3.165628e-09	1.499671e+00	3.075646e-07	2.782222e-06	
87	3.215628e-09	1.500329e+00	-3.07553e-07	-2.78209e-06	
88	3.265628e-09	1.499671e+00	3.075419e-07	2.781962e-06	
89	3.315628e-09	1.500329e+00	-3.07531e-07	-2.78183e-06	
90	3.365628e-09	1.499671e+00	3.075192e-07	2.781702e-06	
91	3.415628e-09	1.500329e+00	-3.07508e-07	-2.78157e-06	
92	3.465628e-09	1.499671e+00	3.074966e-07	2.781442e-06	
93	3.515628e-09	1.500329e+00	-3.07485e-07	-2.78131e-06	
94	3.565628e-09	1.499671e+00	3.074739e-07	2.781182e-06	
95	3.615628e-09	1.500329e+00	-3.07463e-07	-2.78105e-06	
96	3.665628e-09	1.499671e+00	3.074512e-07	2.780922e-06	
97	3.715628e-09	1.500329e+00	-3.07440e-07	-2.78079e-06	
98	3.765628e-09	1.499671e+00	3.074285e-07	2.780662e-06	
99	3.815628e-09	1.500329e+00	-3.07417e-07	-2.78053e-06	
100	3.865628e-09	1.499671e+00	3.074059e-07	2.780402e-06	
101	3.915628e-09	1.500329e+00	-3.07395e-07	-2.78027e-06	
102	3.965628e-09	1.499671e+00	3.073832e-07	2.780143e-06	
103	4.015628e-09	1.500329e+00	-3.07372e-07	-2.78001e-06	
104	4.065628e-09	1.499671e+00	3.073605e-07	2.779883e-06	
105	4.115628e-09	1.500329e+00	-3.07349e-07	-2.77975e-06	
106	4.165628e-09	1.499671e+00	3.073378e-07	2.779623e-06	
107	4.215628e-09	1.500329e+00	-3.07327e-07	-2.77949e-06	
108	4.265628e-09	1.499671e+00	3.073152e-07	2.779363e-06	
109	4.315628e-09	1.500329e+00	-3.07304e-07	-2.77923e-06	
110	4.365628e-09	1.499671e+00	3.072925e-07	2.779103e-06	
111	4.415628e-09	1.500329e+00	-3.07281e-07	-2.77897e-06	
112	4.465628e-09	1.499671e+00	3.072698e-07	2.778844e-06	

Index   time            v(wwl)          v(wbl)          v(rwl)          
--------------------------------------------------------------------------------
113	4.515628e-09	1.500329e+00	-3.07259e-07	-2.77871e-06	
114	4.565628e-09	1.499671e+00	3.072472e-07	2.778584e-06	
115	4.615628e-09	1.500329e+00	-3.07236e-07	-2.77845e-06	
116	4.665628e-09	1.499671e+00	3.072245e-07	2.778324e-06	
117	4.715628e-09	1.500329e+00	-3.07213e-07	-2.77819e-06	
118	4.765628e-09	1.499671e+00	3.072019e-07	2.778065e-06	
119	4.815628e-09	1.500329e+00	-3.07191e-07	-2.77793e-06	
120	4.865628e-09	1.499671e+00	3.071792e-07	2.777805e-06	
121	4.915628e-09	1.500329e+00	-3.07168e-07	-2.77768e-06	
122	4.965628e-09	1.499671e+00	3.071565e-07	2.777546e-06	
123	5.015628e-09	1.500329e+00	-3.07145e-07	-2.77742e-06	
124	5.065628e-09	1.499671e+00	3.071339e-07	2.777286e-06	
125	5.115628e-09	1.500329e+00	-3.07123e-07	-2.77716e-06	
126	5.165628e-09	1.499671e+00	3.071112e-07	2.777026e-06	
127	5.215628e-09	1.500329e+00	-3.07100e-07	-2.77690e-06	
128	5.265628e-09	1.499671e+00	3.070886e-07	2.776767e-06	
129	5.315628e-09	1.500329e+00	-3.07077e-07	-2.77664e-06	
130	5.365628e-09	1.499671e+00	3.070659e-07	2.776507e-06	
131	5.415628e-09	1.500329e+00	-3.07055e-07	-2.77638e-06	
132	5.465628e-09	1.499671e+00	3.070433e-07	2.776248e-06	
133	5.515628e-09	1.500329e+00	-3.07032e-07	-2.77612e-06	
134	5.565628e-09	1.499671e+00	3.070206e-07	2.775988e-06	
135	5.615628e-09	1.500329e+00	-3.07009e-07	-2.77586e-06	
136	5.665628e-09	1.499671e+00	3.069980e-07	2.775729e-06	
137	5.715628e-09	1.500329e+00	-3.06987e-07	-2.77560e-06	
138	5.765628e-09	1.499671e+00	3.069753e-07	2.775469e-06	
139	5.815628e-09	1.500329e+00	-3.06964e-07	-2.77534e-06	
140	5.865628e-09	1.499671e+00	3.069527e-07	2.775210e-06	
141	5.915628e-09	1.500329e+00	-3.06941e-07	-2.77508e-06	
142	5.965628e-09	1.499671e+00	3.069301e-07	2.774951e-06	
143	6.015628e-09	1.500329e+00	-3.06919e-07	-2.77482e-06	
144	6.065628e-09	1.499671e+00	3.069074e-07	2.774691e-06	
145	6.115628e-09	1.500329e+00	-3.06896e-07	-2.77456e-06	
146	6.165628e-09	1.499671e+00	3.068848e-07	2.774432e-06	
147	6.215628e-09	1.500329e+00	-3.06873e-07	-2.77430e-06	
148	6.265628e-09	1.499671e+00	3.068621e-07	2.774173e-06	
149	6.315628e-09	1.500329e+00	-3.06851e-07	-2.77404e-06	
150	6.365628e-09	1.499671e+00	3.068395e-07	2.773913e-06	
151	6.415628e-09	1.500329e+00	-3.06828e-07	-2.77378e-06	
152	6.465628e-09	1.499671e+00	3.068169e-07	2.773654e-06	
153	6.515628e-09	1.500328e+00	-3.06806e-07	-2.77352e-06	
154	6.565628e-09	1.499672e+00	3.067942e-07	2.773395e-06	
155	6.615628e-09	1.500328e+00	-3.06783e-07	-2.77327e-06	
156	6.665628e-09	1.499672e+00	3.067716e-07	2.773135e-06	
157	6.715628e-09	1.500328e+00	-3.06760e-07	-2.77301e-06	
158	6.765628e-09	1.499672e+00	3.067490e-07	2.772876e-06	
159	6.815628e-09	1.500328e+00	-3.06738e-07	-2.77275e-06	
160	6.865628e-09	1.499672e+00	3.067263e-07	2.772617e-06	
161	6.915628e-09	1.500328e+00	-3.06715e-07	-2.77249e-06	
162	6.965628e-09	1.499672e+00	3.067037e-07	2.772358e-06	
163	7.015628e-09	1.500328e+00	-3.06692e-07	-2.77223e-06	
164	7.065628e-09	1.499672e+00	3.066811e-07	2.772099e-06	
165	7.115628e-09	1.500328e+00	-3.06670e-07	-2.77197e-06	
166	7.165628e-09	1.499672e+00	3.066585e-07	2.771840e-06	
167	7.215628e-09	1.500328e+00	-3.06647e-07	-2.77171e-06	
168	7.265628e-09	1.499672e+00	3.066358e-07	2.771580e-06	
169	7.315628e-09	1.500328e+00	-3.06625e-07	-2.77145e-06	
170	7.365628e-09	1.499672e+00	3.066132e-07	2.771321e-06	

Index   time            v(wwl)          v(wbl)          v(rwl)          
--------------------------------------------------------------------------------
171	7.415628e-09	1.500328e+00	-3.06602e-07	-2.77119e-06	
172	7.465628e-09	1.499672e+00	3.065906e-07	2.771062e-06	
173	7.515628e-09	1.500328e+00	-3.06579e-07	-2.77093e-06	
174	7.565628e-09	1.499672e+00	3.065680e-07	2.770803e-06	
175	7.615628e-09	1.500328e+00	-3.06557e-07	-2.77067e-06	
176	7.665628e-09	1.499672e+00	3.065454e-07	2.770544e-06	
177	7.715628e-09	1.500328e+00	-3.06534e-07	-2.77041e-06	
178	7.765628e-09	1.499672e+00	3.065227e-07	2.770285e-06	
179	7.815628e-09	1.500328e+00	-3.06511e-07	-2.77016e-06	
180	7.865628e-09	1.499672e+00	3.065001e-07	2.770026e-06	
181	7.915628e-09	1.500328e+00	-3.06489e-07	-2.76990e-06	
182	7.965628e-09	1.499672e+00	3.064775e-07	2.769767e-06	
183	8.015628e-09	1.500328e+00	-3.06466e-07	-2.76964e-06	
184	8.065628e-09	1.499672e+00	3.064549e-07	2.769508e-06	
185	8.115628e-09	1.500328e+00	-3.06444e-07	-2.76938e-06	
186	8.165628e-09	1.499672e+00	3.064323e-07	2.769249e-06	
187	8.215628e-09	1.500328e+00	-3.06421e-07	-2.76912e-06	
188	8.265628e-09	1.499672e+00	3.064097e-07	2.768990e-06	
189	8.315628e-09	1.500328e+00	-3.06398e-07	-2.76886e-06	
190	8.365628e-09	1.499672e+00	3.063871e-07	2.768732e-06	
191	8.415628e-09	1.500328e+00	-3.06376e-07	-2.76860e-06	
192	8.465628e-09	1.499672e+00	3.063645e-07	2.768473e-06	
193	8.515628e-09	1.500328e+00	-3.06353e-07	-2.76834e-06	
194	8.565628e-09	1.499672e+00	3.063419e-07	2.768214e-06	
195	8.615628e-09	1.500328e+00	-3.06331e-07	-2.76808e-06	
196	8.665628e-09	1.499672e+00	3.063193e-07	2.767955e-06	
197	8.715628e-09	1.500328e+00	-3.06308e-07	-2.76783e-06	
198	8.765628e-09	1.499672e+00	3.062967e-07	2.767696e-06	
199	8.815628e-09	1.500328e+00	-3.06285e-07	-2.76757e-06	
200	8.865628e-09	1.499672e+00	3.062741e-07	2.767437e-06	
201	8.915628e-09	1.500328e+00	-3.06263e-07	-2.76731e-06	
202	8.965628e-09	1.499672e+00	3.062515e-07	2.767179e-06	
203	9.015628e-09	1.500328e+00	-3.06240e-07	-2.76705e-06	
204	9.065628e-09	1.499672e+00	3.062289e-07	2.766920e-06	
205	9.115628e-09	1.500328e+00	-3.06218e-07	-2.76679e-06	
206	9.165628e-09	1.499672e+00	3.062063e-07	2.766661e-06	
207	9.215628e-09	1.500328e+00	-3.06195e-07	-2.76653e-06	
208	9.265628e-09	1.499672e+00	3.061837e-07	2.766402e-06	
209	9.315628e-09	1.500328e+00	-3.06172e-07	-2.76627e-06	
210	9.365628e-09	1.499672e+00	3.061611e-07	2.766144e-06	
211	9.415628e-09	1.500328e+00	-3.06150e-07	-2.76601e-06	
212	9.465628e-09	1.499672e+00	3.061385e-07	2.765885e-06	
213	9.515628e-09	1.500328e+00	-3.06127e-07	-2.76576e-06	
214	9.565628e-09	1.499672e+00	3.061159e-07	2.765627e-06	
215	9.615628e-09	1.500328e+00	-3.06105e-07	-2.76550e-06	
216	9.665628e-09	1.499672e+00	3.060933e-07	2.765368e-06	
217	9.715628e-09	1.500328e+00	-3.06082e-07	-2.76524e-06	
218	9.765628e-09	1.499672e+00	3.060708e-07	2.765109e-06	
219	9.815628e-09	1.500328e+00	-3.06059e-07	-2.76498e-06	
220	9.865628e-09	1.499672e+00	3.060482e-07	2.764851e-06	
221	9.915628e-09	1.500328e+00	-3.06037e-07	-2.76472e-06	
222	9.965628e-09	1.499672e+00	3.060256e-07	2.764592e-06	
223	1.001563e-08	1.500328e+00	-3.06014e-07	-2.76446e-06	
224	1.006563e-08	1.499672e+00	3.060030e-07	2.764334e-06	
225	1.011563e-08	1.500328e+00	-3.05992e-07	-2.76420e-06	
226	1.016563e-08	1.499672e+00	3.059804e-07	2.764075e-06	
227	1.021563e-08	1.500328e+00	-3.05969e-07	-2.76395e-06	
228	1.026563e-08	1.499672e+00	3.059579e-07	2.763817e-06	

Index   time            v(wwl)          v(wbl)          v(rwl)          
--------------------------------------------------------------------------------
229	1.031563e-08	1.500328e+00	-3.05947e-07	-2.76369e-06	
230	1.036563e-08	1.499672e+00	3.059353e-07	2.763558e-06	
231	1.041563e-08	1.500328e+00	-3.05924e-07	-2.76343e-06	
232	1.046563e-08	1.499672e+00	3.059127e-07	2.763300e-06	
233	1.051563e-08	1.500328e+00	-3.05901e-07	-2.76317e-06	
234	1.056563e-08	1.499672e+00	3.058901e-07	2.763041e-06	
235	1.061563e-08	1.500328e+00	-3.05879e-07	-2.76291e-06	
236	1.066563e-08	1.499672e+00	3.058676e-07	2.762783e-06	
237	1.071563e-08	1.500328e+00	-3.05856e-07	-2.76265e-06	
238	1.076563e-08	1.499672e+00	3.058450e-07	2.762525e-06	
239	1.081563e-08	1.500328e+00	-3.05834e-07	-2.76240e-06	
240	1.086563e-08	1.499672e+00	3.058224e-07	2.762266e-06	
241	1.091563e-08	1.500328e+00	-3.05811e-07	-2.76214e-06	
242	1.096563e-08	1.499672e+00	3.057998e-07	2.762008e-06	
243	1.100000e-08	1.500328e+00	-3.05783e-07	-2.76182e-06	
244	1.100001e-08	1.278319e+00	-5.24537e-06	-3.79564e-05	
245	1.100003e-08	8.188967e-01	-5.79333e-06	-4.31260e-05	
246	1.100007e-08	-1.01649e-01	-5.17214e-06	-3.83926e-05	
247	1.100010e-08	-7.91127e-01	-5.66447e-06	-4.28199e-05	
248	1.100011e-08	-7.99603e-01	-3.87825e-07	-3.70571e-06	
249	1.100012e-08	-8.00362e-01	3.465151e-07	3.215423e-06	
250	1.100016e-08	-7.99655e-01	-3.27095e-07	-2.99037e-06	
251	1.100022e-08	-8.00337e-01	3.180625e-07	2.885396e-06	
252	1.100035e-08	-7.99667e-01	-3.13346e-07	-2.83200e-06	
253	1.100060e-08	-8.00331e-01	3.112592e-07	2.807483e-06	
254	1.100112e-08	-7.99670e-01	-3.10032e-07	-2.79389e-06	
255	1.100214e-08	-8.00330e-01	3.095322e-07	2.787943e-06	
256	1.100419e-08	-7.99671e-01	-3.09239e-07	-2.78466e-06	
257	1.100828e-08	-8.00329e-01	3.091006e-07	2.783068e-06	
258	1.101648e-08	-7.99671e-01	-3.09031e-07	-2.78228e-06	
259	1.103286e-08	-8.00329e-01	3.089965e-07	2.781878e-06	
260	1.106563e-08	-7.99671e-01	-3.08979e-07	-2.78168e-06	
261	1.111563e-08	-8.00329e-01	3.089678e-07	2.781550e-06	
262	1.116563e-08	-7.99671e-01	-3.08956e-07	-2.78142e-06	
263	1.121563e-08	-8.00329e-01	3.089450e-07	2.781290e-06	
264	1.126563e-08	-7.99671e-01	-3.08934e-07	-2.78116e-06	
265	1.131563e-08	-8.00329e-01	3.089223e-07	2.781030e-06	
266	1.136563e-08	-7.99671e-01	-3.08911e-07	-2.78090e-06	
267	1.141563e-08	-8.00329e-01	3.088996e-07	2.780771e-06	
268	1.146563e-08	-7.99671e-01	-3.08888e-07	-2.78064e-06	
269	1.151563e-08	-8.00329e-01	3.088768e-07	2.780511e-06	
270	1.156563e-08	-7.99671e-01	-3.08865e-07	-2.78038e-06	
271	1.161563e-08	-8.00329e-01	3.088541e-07	2.780251e-06	
272	1.166563e-08	-7.99671e-01	-3.08843e-07	-2.78012e-06	
273	1.171563e-08	-8.00329e-01	3.088313e-07	2.779991e-06	
274	1.176563e-08	-7.99671e-01	-3.08820e-07	-2.77986e-06	
275	1.181563e-08	-8.00329e-01	3.088086e-07	2.779731e-06	
276	1.186563e-08	-7.99671e-01	-3.08797e-07	-2.77960e-06	
277	1.191563e-08	-8.00329e-01	3.087859e-07	2.779472e-06	
278	1.196563e-08	-7.99671e-01	-3.08774e-07	-2.77934e-06	
279	1.201563e-08	-8.00329e-01	3.087631e-07	2.779212e-06	
280	1.206563e-08	-7.99671e-01	-3.08752e-07	-2.77908e-06	
281	1.211563e-08	-8.00329e-01	3.087404e-07	2.778952e-06	
282	1.216563e-08	-7.99671e-01	-3.08729e-07	-2.77882e-06	
283	1.221563e-08	-8.00329e-01	3.087177e-07	2.778692e-06	
284	1.226563e-08	-7.99671e-01	-3.08706e-07	-2.77856e-06	
285	1.231563e-08	-8.00329e-01	3.086949e-07	2.778433e-06	
286	1.236563e-08	-7.99671e-01	-3.08684e-07	-2.77830e-06	

Index   time            v(wwl)          v(wbl)          v(rwl)          
--------------------------------------------------------------------------------
287	1.241563e-08	-8.00329e-01	3.086722e-07	2.778173e-06	
288	1.246563e-08	-7.99671e-01	-3.08661e-07	-2.77804e-06	
289	1.251563e-08	-8.00329e-01	3.086495e-07	2.777913e-06	
290	1.256563e-08	-7.99671e-01	-3.08638e-07	-2.77778e-06	
291	1.261563e-08	-8.00329e-01	3.086268e-07	2.777654e-06	
292	1.266563e-08	-7.99671e-01	-3.08615e-07	-2.77752e-06	
293	1.271563e-08	-8.00329e-01	3.086040e-07	2.777394e-06	
294	1.276563e-08	-7.99671e-01	-3.08593e-07	-2.77726e-06	
295	1.281563e-08	-8.00329e-01	3.085813e-07	2.777134e-06	
296	1.286563e-08	-7.99671e-01	-3.08570e-07	-2.77700e-06	
297	1.291563e-08	-8.00329e-01	3.085586e-07	2.776875e-06	
298	1.296563e-08	-7.99671e-01	-3.08547e-07	-2.77675e-06	
299	1.301563e-08	-8.00329e-01	3.085359e-07	2.776615e-06	
300	1.306563e-08	-7.99671e-01	-3.08524e-07	-2.77649e-06	
301	1.311563e-08	-8.00329e-01	3.085131e-07	2.776356e-06	
302	1.316563e-08	-7.99671e-01	-3.08502e-07	-2.77623e-06	
303	1.321563e-08	-8.00329e-01	3.084904e-07	2.776096e-06	
304	1.326563e-08	-7.99671e-01	-3.08479e-07	-2.77597e-06	
305	1.331563e-08	-8.00329e-01	3.084677e-07	2.775837e-06	
306	1.336563e-08	-7.99671e-01	-3.08456e-07	-2.77571e-06	
307	1.341563e-08	-8.00329e-01	3.084450e-07	2.775577e-06	
308	1.346563e-08	-7.99671e-01	-3.08434e-07	-2.77545e-06	
309	1.351563e-08	-8.00329e-01	3.084223e-07	2.775318e-06	
310	1.356563e-08	-7.99671e-01	-3.08411e-07	-2.77519e-06	
311	1.361563e-08	-8.00329e-01	3.083996e-07	2.775058e-06	
312	1.366563e-08	-7.99671e-01	-3.08388e-07	-2.77493e-06	
313	1.371563e-08	-8.00329e-01	3.083769e-07	2.774799e-06	
314	1.376563e-08	-7.99671e-01	-3.08365e-07	-2.77467e-06	
315	1.381563e-08	-8.00329e-01	3.083542e-07	2.774540e-06	
316	1.386563e-08	-7.99671e-01	-3.08343e-07	-2.77441e-06	
317	1.391563e-08	-8.00329e-01	3.083314e-07	2.774280e-06	
318	1.396563e-08	-7.99671e-01	-3.08320e-07	-2.77415e-06	
319	1.401563e-08	-8.00329e-01	3.083087e-07	2.774021e-06	
320	1.406563e-08	-7.99671e-01	-3.08297e-07	-2.77389e-06	
321	1.411563e-08	-8.00329e-01	3.082860e-07	2.773762e-06	
322	1.416563e-08	-7.99671e-01	-3.08275e-07	-2.77363e-06	
323	1.421563e-08	-8.00329e-01	3.082633e-07	2.773502e-06	
324	1.426563e-08	-7.99671e-01	-3.08252e-07	-2.77337e-06	
325	1.431563e-08	-8.00329e-01	3.082406e-07	2.773243e-06	
326	1.436563e-08	-7.99671e-01	-3.08229e-07	-2.77311e-06	
327	1.441563e-08	-8.00329e-01	3.082179e-07	2.772984e-06	
328	1.446563e-08	-7.99671e-01	-3.08207e-07	-2.77285e-06	
329	1.451563e-08	-8.00329e-01	3.081952e-07	2.772725e-06	
330	1.456563e-08	-7.99671e-01	-3.08184e-07	-2.77259e-06	
331	1.461563e-08	-8.00328e-01	3.081725e-07	2.772465e-06	
332	1.466563e-08	-7.99672e-01	-3.08161e-07	-2.77234e-06	
333	1.471563e-08	-8.00328e-01	3.081498e-07	2.772206e-06	
334	1.476563e-08	-7.99672e-01	-3.08138e-07	-2.77208e-06	
335	1.481563e-08	-8.00328e-01	3.081272e-07	2.771947e-06	
336	1.486563e-08	-7.99672e-01	-3.08116e-07	-2.77182e-06	
337	1.491563e-08	-8.00328e-01	3.081045e-07	2.771688e-06	
338	1.496563e-08	-7.99672e-01	-3.08093e-07	-2.77156e-06	
339	1.500000e-08	-8.00328e-01	3.080766e-07	2.771370e-06	
340	1.500001e-08	-7.99995e-01	2.240828e-06	9.638820e-02	
341	1.500003e-08	-7.99970e-01	2.466853e-06	2.961270e-01	
342	1.500007e-08	-7.99994e-01	2.255988e-06	6.963738e-01	
343	1.500010e-08	-7.99971e-01	2.455797e-06	9.961375e-01	
344	1.500011e-08	-7.99998e-01	1.682845e-07	9.998272e-01	

Index   time            v(wwl)          v(wbl)          v(rwl)          
--------------------------------------------------------------------------------
345	1.500012e-08	-8.00002e-01	-1.50355e-07	1.000157e+00	
346	1.500016e-08	-7.99998e-01	1.419258e-07	9.998498e-01	
347	1.500022e-08	-8.00002e-01	-1.38005e-07	1.000147e+00	
348	1.500035e-08	-7.99998e-01	1.359581e-07	9.998550e-01	
349	1.500060e-08	-8.00002e-01	-1.35052e-07	1.000144e+00	
350	1.500112e-08	-7.99998e-01	1.345200e-07	9.998563e-01	
351	1.500214e-08	-8.00002e-01	-1.34303e-07	1.000144e+00	
352	1.500419e-08	-7.99998e-01	1.341758e-07	9.998566e-01	
353	1.500828e-08	-8.00002e-01	-1.34116e-07	1.000143e+00	
354	1.501648e-08	-7.99998e-01	1.340854e-07	9.998567e-01	
355	1.503286e-08	-8.00002e-01	-1.34070e-07	1.000143e+00	
356	1.506563e-08	-7.99998e-01	1.340628e-07	9.998567e-01	
357	1.511563e-08	-8.00002e-01	-1.34058e-07	1.000143e+00	
358	1.516563e-08	-7.99998e-01	1.340529e-07	9.998567e-01	
359	1.521563e-08	-8.00002e-01	-1.34048e-07	1.000143e+00	
360	1.526563e-08	-7.99998e-01	1.340431e-07	9.998567e-01	
361	1.531563e-08	-8.00002e-01	-1.34038e-07	1.000143e+00	
362	1.536563e-08	-7.99998e-01	1.340332e-07	9.998567e-01	
363	1.541563e-08	-8.00002e-01	-1.34028e-07	1.000143e+00	
364	1.546563e-08	-7.99998e-01	1.340233e-07	9.998567e-01	
365	1.551563e-08	-8.00002e-01	-1.34018e-07	1.000143e+00	
366	1.556563e-08	-7.99998e-01	1.340134e-07	9.998567e-01	
367	1.561563e-08	-8.00002e-01	-1.34008e-07	1.000143e+00	
368	1.566563e-08	-7.99998e-01	1.340036e-07	9.998568e-01	
369	1.571563e-08	-8.00002e-01	-1.33999e-07	1.000143e+00	
370	1.576563e-08	-7.99998e-01	1.339937e-07	9.998568e-01	
371	1.581563e-08	-8.00002e-01	-1.33989e-07	1.000143e+00	
372	1.586563e-08	-7.99998e-01	1.339838e-07	9.998568e-01	
373	1.591563e-08	-8.00002e-01	-1.33979e-07	1.000143e+00	
374	1.596563e-08	-7.99998e-01	1.339740e-07	9.998568e-01	
375	1.601563e-08	-8.00002e-01	-1.33969e-07	1.000143e+00	
376	1.606563e-08	-7.99998e-01	1.339641e-07	9.998568e-01	
377	1.611563e-08	-8.00002e-01	-1.33959e-07	1.000143e+00	
378	1.616563e-08	-7.99998e-01	1.339542e-07	9.998568e-01	
379	1.621563e-08	-8.00002e-01	-1.33949e-07	1.000143e+00	
380	1.626563e-08	-7.99998e-01	1.339444e-07	9.998568e-01	
381	1.631563e-08	-8.00002e-01	-1.33939e-07	1.000143e+00	
382	1.636563e-08	-7.99998e-01	1.339345e-07	9.998568e-01	
383	1.641563e-08	-8.00002e-01	-1.33930e-07	1.000143e+00	
384	1.646563e-08	-7.99998e-01	1.339246e-07	9.998568e-01	
385	1.651563e-08	-8.00002e-01	-1.33920e-07	1.000143e+00	
386	1.656563e-08	-7.99998e-01	1.339148e-07	9.998568e-01	
387	1.661563e-08	-8.00002e-01	-1.33910e-07	1.000143e+00	
388	1.666563e-08	-7.99998e-01	1.339049e-07	9.998568e-01	
389	1.671563e-08	-8.00002e-01	-1.33900e-07	1.000143e+00	
390	1.676563e-08	-7.99998e-01	1.338950e-07	9.998568e-01	
391	1.681563e-08	-8.00002e-01	-1.33890e-07	1.000143e+00	
392	1.686563e-08	-7.99998e-01	1.338852e-07	9.998569e-01	
393	1.691563e-08	-8.00002e-01	-1.33880e-07	1.000143e+00	
394	1.696563e-08	-7.99998e-01	1.338753e-07	9.998569e-01	
395	1.701563e-08	-8.00002e-01	-1.33870e-07	1.000143e+00	
396	1.706563e-08	-7.99998e-01	1.338655e-07	9.998569e-01	
397	1.711563e-08	-8.00002e-01	-1.33861e-07	1.000143e+00	
398	1.716563e-08	-7.99998e-01	1.338556e-07	9.998569e-01	
399	1.721563e-08	-8.00002e-01	-1.33851e-07	1.000143e+00	
400	1.726563e-08	-7.99998e-01	1.338457e-07	9.998569e-01	
401	1.731563e-08	-8.00002e-01	-1.33841e-07	1.000143e+00	
402	1.736563e-08	-7.99998e-01	1.338359e-07	9.998569e-01	

Index   time            v(wwl)          v(wbl)          v(rwl)          
--------------------------------------------------------------------------------
403	1.741563e-08	-8.00002e-01	-1.33831e-07	1.000143e+00	
404	1.746563e-08	-7.99998e-01	1.338260e-07	9.998569e-01	
405	1.751563e-08	-8.00002e-01	-1.33821e-07	1.000143e+00	
406	1.756563e-08	-7.99998e-01	1.338162e-07	9.998569e-01	
407	1.761563e-08	-8.00002e-01	-1.33811e-07	1.000143e+00	
408	1.766563e-08	-7.99998e-01	1.338063e-07	9.998569e-01	
409	1.771563e-08	-8.00002e-01	-1.33801e-07	1.000143e+00	
410	1.776563e-08	-7.99998e-01	1.337965e-07	9.998569e-01	
411	1.781563e-08	-8.00002e-01	-1.33792e-07	1.000143e+00	
412	1.786563e-08	-7.99998e-01	1.337866e-07	9.998569e-01	
413	1.791563e-08	-8.00002e-01	-1.33782e-07	1.000143e+00	
414	1.796563e-08	-7.99998e-01	1.337767e-07	9.998570e-01	
415	1.801563e-08	-8.00002e-01	-1.33772e-07	1.000143e+00	
416	1.806563e-08	-7.99998e-01	1.337669e-07	9.998570e-01	
417	1.811563e-08	-8.00002e-01	-1.33762e-07	1.000143e+00	
418	1.816563e-08	-7.99998e-01	1.337570e-07	9.998570e-01	
419	1.821563e-08	-8.00002e-01	-1.33752e-07	1.000143e+00	
420	1.826563e-08	-7.99998e-01	1.337472e-07	9.998570e-01	
421	1.831563e-08	-8.00002e-01	-1.33742e-07	1.000143e+00	
422	1.836563e-08	-7.99998e-01	1.337373e-07	9.998570e-01	
423	1.841563e-08	-8.00002e-01	-1.33732e-07	1.000143e+00	
424	1.846563e-08	-7.99998e-01	1.337275e-07	9.998570e-01	
425	1.851563e-08	-8.00002e-01	-1.33723e-07	1.000143e+00	
426	1.856563e-08	-7.99998e-01	1.337176e-07	9.998570e-01	
427	1.861563e-08	-8.00002e-01	-1.33713e-07	1.000143e+00	
428	1.866563e-08	-7.99998e-01	1.337078e-07	9.998570e-01	
429	1.871563e-08	-8.00002e-01	-1.33703e-07	1.000143e+00	
430	1.876563e-08	-7.99998e-01	1.336979e-07	9.998570e-01	
431	1.881563e-08	-8.00002e-01	-1.33693e-07	1.000143e+00	
432	1.886563e-08	-7.99998e-01	1.336881e-07	9.998570e-01	
433	1.891563e-08	-8.00002e-01	-1.33683e-07	1.000143e+00	
434	1.896563e-08	-7.99998e-01	1.336782e-07	9.998570e-01	
435	1.901563e-08	-8.00002e-01	-1.33673e-07	1.000143e+00	
436	1.906563e-08	-7.99998e-01	1.336684e-07	9.998570e-01	
437	1.911563e-08	-8.00002e-01	-1.33663e-07	1.000143e+00	
438	1.916563e-08	-7.99998e-01	1.336585e-07	9.998571e-01	
439	1.921563e-08	-8.00002e-01	-1.33654e-07	1.000143e+00	
440	1.926563e-08	-7.99998e-01	1.336487e-07	9.998571e-01	
441	1.931563e-08	-8.00002e-01	-1.33644e-07	1.000143e+00	
442	1.936563e-08	-7.99998e-01	1.336388e-07	9.998571e-01	
443	1.941563e-08	-8.00002e-01	-1.33634e-07	1.000143e+00	
444	1.946563e-08	-7.99998e-01	1.336290e-07	9.998571e-01	
445	1.951563e-08	-8.00002e-01	-1.33624e-07	1.000143e+00	
446	1.956563e-08	-7.99998e-01	1.336191e-07	9.998571e-01	
447	1.961563e-08	-8.00002e-01	-1.33614e-07	1.000143e+00	
448	1.966563e-08	-7.99998e-01	1.336093e-07	9.998571e-01	
449	1.971563e-08	-8.00002e-01	-1.33604e-07	1.000143e+00	
450	1.976563e-08	-7.99998e-01	1.335995e-07	9.998571e-01	
451	1.981563e-08	-8.00002e-01	-1.33595e-07	1.000143e+00	
452	1.986563e-08	-7.99998e-01	1.335896e-07	9.998571e-01	
453	1.991563e-08	-8.00002e-01	-1.33585e-07	1.000143e+00	
454	1.996563e-08	-7.99998e-01	1.335798e-07	9.998571e-01	
455	2.000000e-08	-8.00002e-01	-1.33573e-07	1.000143e+00	
456	2.000001e-08	-8.00017e-01	-2.23312e-06	9.036171e-01	
457	2.000003e-08	-8.00019e-01	-2.47395e-06	7.038681e-01	
458	2.000007e-08	-8.00017e-01	-2.24918e-06	3.036310e-01	
459	2.000010e-08	-8.00019e-01	-2.46224e-06	3.857981e-03	
460	2.000011e-08	-8.00002e-01	-1.68605e-07	1.726309e-04	

Index   time            v(wwl)          v(wbl)          v(rwl)          
--------------------------------------------------------------------------------
461	2.000012e-08	-7.99999e-01	1.506445e-07	-1.57181e-04	
462	2.000016e-08	-8.00001e-01	-1.42202e-07	1.499871e-04	
463	2.000022e-08	-7.99999e-01	1.382744e-07	-1.46514e-04	
464	2.000035e-08	-8.00001e-01	-1.36224e-07	1.448089e-04	
465	2.000060e-08	-7.99999e-01	1.353166e-07	-1.43963e-04	
466	2.000112e-08	-8.00001e-01	-1.34783e-07	1.435425e-04	
467	2.000214e-08	-7.99999e-01	1.345658e-07	-1.43332e-04	
468	2.000419e-08	-8.00001e-01	-1.34438e-07	1.432275e-04	
469	2.000828e-08	-7.99999e-01	1.343782e-07	-1.43175e-04	
470	2.001648e-08	-8.00001e-01	-1.34348e-07	1.431489e-04	
471	2.003286e-08	-7.99999e-01	1.343329e-07	-1.43136e-04	
472	2.006563e-08	-8.00001e-01	-1.34325e-07	1.431292e-04	
473	2.011563e-08	-7.99999e-01	1.343204e-07	-1.43125e-04	
474	2.016563e-08	-8.00001e-01	-1.34315e-07	1.431206e-04	
475	2.021563e-08	-7.99999e-01	1.343105e-07	-1.43116e-04	
476	2.026563e-08	-8.00001e-01	-1.34306e-07	1.431121e-04	
477	2.031563e-08	-7.99999e-01	1.343006e-07	-1.43108e-04	
478	2.036563e-08	-8.00001e-01	-1.34296e-07	1.431035e-04	
479	2.041563e-08	-7.99999e-01	1.342908e-07	-1.43099e-04	
480	2.046563e-08	-8.00001e-01	-1.34286e-07	1.430949e-04	
481	2.051563e-08	-7.99999e-01	1.342809e-07	-1.43091e-04	
482	2.056563e-08	-8.00001e-01	-1.34276e-07	1.430863e-04	
483	2.061563e-08	-7.99999e-01	1.342710e-07	-1.43082e-04	
484	2.066563e-08	-8.00001e-01	-1.34266e-07	1.430777e-04	
485	2.071563e-08	-7.99999e-01	1.342611e-07	-1.43073e-04	
486	2.076563e-08	-8.00001e-01	-1.34256e-07	1.430692e-04	
487	2.081563e-08	-7.99999e-01	1.342512e-07	-1.43065e-04	
488	2.086563e-08	-8.00001e-01	-1.34246e-07	1.430606e-04	
489	2.091563e-08	-7.99999e-01	1.342413e-07	-1.43056e-04	
490	2.096563e-08	-8.00001e-01	-1.34236e-07	1.430520e-04	
491	2.101563e-08	-7.99999e-01	1.342314e-07	-1.43048e-04	
492	2.106563e-08	-8.00001e-01	-1.34226e-07	1.430434e-04	
493	2.111563e-08	-7.99999e-01	1.342216e-07	-1.43039e-04	
494	2.116563e-08	-8.00001e-01	-1.34217e-07	1.430349e-04	
495	2.121563e-08	-7.99999e-01	1.342117e-07	-1.43031e-04	
496	2.126563e-08	-8.00001e-01	-1.34207e-07	1.430263e-04	
497	2.131563e-08	-7.99999e-01	1.342018e-07	-1.43022e-04	
498	2.136563e-08	-8.00001e-01	-1.34197e-07	1.430177e-04	
499	2.141563e-08	-7.99999e-01	1.341919e-07	-1.43013e-04	
500	2.146563e-08	-8.00001e-01	-1.34187e-07	1.430091e-04	
501	2.151563e-08	-7.99999e-01	1.341820e-07	-1.43005e-04	
502	2.156563e-08	-8.00001e-01	-1.34177e-07	1.430006e-04	
503	2.161563e-08	-7.99999e-01	1.341721e-07	-1.42996e-04	
504	2.166563e-08	-8.00001e-01	-1.34167e-07	1.429920e-04	
505	2.171563e-08	-7.99999e-01	1.341623e-07	-1.42988e-04	
506	2.176563e-08	-8.00001e-01	-1.34157e-07	1.429834e-04	
507	2.181563e-08	-7.99999e-01	1.341524e-07	-1.42979e-04	
508	2.186563e-08	-8.00001e-01	-1.34147e-07	1.429748e-04	
509	2.191563e-08	-7.99999e-01	1.341425e-07	-1.42971e-04	
510	2.196563e-08	-8.00001e-01	-1.34138e-07	1.429663e-04	
511	2.201563e-08	-7.99999e-01	1.341326e-07	-1.42962e-04	
512	2.206563e-08	-8.00001e-01	-1.34128e-07	1.429577e-04	
513	2.211563e-08	-7.99999e-01	1.341228e-07	-1.42953e-04	
514	2.216563e-08	-8.00001e-01	-1.34118e-07	1.429491e-04	
515	2.221563e-08	-7.99999e-01	1.341129e-07	-1.42945e-04	
516	2.226563e-08	-8.00001e-01	-1.34108e-07	1.429406e-04	
517	2.231563e-08	-7.99999e-01	1.341030e-07	-1.42936e-04	
518	2.236563e-08	-8.00001e-01	-1.34098e-07	1.429320e-04	

Index   time            v(wwl)          v(wbl)          v(rwl)          
--------------------------------------------------------------------------------
519	2.241563e-08	-7.99999e-01	1.340931e-07	-1.42928e-04	
520	2.246563e-08	-8.00001e-01	-1.34088e-07	1.429234e-04	
521	2.251563e-08	-7.99999e-01	1.340833e-07	-1.42919e-04	
522	2.256563e-08	-8.00001e-01	-1.34078e-07	1.429148e-04	
523	2.261563e-08	-7.99999e-01	1.340734e-07	-1.42911e-04	
524	2.266563e-08	-8.00001e-01	-1.34068e-07	1.429063e-04	
525	2.271563e-08	-7.99999e-01	1.340635e-07	-1.42902e-04	
526	2.276563e-08	-8.00001e-01	-1.34059e-07	1.428977e-04	
527	2.281563e-08	-7.99999e-01	1.340536e-07	-1.42893e-04	
528	2.286563e-08	-8.00001e-01	-1.34049e-07	1.428891e-04	
529	2.291563e-08	-7.99999e-01	1.340438e-07	-1.42885e-04	
530	2.296563e-08	-8.00001e-01	-1.34039e-07	1.428806e-04	
531	2.301563e-08	-7.99999e-01	1.340339e-07	-1.42876e-04	
532	2.306563e-08	-8.00001e-01	-1.34029e-07	1.428720e-04	
533	2.311563e-08	-7.99999e-01	1.340240e-07	-1.42868e-04	
534	2.316563e-08	-8.00001e-01	-1.34019e-07	1.428634e-04	
535	2.321563e-08	-7.99999e-01	1.340141e-07	-1.42859e-04	
536	2.326563e-08	-8.00001e-01	-1.34009e-07	1.428549e-04	
537	2.331563e-08	-7.99999e-01	1.340043e-07	-1.42851e-04	
538	2.336563e-08	-8.00001e-01	-1.33999e-07	1.428463e-04	
539	2.341563e-08	-7.99999e-01	1.339944e-07	-1.42842e-04	
540	2.346563e-08	-8.00001e-01	-1.33989e-07	1.428377e-04	
541	2.351563e-08	-7.99999e-01	1.339845e-07	-1.42833e-04	
542	2.356563e-08	-8.00001e-01	-1.33980e-07	1.428292e-04	
543	2.361563e-08	-7.99999e-01	1.339747e-07	-1.42825e-04	
544	2.366563e-08	-8.00001e-01	-1.33970e-07	1.428206e-04	
545	2.371563e-08	-7.99999e-01	1.339648e-07	-1.42816e-04	
546	2.376563e-08	-8.00001e-01	-1.33960e-07	1.428120e-04	
547	2.381563e-08	-7.99999e-01	1.339549e-07	-1.42808e-04	
548	2.386563e-08	-8.00001e-01	-1.33950e-07	1.428035e-04	
549	2.391563e-08	-7.99999e-01	1.339451e-07	-1.42799e-04	
550	2.396563e-08	-8.00001e-01	-1.33940e-07	1.427949e-04	
551	2.401563e-08	-7.99999e-01	1.339352e-07	-1.42791e-04	
552	2.406563e-08	-8.00001e-01	-1.33930e-07	1.427864e-04	
553	2.411563e-08	-7.99999e-01	1.339253e-07	-1.42782e-04	
554	2.416563e-08	-8.00001e-01	-1.33920e-07	1.427778e-04	
555	2.421563e-08	-7.99999e-01	1.339155e-07	-1.42774e-04	
556	2.426563e-08	-8.00001e-01	-1.33911e-07	1.427692e-04	
557	2.431563e-08	-7.99999e-01	1.339056e-07	-1.42765e-04	
558	2.436563e-08	-8.00001e-01	-1.33901e-07	1.427607e-04	
559	2.441563e-08	-7.99999e-01	1.338958e-07	-1.42756e-04	
560	2.446563e-08	-8.00001e-01	-1.33891e-07	1.427521e-04	
561	2.451563e-08	-7.99999e-01	1.338859e-07	-1.42748e-04	
562	2.456563e-08	-8.00001e-01	-1.33881e-07	1.427436e-04	
563	2.461563e-08	-7.99999e-01	1.338760e-07	-1.42739e-04	
564	2.466563e-08	-8.00001e-01	-1.33871e-07	1.427350e-04	
565	2.471563e-08	-7.99999e-01	1.338662e-07	-1.42731e-04	
566	2.476563e-08	-8.00001e-01	-1.33861e-07	1.427264e-04	
567	2.481563e-08	-7.99999e-01	1.338563e-07	-1.42722e-04	
568	2.486563e-08	-8.00001e-01	-1.33851e-07	1.427179e-04	
569	2.491563e-08	-7.99999e-01	1.338465e-07	-1.42714e-04	
570	2.496563e-08	-8.00001e-01	-1.33842e-07	1.427093e-04	
571	2.501563e-08	-7.99999e-01	1.338366e-07	-1.42705e-04	
572	2.506563e-08	-8.00001e-01	-1.33832e-07	1.427008e-04	
573	2.511563e-08	-7.99999e-01	1.338267e-07	-1.42696e-04	
574	2.516563e-08	-8.00001e-01	-1.33822e-07	1.426922e-04	
575	2.521563e-08	-7.99999e-01	1.338169e-07	-1.42688e-04	
576	2.526563e-08	-8.00001e-01	-1.33812e-07	1.426837e-04	

Index   time            v(wwl)          v(wbl)          v(rwl)          
--------------------------------------------------------------------------------
577	2.531563e-08	-7.99999e-01	1.338070e-07	-1.42679e-04	
578	2.536563e-08	-8.00001e-01	-1.33802e-07	1.426751e-04	
579	2.541563e-08	-7.99999e-01	1.337972e-07	-1.42671e-04	
580	2.546563e-08	-8.00001e-01	-1.33792e-07	1.426666e-04	
581	2.551563e-08	-7.99999e-01	1.337873e-07	-1.42662e-04	
582	2.556563e-08	-8.00001e-01	-1.33782e-07	1.426580e-04	
583	2.561563e-08	-7.99999e-01	1.337775e-07	-1.42654e-04	
584	2.566563e-08	-8.00001e-01	-1.33773e-07	1.426494e-04	
585	2.571563e-08	-7.99999e-01	1.337676e-07	-1.42645e-04	
586	2.576563e-08	-8.00001e-01	-1.33763e-07	1.426409e-04	
587	2.581563e-08	-7.99999e-01	1.337577e-07	-1.42637e-04	
588	2.586563e-08	-8.00001e-01	-1.33753e-07	1.426323e-04	
589	2.591563e-08	-7.99999e-01	1.337479e-07	-1.42628e-04	
590	2.596563e-08	-8.00001e-01	-1.33743e-07	1.426238e-04	
591	2.601563e-08	-7.99999e-01	1.337380e-07	-1.42620e-04	
592	2.606563e-08	-8.00001e-01	-1.33733e-07	1.426152e-04	
593	2.611563e-08	-7.99999e-01	1.337282e-07	-1.42611e-04	
594	2.616563e-08	-8.00001e-01	-1.33723e-07	1.426067e-04	
595	2.621563e-08	-7.99999e-01	1.337183e-07	-1.42602e-04	
596	2.626563e-08	-8.00001e-01	-1.33713e-07	1.425981e-04	
597	2.631563e-08	-7.99999e-01	1.337085e-07	-1.42594e-04	
598	2.636563e-08	-8.00001e-01	-1.33704e-07	1.425896e-04	
599	2.641563e-08	-7.99999e-01	1.336986e-07	-1.42585e-04	
600	2.646563e-08	-8.00001e-01	-1.33694e-07	1.425810e-04	
601	2.651563e-08	-7.99999e-01	1.336888e-07	-1.42577e-04	
602	2.656563e-08	-8.00001e-01	-1.33684e-07	1.425725e-04	
603	2.661563e-08	-7.99999e-01	1.336789e-07	-1.42568e-04	
604	2.666563e-08	-8.00001e-01	-1.33674e-07	1.425639e-04	
605	2.671563e-08	-7.99999e-01	1.336691e-07	-1.42560e-04	
606	2.676563e-08	-8.00001e-01	-1.33664e-07	1.425554e-04	
607	2.681563e-08	-7.99999e-01	1.336593e-07	-1.42551e-04	
608	2.686563e-08	-8.00001e-01	-1.33654e-07	1.425468e-04	
609	2.691563e-08	-7.99999e-01	1.336494e-07	-1.42543e-04	
610	2.696563e-08	-8.00001e-01	-1.33644e-07	1.425383e-04	
611	2.701563e-08	-7.99999e-01	1.336396e-07	-1.42534e-04	
612	2.706563e-08	-8.00001e-01	-1.33635e-07	1.425298e-04	
613	2.711563e-08	-7.99999e-01	1.336297e-07	-1.42525e-04	
614	2.716563e-08	-8.00001e-01	-1.33625e-07	1.425212e-04	
615	2.721563e-08	-7.99999e-01	1.336199e-07	-1.42517e-04	
616	2.726563e-08	-8.00001e-01	-1.33615e-07	1.425127e-04	
617	2.731563e-08	-7.99999e-01	1.336100e-07	-1.42508e-04	
618	2.736563e-08	-8.00001e-01	-1.33605e-07	1.425041e-04	
619	2.741563e-08	-7.99999e-01	1.336002e-07	-1.42500e-04	
620	2.746563e-08	-8.00001e-01	-1.33595e-07	1.424956e-04	
621	2.751563e-08	-7.99999e-01	1.335903e-07	-1.42491e-04	
622	2.756563e-08	-8.00001e-01	-1.33585e-07	1.424870e-04	
623	2.761563e-08	-7.99999e-01	1.335805e-07	-1.42483e-04	
624	2.766563e-08	-8.00001e-01	-1.33576e-07	1.424785e-04	
625	2.771563e-08	-7.99999e-01	1.335707e-07	-1.42474e-04	
626	2.776563e-08	-8.00001e-01	-1.33566e-07	1.424699e-04	
627	2.781563e-08	-7.99999e-01	1.335608e-07	-1.42466e-04	
628	2.786563e-08	-8.00001e-01	-1.33556e-07	1.424614e-04	
629	2.791563e-08	-7.99999e-01	1.335510e-07	-1.42457e-04	
630	2.796563e-08	-8.00001e-01	-1.33546e-07	1.424529e-04	
631	2.801563e-08	-7.99999e-01	1.335411e-07	-1.42449e-04	
632	2.806563e-08	-8.00001e-01	-1.33536e-07	1.424443e-04	
633	2.811563e-08	-7.99999e-01	1.335313e-07	-1.42440e-04	
634	2.816563e-08	-8.00001e-01	-1.33526e-07	1.424358e-04	

Index   time            v(wwl)          v(wbl)          v(rwl)          
--------------------------------------------------------------------------------
635	2.821563e-08	-7.99999e-01	1.335215e-07	-1.42432e-04	
636	2.826563e-08	-8.00001e-01	-1.33517e-07	1.424272e-04	
637	2.831563e-08	-7.99999e-01	1.335116e-07	-1.42423e-04	
638	2.836563e-08	-8.00001e-01	-1.33507e-07	1.424187e-04	
639	2.841563e-08	-7.99999e-01	1.335018e-07	-1.42414e-04	
640	2.846563e-08	-8.00001e-01	-1.33497e-07	1.424102e-04	
641	2.851563e-08	-7.99999e-01	1.334920e-07	-1.42406e-04	
642	2.856563e-08	-8.00001e-01	-1.33487e-07	1.424016e-04	
643	2.861563e-08	-7.99999e-01	1.334821e-07	-1.42397e-04	
644	2.866563e-08	-8.00001e-01	-1.33477e-07	1.423931e-04	
645	2.871563e-08	-7.99999e-01	1.334723e-07	-1.42389e-04	
646	2.876563e-08	-8.00001e-01	-1.33467e-07	1.423845e-04	
647	2.881563e-08	-7.99999e-01	1.334625e-07	-1.42380e-04	
648	2.886563e-08	-8.00001e-01	-1.33458e-07	1.423760e-04	
649	2.891563e-08	-7.99999e-01	1.334526e-07	-1.42372e-04	
650	2.896563e-08	-8.00001e-01	-1.33448e-07	1.423675e-04	
651	2.901563e-08	-7.99999e-01	1.334428e-07	-1.42363e-04	
652	2.906563e-08	-8.00001e-01	-1.33438e-07	1.423589e-04	
653	2.911563e-08	-7.99999e-01	1.334330e-07	-1.42355e-04	
654	2.916563e-08	-8.00001e-01	-1.33428e-07	1.423504e-04	
655	2.921563e-08	-7.99999e-01	1.334231e-07	-1.42346e-04	
656	2.926563e-08	-8.00001e-01	-1.33418e-07	1.423419e-04	
657	2.931563e-08	-7.99999e-01	1.334133e-07	-1.42338e-04	
658	2.936563e-08	-8.00001e-01	-1.33408e-07	1.423333e-04	
659	2.941563e-08	-7.99999e-01	1.334035e-07	-1.42329e-04	
660	2.946563e-08	-8.00001e-01	-1.33399e-07	1.423248e-04	
661	2.951563e-08	-7.99999e-01	1.333936e-07	-1.42321e-04	
662	2.956563e-08	-8.00001e-01	-1.33389e-07	1.423163e-04	
663	2.961563e-08	-7.99999e-01	1.333838e-07	-1.42312e-04	
664	2.966563e-08	-8.00001e-01	-1.33379e-07	1.423077e-04	
665	2.971563e-08	-7.99999e-01	1.333740e-07	-1.42303e-04	
666	2.976563e-08	-8.00001e-01	-1.33369e-07	1.422992e-04	
667	2.981563e-08	-7.99999e-01	1.333642e-07	-1.42295e-04	
668	2.986563e-08	-8.00001e-01	-1.33359e-07	1.422907e-04	
669	2.991563e-08	-7.99999e-01	1.333543e-07	-1.42286e-04	
670	2.996563e-08	-8.00001e-01	-1.33349e-07	1.422821e-04	
671	3.000000e-08	-7.99999e-01	1.333423e-07	-1.42276e-04	

********************************************************************************
Transient Analysis  Tue Aug 18 15:49:49  2026
--------------------------------------------------------------------------------
Index   time            v(rbl)          v(sn)           v(sa_out)       
--------------------------------------------------------------------------------
0	0.000000e+00	1.199955e+00	-2.72339e-03	1.199945e+00	
1	5.000000e-13	1.199955e+00	-2.72339e-03	1.199945e+00	
2	1.000000e-12	1.199955e+00	-2.72339e-03	1.199945e+00	
3	2.000000e-12	1.199955e+00	-2.72339e-03	1.199945e+00	
4	4.000000e-12	1.199955e+00	-2.72339e-03	1.199945e+00	
5	8.000000e-12	1.199955e+00	-2.72339e-03	1.199945e+00	
6	1.600000e-11	1.199955e+00	-2.72339e-03	1.199945e+00	
7	3.200000e-11	1.199955e+00	-2.72339e-03	1.199945e+00	
8	6.400000e-11	1.199955e+00	-2.72339e-03	1.199945e+00	
9	1.140000e-10	1.199955e+00	-2.72339e-03	1.199945e+00	
10	1.640000e-10	1.199955e+00	-2.72339e-03	1.199945e+00	
11	2.140000e-10	1.199955e+00	-2.72339e-03	1.199945e+00	
12	2.640000e-10	1.199955e+00	-2.72339e-03	1.199945e+00	
13	3.140000e-10	1.199955e+00	-2.72339e-03	1.199945e+00	
14	3.640000e-10	1.199955e+00	-2.72339e-03	1.199945e+00	
15	4.140000e-10	1.199955e+00	-2.72339e-03	1.199945e+00	
16	4.640000e-10	1.199955e+00	-2.72339e-03	1.199945e+00	
17	5.140000e-10	1.199955e+00	-2.72339e-03	1.199945e+00	
18	5.640000e-10	1.199955e+00	-2.72339e-03	1.199945e+00	
19	6.140000e-10	1.199955e+00	-2.72339e-03	1.199945e+00	
20	6.640000e-10	1.199955e+00	-2.72339e-03	1.199945e+00	
21	7.140000e-10	1.199955e+00	-2.72339e-03	1.199945e+00	
22	7.640000e-10	1.199955e+00	-2.72339e-03	1.199945e+00	
23	8.140000e-10	1.199955e+00	-2.72339e-03	1.199945e+00	
24	8.640000e-10	1.199955e+00	-2.72339e-03	1.199945e+00	
25	9.140000e-10	1.199955e+00	-2.72339e-03	1.199945e+00	
26	9.640000e-10	1.199955e+00	-2.72339e-03	1.199945e+00	
27	1.000000e-09	1.199955e+00	-2.72339e-03	1.199945e+00	
28	1.000010e-09	1.200200e+00	2.507281e-03	1.199948e+00	
29	1.000030e-09	1.200704e+00	1.334469e-02	1.199953e+00	
30	1.000070e-09	1.201685e+00	3.505871e-02	1.199961e+00	
31	1.000100e-09	1.202395e+00	5.130929e-02	1.199966e+00	
32	1.000108e-09	1.202385e+00	5.150179e-02	1.199966e+00	
33	1.000124e-09	1.202348e+00	5.150608e-02	1.199966e+00	
34	1.000156e-09	1.202273e+00	5.146263e-02	1.199965e+00	
35	1.000220e-09	1.202131e+00	5.142483e-02	1.199964e+00	
36	1.000348e-09	1.201870e+00	5.130191e-02	1.199963e+00	
37	1.000604e-09	1.201435e+00	5.110405e-02	1.199959e+00	
38	1.001116e-09	1.200819e+00	5.066558e-02	1.199954e+00	
39	1.002140e-09	1.200192e+00	4.984827e-02	1.199948e+00	
40	1.004188e-09	1.199867e+00	4.821223e-02	1.199944e+00	
41	1.008284e-09	1.199868e+00	4.514480e-02	1.199944e+00	
42	1.016476e-09	1.199881e+00	3.953622e-02	1.199944e+00	
43	1.032860e-09	1.199899e+00	3.032462e-02	1.199944e+00	
44	1.065628e-09	1.199923e+00	1.763673e-02	1.199945e+00	
45	1.115628e-09	1.199940e+00	7.515709e-03	1.199945e+00	
46	1.165628e-09	1.199948e+00	3.185420e-03	1.199945e+00	
47	1.215628e-09	1.199950e+00	1.365688e-03	1.199945e+00	
48	1.265628e-09	1.199952e+00	5.693941e-04	1.199945e+00	
49	1.315628e-09	1.199952e+00	2.533720e-04	1.199945e+00	
50	1.365628e-09	1.199953e+00	9.664121e-05	1.199945e+00	
51	1.415628e-09	1.199953e+00	5.206812e-05	1.199945e+00	
52	1.465628e-09	1.199953e+00	1.108361e-05	1.199945e+00	
53	1.515628e-09	1.199953e+00	1.563642e-05	1.199945e+00	
54	1.565628e-09	1.199953e+00	-4.40022e-06	1.199945e+00	

Index   time            v(rbl)          v(sn)           v(sa_out)       
--------------------------------------------------------------------------------
55	1.615628e-09	1.199953e+00	9.042883e-06	1.199945e+00	
56	1.665628e-09	1.199953e+00	-7.20223e-06	1.199945e+00	
57	1.715628e-09	1.199953e+00	7.849365e-06	1.199945e+00	
58	1.765628e-09	1.199953e+00	-7.70909e-06	1.199945e+00	
59	1.815628e-09	1.199953e+00	7.633109e-06	1.199945e+00	
60	1.865628e-09	1.199952e+00	-7.80056e-06	1.199945e+00	
61	1.915628e-09	1.199953e+00	7.593696e-06	1.199945e+00	
62	1.965628e-09	1.199952e+00	-7.81683e-06	1.199945e+00	
63	2.015628e-09	1.199953e+00	7.586272e-06	1.199945e+00	
64	2.065628e-09	1.199952e+00	-7.81948e-06	1.199945e+00	
65	2.115628e-09	1.199953e+00	7.584624e-06	1.199945e+00	
66	2.165628e-09	1.199952e+00	-7.81965e-06	1.199945e+00	
67	2.215628e-09	1.199953e+00	7.584009e-06	1.199945e+00	
68	2.265628e-09	1.199952e+00	-7.81936e-06	1.199945e+00	
69	2.315628e-09	1.199953e+00	7.583573e-06	1.199945e+00	
70	2.365628e-09	1.199952e+00	-7.81899e-06	1.199945e+00	
71	2.415628e-09	1.199953e+00	7.583160e-06	1.199945e+00	
72	2.465628e-09	1.199952e+00	-7.81858e-06	1.199945e+00	
73	2.515628e-09	1.199953e+00	7.582744e-06	1.199945e+00	
74	2.565628e-09	1.199952e+00	-7.81817e-06	1.199945e+00	
75	2.615628e-09	1.199953e+00	7.582323e-06	1.199945e+00	
76	2.665628e-09	1.199952e+00	-7.81775e-06	1.199945e+00	
77	2.715628e-09	1.199953e+00	7.581895e-06	1.199945e+00	
78	2.765628e-09	1.199952e+00	-7.81732e-06	1.199945e+00	
79	2.815628e-09	1.199953e+00	7.581463e-06	1.199945e+00	
80	2.865628e-09	1.199952e+00	-7.81689e-06	1.199945e+00	
81	2.915628e-09	1.199953e+00	7.581026e-06	1.199945e+00	
82	2.965628e-09	1.199952e+00	-7.81646e-06	1.199945e+00	
83	3.015628e-09	1.199953e+00	7.580585e-06	1.199945e+00	
84	3.065628e-09	1.199952e+00	-7.81602e-06	1.199945e+00	
85	3.115628e-09	1.199953e+00	7.580141e-06	1.199945e+00	
86	3.165628e-09	1.199952e+00	-7.81557e-06	1.199945e+00	
87	3.215628e-09	1.199953e+00	7.579694e-06	1.199945e+00	
88	3.265628e-09	1.199952e+00	-7.81513e-06	1.199945e+00	
89	3.315628e-09	1.199953e+00	7.579245e-06	1.199945e+00	
90	3.365628e-09	1.199952e+00	-7.81468e-06	1.199945e+00	
91	3.415628e-09	1.199953e+00	7.578794e-06	1.199945e+00	
92	3.465628e-09	1.199952e+00	-7.81424e-06	1.199945e+00	
93	3.515628e-09	1.199953e+00	7.578342e-06	1.199945e+00	
94	3.565628e-09	1.199952e+00	-7.81379e-06	1.199945e+00	
95	3.615628e-09	1.199953e+00	7.577888e-06	1.199945e+00	
96	3.665628e-09	1.199952e+00	-7.81334e-06	1.199945e+00	
97	3.715628e-09	1.199953e+00	7.577434e-06	1.199945e+00	
98	3.765628e-09	1.199952e+00	-7.81288e-06	1.199945e+00	
99	3.815628e-09	1.199953e+00	7.576978e-06	1.199945e+00	
100	3.865628e-09	1.199952e+00	-7.81243e-06	1.199945e+00	
101	3.915628e-09	1.199953e+00	7.576521e-06	1.199945e+00	
102	3.965628e-09	1.199952e+00	-7.81198e-06	1.199945e+00	
103	4.015628e-09	1.199953e+00	7.576064e-06	1.199945e+00	
104	4.065628e-09	1.199952e+00	-7.81153e-06	1.199945e+00	
105	4.115628e-09	1.199953e+00	7.575606e-06	1.199945e+00	
106	4.165628e-09	1.199952e+00	-7.81107e-06	1.199945e+00	
107	4.215628e-09	1.199953e+00	7.575148e-06	1.199945e+00	
108	4.265628e-09	1.199952e+00	-7.81062e-06	1.199945e+00	
109	4.315628e-09	1.199953e+00	7.574689e-06	1.199945e+00	
110	4.365628e-09	1.199952e+00	-7.81016e-06	1.199945e+00	
111	4.415628e-09	1.199953e+00	7.574230e-06	1.199945e+00	
112	4.465628e-09	1.199952e+00	-7.80971e-06	1.199945e+00	

Index   time            v(rbl)          v(sn)           v(sa_out)       
--------------------------------------------------------------------------------
113	4.515628e-09	1.199953e+00	7.573771e-06	1.199945e+00	
114	4.565628e-09	1.199952e+00	-7.80925e-06	1.199945e+00	
115	4.615628e-09	1.199953e+00	7.573312e-06	1.199945e+00	
116	4.665628e-09	1.199952e+00	-7.80879e-06	1.199945e+00	
117	4.715628e-09	1.199953e+00	7.572852e-06	1.199945e+00	
118	4.765628e-09	1.199952e+00	-7.80834e-06	1.199945e+00	
119	4.815628e-09	1.199953e+00	7.572392e-06	1.199945e+00	
120	4.865628e-09	1.199952e+00	-7.80788e-06	1.199945e+00	
121	4.915628e-09	1.199953e+00	7.571932e-06	1.199945e+00	
122	4.965628e-09	1.199952e+00	-7.80743e-06	1.199945e+00	
123	5.015628e-09	1.199953e+00	7.571472e-06	1.199945e+00	
124	5.065628e-09	1.199952e+00	-7.80697e-06	1.199945e+00	
125	5.115628e-09	1.199953e+00	7.571012e-06	1.199945e+00	
126	5.165628e-09	1.199952e+00	-7.80651e-06	1.199945e+00	
127	5.215628e-09	1.199953e+00	7.570552e-06	1.199945e+00	
128	5.265628e-09	1.199952e+00	-7.80606e-06	1.199945e+00	
129	5.315628e-09	1.199953e+00	7.570092e-06	1.199945e+00	
130	5.365628e-09	1.199952e+00	-7.80560e-06	1.199945e+00	
131	5.415628e-09	1.199953e+00	7.569632e-06	1.199945e+00	
132	5.465628e-09	1.199952e+00	-7.80514e-06	1.199945e+00	
133	5.515628e-09	1.199953e+00	7.569171e-06	1.199945e+00	
134	5.565628e-09	1.199952e+00	-7.80469e-06	1.199945e+00	
135	5.615628e-09	1.199953e+00	7.568711e-06	1.199945e+00	
136	5.665628e-09	1.199952e+00	-7.80423e-06	1.199945e+00	
137	5.715628e-09	1.199953e+00	7.568251e-06	1.199945e+00	
138	5.765628e-09	1.199952e+00	-7.80377e-06	1.199945e+00	
139	5.815628e-09	1.199953e+00	7.567790e-06	1.199945e+00	
140	5.865628e-09	1.199952e+00	-7.80332e-06	1.199945e+00	
141	5.915628e-09	1.199953e+00	7.567330e-06	1.199945e+00	
142	5.965628e-09	1.199952e+00	-7.80286e-06	1.199945e+00	
143	6.015628e-09	1.199953e+00	7.566870e-06	1.199945e+00	
144	6.065628e-09	1.199952e+00	-7.80240e-06	1.199945e+00	
145	6.115628e-09	1.199953e+00	7.566410e-06	1.199945e+00	
146	6.165628e-09	1.199952e+00	-7.80195e-06	1.199945e+00	
147	6.215628e-09	1.199953e+00	7.565949e-06	1.199945e+00	
148	6.265628e-09	1.199952e+00	-7.80149e-06	1.199945e+00	
149	6.315628e-09	1.199953e+00	7.565489e-06	1.199945e+00	
150	6.365628e-09	1.199952e+00	-7.80103e-06	1.199945e+00	
151	6.415628e-09	1.199953e+00	7.565029e-06	1.199945e+00	
152	6.465628e-09	1.199952e+00	-7.80058e-06	1.199945e+00	
153	6.515628e-09	1.199953e+00	7.564568e-06	1.199945e+00	
154	6.565628e-09	1.199952e+00	-7.80012e-06	1.199945e+00	
155	6.615628e-09	1.199953e+00	7.564108e-06	1.199945e+00	
156	6.665628e-09	1.199952e+00	-7.79967e-06	1.199945e+00	
157	6.715628e-09	1.199953e+00	7.563648e-06	1.199945e+00	
158	6.765628e-09	1.199952e+00	-7.79921e-06	1.199945e+00	
159	6.815628e-09	1.199953e+00	7.563188e-06	1.199945e+00	
160	6.865628e-09	1.199952e+00	-7.79875e-06	1.199945e+00	
161	6.915628e-09	1.199953e+00	7.562728e-06	1.199945e+00	
162	6.965628e-09	1.199952e+00	-7.79830e-06	1.199945e+00	
163	7.015628e-09	1.199953e+00	7.562268e-06	1.199945e+00	
164	7.065628e-09	1.199952e+00	-7.79784e-06	1.199945e+00	
165	7.115628e-09	1.199953e+00	7.561807e-06	1.199945e+00	
166	7.165628e-09	1.199952e+00	-7.79738e-06	1.199945e+00	
167	7.215628e-09	1.199953e+00	7.561347e-06	1.199945e+00	
168	7.265628e-09	1.199952e+00	-7.79693e-06	1.199945e+00	
169	7.315628e-09	1.199953e+00	7.560887e-06	1.199945e+00	
170	7.365628e-09	1.199952e+00	-7.79647e-06	1.199945e+00	

Index   time            v(rbl)          v(sn)           v(sa_out)       
--------------------------------------------------------------------------------
171	7.415628e-09	1.199953e+00	7.560427e-06	1.199945e+00	
172	7.465628e-09	1.199952e+00	-7.79601e-06	1.199945e+00	
173	7.515628e-09	1.199953e+00	7.559967e-06	1.199945e+00	
174	7.565628e-09	1.199952e+00	-7.79556e-06	1.199945e+00	
175	7.615628e-09	1.199953e+00	7.559507e-06	1.199945e+00	
176	7.665628e-09	1.199952e+00	-7.79510e-06	1.199945e+00	
177	7.715628e-09	1.199953e+00	7.559047e-06	1.199945e+00	
178	7.765628e-09	1.199952e+00	-7.79465e-06	1.199945e+00	
179	7.815628e-09	1.199953e+00	7.558587e-06	1.199945e+00	
180	7.865628e-09	1.199952e+00	-7.79419e-06	1.199945e+00	
181	7.915628e-09	1.199953e+00	7.558127e-06	1.199945e+00	
182	7.965628e-09	1.199952e+00	-7.79373e-06	1.199945e+00	
183	8.015628e-09	1.199953e+00	7.557668e-06	1.199945e+00	
184	8.065628e-09	1.199952e+00	-7.79328e-06	1.199945e+00	
185	8.115628e-09	1.199953e+00	7.557208e-06	1.199945e+00	
186	8.165628e-09	1.199952e+00	-7.79282e-06	1.199945e+00	
187	8.215628e-09	1.199953e+00	7.556748e-06	1.199945e+00	
188	8.265628e-09	1.199952e+00	-7.79236e-06	1.199945e+00	
189	8.315628e-09	1.199953e+00	7.556288e-06	1.199945e+00	
190	8.365628e-09	1.199952e+00	-7.79191e-06	1.199945e+00	
191	8.415628e-09	1.199953e+00	7.555828e-06	1.199945e+00	
192	8.465628e-09	1.199952e+00	-7.79145e-06	1.199945e+00	
193	8.515628e-09	1.199953e+00	7.555369e-06	1.199945e+00	
194	8.565628e-09	1.199952e+00	-7.79100e-06	1.199945e+00	
195	8.615628e-09	1.199953e+00	7.554909e-06	1.199945e+00	
196	8.665628e-09	1.199952e+00	-7.79054e-06	1.199945e+00	
197	8.715628e-09	1.199953e+00	7.554449e-06	1.199945e+00	
198	8.765628e-09	1.199952e+00	-7.79008e-06	1.199945e+00	
199	8.815628e-09	1.199953e+00	7.553989e-06	1.199945e+00	
200	8.865628e-09	1.199952e+00	-7.78963e-06	1.199945e+00	
201	8.915628e-09	1.199953e+00	7.553530e-06	1.199945e+00	
202	8.965628e-09	1.199952e+00	-7.78917e-06	1.199945e+00	
203	9.015628e-09	1.199953e+00	7.553070e-06	1.199945e+00	
204	9.065628e-09	1.199952e+00	-7.78872e-06	1.199945e+00	
205	9.115628e-09	1.199953e+00	7.552611e-06	1.199945e+00	
206	9.165628e-09	1.199952e+00	-7.78826e-06	1.199945e+00	
207	9.215628e-09	1.199953e+00	7.552151e-06	1.199945e+00	
208	9.265628e-09	1.199952e+00	-7.78781e-06	1.199945e+00	
209	9.315628e-09	1.199953e+00	7.551692e-06	1.199945e+00	
210	9.365628e-09	1.199952e+00	-7.78735e-06	1.199945e+00	
211	9.415628e-09	1.199953e+00	7.551232e-06	1.199945e+00	
212	9.465628e-09	1.199952e+00	-7.78689e-06	1.199945e+00	
213	9.515628e-09	1.199953e+00	7.550773e-06	1.199945e+00	
214	9.565628e-09	1.199952e+00	-7.78644e-06	1.199945e+00	
215	9.615628e-09	1.199953e+00	7.550313e-06	1.199945e+00	
216	9.665628e-09	1.199952e+00	-7.78598e-06	1.199945e+00	
217	9.715628e-09	1.199953e+00	7.549854e-06	1.199945e+00	
218	9.765628e-09	1.199952e+00	-7.78553e-06	1.199945e+00	
219	9.815628e-09	1.199953e+00	7.549394e-06	1.199945e+00	
220	9.865628e-09	1.199952e+00	-7.78507e-06	1.199945e+00	
221	9.915628e-09	1.199953e+00	7.548935e-06	1.199945e+00	
222	9.965628e-09	1.199952e+00	-7.78462e-06	1.199945e+00	
223	1.001563e-08	1.199953e+00	7.548476e-06	1.199945e+00	
224	1.006563e-08	1.199952e+00	-7.78416e-06	1.199945e+00	
225	1.011563e-08	1.199953e+00	7.548016e-06	1.199945e+00	
226	1.016563e-08	1.199952e+00	-7.78370e-06	1.199945e+00	
227	1.021563e-08	1.199953e+00	7.547557e-06	1.199945e+00	
228	1.026563e-08	1.199952e+00	-7.78325e-06	1.199945e+00	

Index   time            v(rbl)          v(sn)           v(sa_out)       
--------------------------------------------------------------------------------
229	1.031563e-08	1.199953e+00	7.547098e-06	1.199945e+00	
230	1.036563e-08	1.199952e+00	-7.78279e-06	1.199945e+00	
231	1.041563e-08	1.199953e+00	7.546639e-06	1.199945e+00	
232	1.046563e-08	1.199952e+00	-7.78234e-06	1.199945e+00	
233	1.051563e-08	1.199953e+00	7.546179e-06	1.199945e+00	
234	1.056563e-08	1.199952e+00	-7.78188e-06	1.199945e+00	
235	1.061563e-08	1.199953e+00	7.545720e-06	1.199945e+00	
236	1.066563e-08	1.199952e+00	-7.78143e-06	1.199945e+00	
237	1.071563e-08	1.199953e+00	7.545261e-06	1.199945e+00	
238	1.076563e-08	1.199952e+00	-7.78097e-06	1.199945e+00	
239	1.081563e-08	1.199953e+00	7.544802e-06	1.199945e+00	
240	1.086563e-08	1.199952e+00	-7.78052e-06	1.199945e+00	
241	1.091563e-08	1.199953e+00	7.544343e-06	1.199945e+00	
242	1.096563e-08	1.199952e+00	-7.78006e-06	1.199945e+00	
243	1.100000e-08	1.199953e+00	7.543780e-06	1.199945e+00	
244	1.100001e-08	1.199707e+00	-5.22998e-03	1.199942e+00	
245	1.100003e-08	1.199203e+00	-1.60669e-02	1.199936e+00	
246	1.100007e-08	1.198222e+00	-3.77815e-02	1.199922e+00	
247	1.100010e-08	1.197511e+00	-5.40462e-02	1.199910e+00	
248	1.100011e-08	1.197520e+00	-5.42451e-02	1.199911e+00	
249	1.100012e-08	1.197556e+00	-5.42627e-02	1.199911e+00	
250	1.100016e-08	1.197630e+00	-5.42458e-02	1.199912e+00	
251	1.100022e-08	1.197767e+00	-5.42611e-02	1.199915e+00	
252	1.100035e-08	1.198022e+00	-5.42442e-02	1.199919e+00	
253	1.100060e-08	1.198445e+00	-5.42578e-02	1.199926e+00	
254	1.100112e-08	1.199046e+00	-5.42395e-02	1.199934e+00	
255	1.100214e-08	1.199657e+00	-5.42520e-02	1.199942e+00	
256	1.100419e-08	1.199978e+00	-5.42351e-02	1.199945e+00	
257	1.100828e-08	1.199983e+00	-5.42505e-02	1.199945e+00	
258	1.101648e-08	1.199982e+00	-5.42351e-02	1.199945e+00	
259	1.103286e-08	1.199983e+00	-5.42505e-02	1.199945e+00	
260	1.106563e-08	1.199982e+00	-5.42351e-02	1.199945e+00	
261	1.111563e-08	1.199982e+00	-5.42505e-02	1.199945e+00	
262	1.116563e-08	1.199982e+00	-5.42351e-02	1.199945e+00	
263	1.121563e-08	1.199982e+00	-5.42505e-02	1.199945e+00	
264	1.126563e-08	1.199982e+00	-5.42351e-02	1.199945e+00	
265	1.131563e-08	1.199982e+00	-5.42504e-02	1.199945e+00	
266	1.136563e-08	1.199982e+00	-5.42351e-02	1.199945e+00	
267	1.141563e-08	1.199982e+00	-5.42504e-02	1.199945e+00	
268	1.146563e-08	1.199982e+00	-5.42350e-02	1.199945e+00	
269	1.151563e-08	1.199982e+00	-5.42504e-02	1.199945e+00	
270	1.156563e-08	1.199982e+00	-5.42350e-02	1.199945e+00	
271	1.161563e-08	1.199982e+00	-5.42504e-02	1.199945e+00	
272	1.166563e-08	1.199982e+00	-5.42350e-02	1.199945e+00	
273	1.171563e-08	1.199982e+00	-5.42504e-02	1.199945e+00	
274	1.176563e-08	1.199982e+00	-5.42350e-02	1.199945e+00	
275	1.181563e-08	1.199982e+00	-5.42504e-02	1.199945e+00	
276	1.186563e-08	1.199982e+00	-5.42350e-02	1.199945e+00	
277	1.191563e-08	1.199982e+00	-5.42504e-02	1.199945e+00	
278	1.196563e-08	1.199982e+00	-5.42350e-02	1.199945e+00	
279	1.201563e-08	1.199982e+00	-5.42504e-02	1.199945e+00	
280	1.206563e-08	1.199982e+00	-5.42350e-02	1.199945e+00	
281	1.211563e-08	1.199982e+00	-5.42504e-02	1.199945e+00	
282	1.216563e-08	1.199982e+00	-5.42350e-02	1.199945e+00	
283	1.221563e-08	1.199982e+00	-5.42504e-02	1.199945e+00	
284	1.226563e-08	1.199982e+00	-5.42350e-02	1.199945e+00	
285	1.231563e-08	1.199982e+00	-5.42504e-02	1.199945e+00	
286	1.236563e-08	1.199982e+00	-5.42350e-02	1.199945e+00	

Index   time            v(rbl)          v(sn)           v(sa_out)       
--------------------------------------------------------------------------------
287	1.241563e-08	1.199982e+00	-5.42504e-02	1.199945e+00	
288	1.246563e-08	1.199982e+00	-5.42350e-02	1.199945e+00	
289	1.251563e-08	1.199982e+00	-5.42504e-02	1.199945e+00	
290	1.256563e-08	1.199982e+00	-5.42350e-02	1.199945e+00	
291	1.261563e-08	1.199982e+00	-5.42504e-02	1.199945e+00	
292	1.266563e-08	1.199982e+00	-5.42350e-02	1.199945e+00	
293	1.271563e-08	1.199982e+00	-5.42504e-02	1.199945e+00	
294	1.276563e-08	1.199982e+00	-5.42350e-02	1.199945e+00	
295	1.281563e-08	1.199982e+00	-5.42504e-02	1.199945e+00	
296	1.286563e-08	1.199983e+00	-5.42350e-02	1.199945e+00	
297	1.291563e-08	1.199982e+00	-5.42504e-02	1.199945e+00	
298	1.296563e-08	1.199983e+00	-5.42350e-02	1.199945e+00	
299	1.301563e-08	1.199982e+00	-5.42504e-02	1.199945e+00	
300	1.306563e-08	1.199983e+00	-5.42350e-02	1.199945e+00	
301	1.311563e-08	1.199982e+00	-5.42504e-02	1.199945e+00	
302	1.316563e-08	1.199983e+00	-5.42350e-02	1.199945e+00	
303	1.321563e-08	1.199982e+00	-5.42503e-02	1.199945e+00	
304	1.326563e-08	1.199983e+00	-5.42350e-02	1.199945e+00	
305	1.331563e-08	1.199982e+00	-5.42503e-02	1.199945e+00	
306	1.336563e-08	1.199983e+00	-5.42350e-02	1.199945e+00	
307	1.341563e-08	1.199982e+00	-5.42503e-02	1.199945e+00	
308	1.346563e-08	1.199983e+00	-5.42350e-02	1.199945e+00	
309	1.351563e-08	1.199982e+00	-5.42503e-02	1.199945e+00	
310	1.356563e-08	1.199983e+00	-5.42350e-02	1.199945e+00	
311	1.361563e-08	1.199982e+00	-5.42503e-02	1.199945e+00	
312	1.366563e-08	1.199983e+00	-5.42349e-02	1.199945e+00	
313	1.371563e-08	1.199982e+00	-5.42503e-02	1.199945e+00	
314	1.376563e-08	1.199983e+00	-5.42349e-02	1.199945e+00	
315	1.381563e-08	1.199982e+00	-5.42503e-02	1.199945e+00	
316	1.386563e-08	1.199983e+00	-5.42349e-02	1.199945e+00	
317	1.391563e-08	1.199982e+00	-5.42503e-02	1.199945e+00	
318	1.396563e-08	1.199983e+00	-5.42349e-02	1.199945e+00	
319	1.401563e-08	1.199982e+00	-5.42503e-02	1.199945e+00	
320	1.406563e-08	1.199983e+00	-5.42349e-02	1.199945e+00	
321	1.411563e-08	1.199982e+00	-5.42503e-02	1.199945e+00	
322	1.416563e-08	1.199983e+00	-5.42349e-02	1.199945e+00	
323	1.421563e-08	1.199982e+00	-5.42503e-02	1.199945e+00	
324	1.426563e-08	1.199983e+00	-5.42349e-02	1.199945e+00	
325	1.431563e-08	1.199982e+00	-5.42503e-02	1.199945e+00	
326	1.436563e-08	1.199983e+00	-5.42349e-02	1.199945e+00	
327	1.441563e-08	1.199982e+00	-5.42503e-02	1.199945e+00	
328	1.446563e-08	1.199983e+00	-5.42349e-02	1.199945e+00	
329	1.451563e-08	1.199982e+00	-5.42503e-02	1.199945e+00	
330	1.456563e-08	1.199983e+00	-5.42349e-02	1.199945e+00	
331	1.461563e-08	1.199982e+00	-5.42503e-02	1.199945e+00	
332	1.466563e-08	1.199983e+00	-5.42349e-02	1.199945e+00	
333	1.471563e-08	1.199982e+00	-5.42503e-02	1.199945e+00	
334	1.476563e-08	1.199983e+00	-5.42349e-02	1.199945e+00	
335	1.481563e-08	1.199982e+00	-5.42503e-02	1.199945e+00	
336	1.486563e-08	1.199983e+00	-5.42349e-02	1.199945e+00	
337	1.491563e-08	1.199982e+00	-5.42503e-02	1.199945e+00	
338	1.496563e-08	1.199983e+00	-5.42349e-02	1.199945e+00	
339	1.500000e-08	1.199982e+00	-5.42503e-02	1.199945e+00	
340	1.500001e-08	1.200089e+00	-5.19686e-02	1.199946e+00	
341	1.500003e-08	1.200308e+00	-4.72562e-02	1.199949e+00	
342	1.500007e-08	1.200735e+00	-3.78150e-02	1.199953e+00	
343	1.500010e-08	1.201044e+00	-3.07431e-02	1.199956e+00	
344	1.500011e-08	1.201040e+00	-3.06567e-02	1.199956e+00	

Index   time            v(rbl)          v(sn)           v(sa_out)       
--------------------------------------------------------------------------------
345	1.500012e-08	1.201024e+00	-3.06491e-02	1.199956e+00	
346	1.500016e-08	1.200993e+00	-3.06564e-02	1.199955e+00	
347	1.500022e-08	1.200933e+00	-3.06498e-02	1.199955e+00	
348	1.500035e-08	1.200823e+00	-3.06571e-02	1.199954e+00	
349	1.500060e-08	1.200639e+00	-3.06512e-02	1.199952e+00	
350	1.500112e-08	1.200378e+00	-3.06591e-02	1.199949e+00	
351	1.500214e-08	1.200113e+00	-3.06537e-02	1.199947e+00	
352	1.500419e-08	1.199974e+00	-3.06610e-02	1.199945e+00	
353	1.500828e-08	1.199972e+00	-3.06544e-02	1.199945e+00	
354	1.501648e-08	1.199972e+00	-3.06611e-02	1.199945e+00	
355	1.503286e-08	1.199972e+00	-3.06544e-02	1.199945e+00	
356	1.506563e-08	1.199972e+00	-3.06611e-02	1.199945e+00	
357	1.511563e-08	1.199972e+00	-3.06544e-02	1.199945e+00	
358	1.516563e-08	1.199972e+00	-3.06610e-02	1.199945e+00	
359	1.521563e-08	1.199972e+00	-3.06544e-02	1.199945e+00	
360	1.526563e-08	1.199972e+00	-3.06610e-02	1.199945e+00	
361	1.531563e-08	1.199972e+00	-3.06544e-02	1.199945e+00	
362	1.536563e-08	1.199972e+00	-3.06610e-02	1.199945e+00	
363	1.541563e-08	1.199972e+00	-3.06544e-02	1.199945e+00	
364	1.546563e-08	1.199972e+00	-3.06610e-02	1.199945e+00	
365	1.551563e-08	1.199972e+00	-3.06544e-02	1.199945e+00	
366	1.556563e-08	1.199972e+00	-3.06610e-02	1.199945e+00	
367	1.561563e-08	1.199972e+00	-3.06544e-02	1.199945e+00	
368	1.566563e-08	1.199972e+00	-3.06610e-02	1.199945e+00	
369	1.571563e-08	1.199972e+00	-3.06544e-02	1.199945e+00	
370	1.576563e-08	1.199972e+00	-3.06610e-02	1.199945e+00	
371	1.581563e-08	1.199972e+00	-3.06544e-02	1.199945e+00	
372	1.586563e-08	1.199972e+00	-3.06610e-02	1.199945e+00	
373	1.591563e-08	1.199972e+00	-3.06543e-02	1.199945e+00	
374	1.596563e-08	1.199972e+00	-3.06610e-02	1.199945e+00	
375	1.601563e-08	1.199972e+00	-3.06543e-02	1.199945e+00	
376	1.606563e-08	1.199972e+00	-3.06610e-02	1.199945e+00	
377	1.611563e-08	1.199972e+00	-3.06543e-02	1.199945e+00	
378	1.616563e-08	1.199972e+00	-3.06610e-02	1.199945e+00	
379	1.621563e-08	1.199972e+00	-3.06543e-02	1.199945e+00	
380	1.626563e-08	1.199972e+00	-3.06610e-02	1.199945e+00	
381	1.631563e-08	1.199972e+00	-3.06543e-02	1.199945e+00	
382	1.636563e-08	1.199972e+00	-3.06610e-02	1.199945e+00	
383	1.641563e-08	1.199972e+00	-3.06543e-02	1.199945e+00	
384	1.646563e-08	1.199972e+00	-3.06610e-02	1.199945e+00	
385	1.651563e-08	1.199972e+00	-3.06543e-02	1.199945e+00	
386	1.656563e-08	1.199972e+00	-3.06610e-02	1.199945e+00	
387	1.661563e-08	1.199972e+00	-3.06543e-02	1.199945e+00	
388	1.666563e-08	1.199972e+00	-3.06610e-02	1.199945e+00	
389	1.671563e-08	1.199972e+00	-3.06543e-02	1.199945e+00	
390	1.676563e-08	1.199972e+00	-3.06610e-02	1.199945e+00	
391	1.681563e-08	1.199972e+00	-3.06543e-02	1.199945e+00	
392	1.686563e-08	1.199972e+00	-3.06610e-02	1.199945e+00	
393	1.691563e-08	1.199972e+00	-3.06543e-02	1.199945e+00	
394	1.696563e-08	1.199972e+00	-3.06610e-02	1.199945e+00	
395	1.701563e-08	1.199972e+00	-3.06543e-02	1.199945e+00	
396	1.706563e-08	1.199972e+00	-3.06610e-02	1.199945e+00	
397	1.711563e-08	1.199972e+00	-3.06543e-02	1.199945e+00	
398	1.716563e-08	1.199972e+00	-3.06610e-02	1.199945e+00	
399	1.721563e-08	1.199972e+00	-3.06543e-02	1.199945e+00	
400	1.726563e-08	1.199972e+00	-3.06610e-02	1.199945e+00	
401	1.731563e-08	1.199972e+00	-3.06543e-02	1.199945e+00	
402	1.736563e-08	1.199972e+00	-3.06610e-02	1.199945e+00	

Index   time            v(rbl)          v(sn)           v(sa_out)       
--------------------------------------------------------------------------------
403	1.741563e-08	1.199972e+00	-3.06543e-02	1.199945e+00	
404	1.746563e-08	1.199972e+00	-3.06610e-02	1.199945e+00	
405	1.751563e-08	1.199972e+00	-3.06543e-02	1.199945e+00	
406	1.756563e-08	1.199972e+00	-3.06610e-02	1.199945e+00	
407	1.761563e-08	1.199972e+00	-3.06543e-02	1.199945e+00	
408	1.766563e-08	1.199972e+00	-3.06610e-02	1.199945e+00	
409	1.771563e-08	1.199972e+00	-3.06543e-02	1.199945e+00	
410	1.776563e-08	1.199972e+00	-3.06610e-02	1.199945e+00	
411	1.781563e-08	1.199972e+00	-3.06543e-02	1.199945e+00	
412	1.786563e-08	1.199972e+00	-3.06610e-02	1.199945e+00	
413	1.791563e-08	1.199972e+00	-3.06543e-02	1.199945e+00	
414	1.796563e-08	1.199972e+00	-3.06610e-02	1.199945e+00	
415	1.801563e-08	1.199972e+00	-3.06543e-02	1.199945e+00	
416	1.806563e-08	1.199972e+00	-3.06610e-02	1.199945e+00	
417	1.811563e-08	1.199972e+00	-3.06543e-02	1.199945e+00	
418	1.816563e-08	1.199972e+00	-3.06610e-02	1.199945e+00	
419	1.821563e-08	1.199972e+00	-3.06543e-02	1.199945e+00	
420	1.826563e-08	1.199972e+00	-3.06610e-02	1.199945e+00	
421	1.831563e-08	1.199972e+00	-3.06543e-02	1.199945e+00	
422	1.836563e-08	1.199972e+00	-3.06610e-02	1.199945e+00	
423	1.841563e-08	1.199972e+00	-3.06543e-02	1.199945e+00	
424	1.846563e-08	1.199972e+00	-3.06610e-02	1.199945e+00	
425	1.851563e-08	1.199972e+00	-3.06543e-02	1.199945e+00	
426	1.856563e-08	1.199972e+00	-3.06610e-02	1.199945e+00	
427	1.861563e-08	1.199972e+00	-3.06543e-02	1.199945e+00	
428	1.866563e-08	1.199972e+00	-3.06610e-02	1.199945e+00	
429	1.871563e-08	1.199972e+00	-3.06543e-02	1.199945e+00	
430	1.876563e-08	1.199972e+00	-3.06609e-02	1.199945e+00	
431	1.881563e-08	1.199972e+00	-3.06543e-02	1.199945e+00	
432	1.886563e-08	1.199972e+00	-3.06609e-02	1.199945e+00	
433	1.891563e-08	1.199972e+00	-3.06543e-02	1.199945e+00	
434	1.896563e-08	1.199972e+00	-3.06609e-02	1.199945e+00	
435	1.901563e-08	1.199972e+00	-3.06543e-02	1.199945e+00	
436	1.906563e-08	1.199972e+00	-3.06609e-02	1.199945e+00	
437	1.911563e-08	1.199972e+00	-3.06543e-02	1.199945e+00	
438	1.916563e-08	1.199972e+00	-3.06609e-02	1.199945e+00	
439	1.921563e-08	1.199972e+00	-3.06543e-02	1.199945e+00	
440	1.926563e-08	1.199972e+00	-3.06609e-02	1.199945e+00	
441	1.931563e-08	1.199972e+00	-3.06543e-02	1.199945e+00	
442	1.936563e-08	1.199972e+00	-3.06609e-02	1.199945e+00	
443	1.941563e-08	1.199972e+00	-3.06543e-02	1.199945e+00	
444	1.946563e-08	1.199972e+00	-3.06609e-02	1.199945e+00	
445	1.951563e-08	1.199972e+00	-3.06543e-02	1.199945e+00	
446	1.956563e-08	1.199972e+00	-3.06609e-02	1.199945e+00	
447	1.961563e-08	1.199972e+00	-3.06543e-02	1.199945e+00	
448	1.966563e-08	1.199972e+00	-3.06609e-02	1.199945e+00	
449	1.971563e-08	1.199972e+00	-3.06543e-02	1.199945e+00	
450	1.976563e-08	1.199972e+00	-3.06609e-02	1.199945e+00	
451	1.981563e-08	1.199972e+00	-3.06543e-02	1.199945e+00	
452	1.986563e-08	1.199972e+00	-3.06609e-02	1.199945e+00	
453	1.991563e-08	1.199972e+00	-3.06543e-02	1.199945e+00	
454	1.996563e-08	1.199972e+00	-3.06609e-02	1.199945e+00	
455	2.000000e-08	1.199972e+00	-3.06542e-02	1.199945e+00	
456	2.000001e-08	1.199865e+00	-3.29317e-02	1.199944e+00	
457	2.000003e-08	1.199646e+00	-3.76438e-02	1.199942e+00	
458	2.000007e-08	1.199219e+00	-4.70853e-02	1.199936e+00	
459	2.000010e-08	1.198910e+00	-5.41570e-02	1.199932e+00	
460	2.000011e-08	1.198914e+00	-5.42434e-02	1.199932e+00	

Index   time            v(rbl)          v(sn)           v(sa_out)       
--------------------------------------------------------------------------------
461	2.000012e-08	1.198930e+00	-5.42511e-02	1.199933e+00	
462	2.000016e-08	1.198962e+00	-5.42437e-02	1.199933e+00	
463	2.000022e-08	1.199021e+00	-5.42504e-02	1.199934e+00	
464	2.000035e-08	1.199132e+00	-5.42431e-02	1.199935e+00	
465	2.000060e-08	1.199315e+00	-5.42489e-02	1.199938e+00	
466	2.000112e-08	1.199576e+00	-5.42410e-02	1.199941e+00	
467	2.000214e-08	1.199841e+00	-5.42465e-02	1.199944e+00	
468	2.000419e-08	1.199980e+00	-5.42391e-02	1.199945e+00	
469	2.000828e-08	1.199983e+00	-5.42458e-02	1.199945e+00	
470	2.001648e-08	1.199982e+00	-5.42391e-02	1.199945e+00	
471	2.003286e-08	1.199982e+00	-5.42458e-02	1.199945e+00	
472	2.006563e-08	1.199982e+00	-5.42391e-02	1.199945e+00	
473	2.011563e-08	1.199982e+00	-5.42458e-02	1.199945e+00	
474	2.016563e-08	1.199982e+00	-5.42391e-02	1.199945e+00	
475	2.021563e-08	1.199982e+00	-5.42458e-02	1.199945e+00	
476	2.026563e-08	1.199982e+00	-5.42391e-02	1.199945e+00	
477	2.031563e-08	1.199982e+00	-5.42458e-02	1.199945e+00	
478	2.036563e-08	1.199982e+00	-5.42391e-02	1.199945e+00	
479	2.041563e-08	1.199982e+00	-5.42458e-02	1.199945e+00	
480	2.046563e-08	1.199982e+00	-5.42391e-02	1.199945e+00	
481	2.051563e-08	1.199982e+00	-5.42458e-02	1.199945e+00	
482	2.056563e-08	1.199982e+00	-5.42391e-02	1.199945e+00	
483	2.061563e-08	1.199982e+00	-5.42458e-02	1.199945e+00	
484	2.066563e-08	1.199982e+00	-5.42391e-02	1.199945e+00	
485	2.071563e-08	1.199982e+00	-5.42457e-02	1.199945e+00	
486	2.076563e-08	1.199982e+00	-5.42391e-02	1.199945e+00	
487	2.081563e-08	1.199982e+00	-5.42457e-02	1.199945e+00	
488	2.086563e-08	1.199982e+00	-5.42391e-02	1.199945e+00	
489	2.091563e-08	1.199982e+00	-5.42457e-02	1.199945e+00	
490	2.096563e-08	1.199982e+00	-5.42390e-02	1.199945e+00	
491	2.101563e-08	1.199982e+00	-5.42457e-02	1.199945e+00	
492	2.106563e-08	1.199982e+00	-5.42390e-02	1.199945e+00	
493	2.111563e-08	1.199982e+00	-5.42457e-02	1.199945e+00	
494	2.116563e-08	1.199982e+00	-5.42390e-02	1.199945e+00	
495	2.121563e-08	1.199982e+00	-5.42457e-02	1.199945e+00	
496	2.126563e-08	1.199982e+00	-5.42390e-02	1.199945e+00	
497	2.131563e-08	1.199982e+00	-5.42457e-02	1.199945e+00	
498	2.136563e-08	1.199982e+00	-5.42390e-02	1.199945e+00	
499	2.141563e-08	1.199982e+00	-5.42457e-02	1.199945e+00	
500	2.146563e-08	1.199982e+00	-5.42390e-02	1.199945e+00	
501	2.151563e-08	1.199982e+00	-5.42457e-02	1.199945e+00	
502	2.156563e-08	1.199982e+00	-5.42390e-02	1.199945e+00	
503	2.161563e-08	1.199982e+00	-5.42457e-02	1.199945e+00	
504	2.166563e-08	1.199982e+00	-5.42390e-02	1.199945e+00	
505	2.171563e-08	1.199982e+00	-5.42457e-02	1.199945e+00	
506	2.176563e-08	1.199982e+00	-5.42390e-02	1.199945e+00	
507	2.181563e-08	1.199982e+00	-5.42457e-02	1.199945e+00	
508	2.186563e-08	1.199982e+00	-5.42390e-02	1.199945e+00	
509	2.191563e-08	1.199982e+00	-5.42457e-02	1.199945e+00	
510	2.196563e-08	1.199982e+00	-5.42390e-02	1.199945e+00	
511	2.201563e-08	1.199982e+00	-5.42457e-02	1.199945e+00	
512	2.206563e-08	1.199982e+00	-5.42390e-02	1.199945e+00	
513	2.211563e-08	1.199982e+00	-5.42457e-02	1.199945e+00	
514	2.216563e-08	1.199982e+00	-5.42390e-02	1.199945e+00	
515	2.221563e-08	1.199982e+00	-5.42457e-02	1.199945e+00	
516	2.226563e-08	1.199982e+00	-5.42390e-02	1.199945e+00	
517	2.231563e-08	1.199982e+00	-5.42457e-02	1.199945e+00	
518	2.236563e-08	1.199982e+00	-5.42390e-02	1.199945e+00	

Index   time            v(rbl)          v(sn)           v(sa_out)       
--------------------------------------------------------------------------------
519	2.241563e-08	1.199982e+00	-5.42457e-02	1.199945e+00	
520	2.246563e-08	1.199982e+00	-5.42390e-02	1.199945e+00	
521	2.251563e-08	1.199982e+00	-5.42457e-02	1.199945e+00	
522	2.256563e-08	1.199982e+00	-5.42390e-02	1.199945e+00	
523	2.261563e-08	1.199982e+00	-5.42457e-02	1.199945e+00	
524	2.266563e-08	1.199982e+00	-5.42390e-02	1.199945e+00	
525	2.271563e-08	1.199982e+00	-5.42456e-02	1.199945e+00	
526	2.276563e-08	1.199982e+00	-5.42390e-02	1.199945e+00	
527	2.281563e-08	1.199982e+00	-5.42456e-02	1.199945e+00	
528	2.286563e-08	1.199982e+00	-5.42390e-02	1.199945e+00	
529	2.291563e-08	1.199982e+00	-5.42456e-02	1.199945e+00	
530	2.296563e-08	1.199982e+00	-5.42390e-02	1.199945e+00	
531	2.301563e-08	1.199982e+00	-5.42456e-02	1.199945e+00	
532	2.306563e-08	1.199982e+00	-5.42389e-02	1.199945e+00	
533	2.311563e-08	1.199982e+00	-5.42456e-02	1.199945e+00	
534	2.316563e-08	1.199982e+00	-5.42389e-02	1.199945e+00	
535	2.321563e-08	1.199982e+00	-5.42456e-02	1.199945e+00	
536	2.326563e-08	1.199982e+00	-5.42389e-02	1.199945e+00	
537	2.331563e-08	1.199982e+00	-5.42456e-02	1.199945e+00	
538	2.336563e-08	1.199982e+00	-5.42389e-02	1.199945e+00	
539	2.341563e-08	1.199982e+00	-5.42456e-02	1.199945e+00	
540	2.346563e-08	1.199982e+00	-5.42389e-02	1.199945e+00	
541	2.351563e-08	1.199982e+00	-5.42456e-02	1.199945e+00	
542	2.356563e-08	1.199982e+00	-5.42389e-02	1.199945e+00	
543	2.361563e-08	1.199982e+00	-5.42456e-02	1.199945e+00	
544	2.366563e-08	1.199982e+00	-5.42389e-02	1.199945e+00	
545	2.371563e-08	1.199982e+00	-5.42456e-02	1.199945e+00	
546	2.376563e-08	1.199982e+00	-5.42389e-02	1.199945e+00	
547	2.381563e-08	1.199982e+00	-5.42456e-02	1.199945e+00	
548	2.386563e-08	1.199982e+00	-5.42389e-02	1.199945e+00	
549	2.391563e-08	1.199982e+00	-5.42456e-02	1.199945e+00	
550	2.396563e-08	1.199982e+00	-5.42389e-02	1.199945e+00	
551	2.401563e-08	1.199982e+00	-5.42456e-02	1.199945e+00	
552	2.406563e-08	1.199982e+00	-5.42389e-02	1.199945e+00	
553	2.411563e-08	1.199982e+00	-5.42456e-02	1.199945e+00	
554	2.416563e-08	1.199982e+00	-5.42389e-02	1.199945e+00	
555	2.421563e-08	1.199982e+00	-5.42456e-02	1.199945e+00	
556	2.426563e-08	1.199982e+00	-5.42389e-02	1.199945e+00	
557	2.431563e-08	1.199982e+00	-5.42456e-02	1.199945e+00	
558	2.436563e-08	1.199982e+00	-5.42389e-02	1.199945e+00	
559	2.441563e-08	1.199982e+00	-5.42456e-02	1.199945e+00	
560	2.446563e-08	1.199982e+00	-5.42389e-02	1.199945e+00	
561	2.451563e-08	1.199982e+00	-5.42456e-02	1.199945e+00	
562	2.456563e-08	1.199982e+00	-5.42389e-02	1.199945e+00	
563	2.461563e-08	1.199982e+00	-5.42456e-02	1.199945e+00	
564	2.466563e-08	1.199982e+00	-5.42389e-02	1.199945e+00	
565	2.471563e-08	1.199982e+00	-5.42455e-02	1.199945e+00	
566	2.476563e-08	1.199982e+00	-5.42389e-02	1.199945e+00	
567	2.481563e-08	1.199982e+00	-5.42455e-02	1.199945e+00	
568	2.486563e-08	1.199982e+00	-5.42389e-02	1.199945e+00	
569	2.491563e-08	1.199982e+00	-5.42455e-02	1.199945e+00	
570	2.496563e-08	1.199982e+00	-5.42389e-02	1.199945e+00	
571	2.501563e-08	1.199982e+00	-5.42455e-02	1.199945e+00	
572	2.506563e-08	1.199982e+00	-5.42389e-02	1.199945e+00	
573	2.511563e-08	1.199982e+00	-5.42455e-02	1.199945e+00	
574	2.516563e-08	1.199982e+00	-5.42389e-02	1.199945e+00	
575	2.521563e-08	1.199982e+00	-5.42455e-02	1.199945e+00	
576	2.526563e-08	1.199982e+00	-5.42388e-02	1.199945e+00	

Index   time            v(rbl)          v(sn)           v(sa_out)       
--------------------------------------------------------------------------------
577	2.531563e-08	1.199982e+00	-5.42455e-02	1.199945e+00	
578	2.536563e-08	1.199982e+00	-5.42388e-02	1.199945e+00	
579	2.541563e-08	1.199982e+00	-5.42455e-02	1.199945e+00	
580	2.546563e-08	1.199982e+00	-5.42388e-02	1.199945e+00	
581	2.551563e-08	1.199982e+00	-5.42455e-02	1.199945e+00	
582	2.556563e-08	1.199982e+00	-5.42388e-02	1.199945e+00	
583	2.561563e-08	1.199982e+00	-5.42455e-02	1.199945e+00	
584	2.566563e-08	1.199982e+00	-5.42388e-02	1.199945e+00	
585	2.571563e-08	1.199982e+00	-5.42455e-02	1.199945e+00	
586	2.576563e-08	1.199982e+00	-5.42388e-02	1.199945e+00	
587	2.581563e-08	1.199982e+00	-5.42455e-02	1.199945e+00	
588	2.586563e-08	1.199982e+00	-5.42388e-02	1.199945e+00	
589	2.591563e-08	1.199982e+00	-5.42455e-02	1.199945e+00	
590	2.596563e-08	1.199982e+00	-5.42388e-02	1.199945e+00	
591	2.601563e-08	1.199982e+00	-5.42455e-02	1.199945e+00	
592	2.606563e-08	1.199982e+00	-5.42388e-02	1.199945e+00	
593	2.611563e-08	1.199982e+00	-5.42455e-02	1.199945e+00	
594	2.616563e-08	1.199982e+00	-5.42388e-02	1.199945e+00	
595	2.621563e-08	1.199982e+00	-5.42455e-02	1.199945e+00	
596	2.626563e-08	1.199982e+00	-5.42388e-02	1.199945e+00	
597	2.631563e-08	1.199982e+00	-5.42455e-02	1.199945e+00	
598	2.636563e-08	1.199982e+00	-5.42388e-02	1.199945e+00	
599	2.641563e-08	1.199982e+00	-5.42455e-02	1.199945e+00	
600	2.646563e-08	1.199982e+00	-5.42388e-02	1.199945e+00	
601	2.651563e-08	1.199982e+00	-5.42455e-02	1.199945e+00	
602	2.656563e-08	1.199982e+00	-5.42388e-02	1.199945e+00	
603	2.661563e-08	1.199982e+00	-5.42455e-02	1.199945e+00	
604	2.666563e-08	1.199982e+00	-5.42388e-02	1.199945e+00	
605	2.671563e-08	1.199982e+00	-5.42454e-02	1.199945e+00	
606	2.676563e-08	1.199982e+00	-5.42388e-02	1.199945e+00	
607	2.681563e-08	1.199982e+00	-5.42454e-02	1.199945e+00	
608	2.686563e-08	1.199982e+00	-5.42388e-02	1.199945e+00	
609	2.691563e-08	1.199982e+00	-5.42454e-02	1.199945e+00	
610	2.696563e-08	1.199982e+00	-5.42388e-02	1.199945e+00	
611	2.701563e-08	1.199982e+00	-5.42454e-02	1.199945e+00	
612	2.706563e-08	1.199982e+00	-5.42388e-02	1.199945e+00	
613	2.711563e-08	1.199982e+00	-5.42454e-02	1.199945e+00	
614	2.716563e-08	1.199982e+00	-5.42388e-02	1.199945e+00	
615	2.721563e-08	1.199982e+00	-5.42454e-02	1.199945e+00	
616	2.726563e-08	1.199982e+00	-5.42388e-02	1.199945e+00	
617	2.731563e-08	1.199982e+00	-5.42454e-02	1.199945e+00	
618	2.736563e-08	1.199982e+00	-5.42387e-02	1.199945e+00	
619	2.741563e-08	1.199982e+00	-5.42454e-02	1.199945e+00	
620	2.746563e-08	1.199982e+00	-5.42387e-02	1.199945e+00	
621	2.751563e-08	1.199982e+00	-5.42454e-02	1.199945e+00	
622	2.756563e-08	1.199982e+00	-5.42387e-02	1.199945e+00	
623	2.761563e-08	1.199982e+00	-5.42454e-02	1.199945e+00	
624	2.766563e-08	1.199982e+00	-5.42387e-02	1.199945e+00	
625	2.771563e-08	1.199982e+00	-5.42454e-02	1.199945e+00	
626	2.776563e-08	1.199982e+00	-5.42387e-02	1.199945e+00	
627	2.781563e-08	1.199982e+00	-5.42454e-02	1.199945e+00	
628	2.786563e-08	1.199982e+00	-5.42387e-02	1.199945e+00	
629	2.791563e-08	1.199982e+00	-5.42454e-02	1.199945e+00	
630	2.796563e-08	1.199982e+00	-5.42387e-02	1.199945e+00	
631	2.801563e-08	1.199982e+00	-5.42454e-02	1.199945e+00	
632	2.806563e-08	1.199982e+00	-5.42387e-02	1.199945e+00	
633	2.811563e-08	1.199982e+00	-5.42454e-02	1.199945e+00	
634	2.816563e-08	1.199982e+00	-5.42387e-02	1.199945e+00	

Index   time            v(rbl)          v(sn)           v(sa_out)       
--------------------------------------------------------------------------------
635	2.821563e-08	1.199982e+00	-5.42454e-02	1.199945e+00	
636	2.826563e-08	1.199982e+00	-5.42387e-02	1.199945e+00	
637	2.831563e-08	1.199982e+00	-5.42454e-02	1.199945e+00	
638	2.836563e-08	1.199982e+00	-5.42387e-02	1.199945e+00	
639	2.841563e-08	1.199982e+00	-5.42454e-02	1.199945e+00	
640	2.846563e-08	1.199982e+00	-5.42387e-02	1.199945e+00	
641	2.851563e-08	1.199982e+00	-5.42454e-02	1.199945e+00	
642	2.856563e-08	1.199982e+00	-5.42387e-02	1.199945e+00	
643	2.861563e-08	1.199982e+00	-5.42454e-02	1.199945e+00	
644	2.866563e-08	1.199982e+00	-5.42387e-02	1.199945e+00	
645	2.871563e-08	1.199982e+00	-5.42453e-02	1.199945e+00	
646	2.876563e-08	1.199982e+00	-5.42387e-02	1.199945e+00	
647	2.881563e-08	1.199982e+00	-5.42453e-02	1.199945e+00	
648	2.886563e-08	1.199982e+00	-5.42387e-02	1.199945e+00	
649	2.891563e-08	1.199982e+00	-5.42453e-02	1.199945e+00	
650	2.896563e-08	1.199982e+00	-5.42387e-02	1.199945e+00	
651	2.901563e-08	1.199982e+00	-5.42453e-02	1.199945e+00	
652	2.906563e-08	1.199982e+00	-5.42387e-02	1.199945e+00	
653	2.911563e-08	1.199982e+00	-5.42453e-02	1.199945e+00	
654	2.916563e-08	1.199982e+00	-5.42387e-02	1.199945e+00	
655	2.921563e-08	1.199982e+00	-5.42453e-02	1.199945e+00	
656	2.926563e-08	1.199982e+00	-5.42387e-02	1.199945e+00	
657	2.931563e-08	1.199982e+00	-5.42453e-02	1.199945e+00	
658	2.936563e-08	1.199982e+00	-5.42387e-02	1.199945e+00	
659	2.941563e-08	1.199982e+00	-5.42453e-02	1.199945e+00	
660	2.946563e-08	1.199982e+00	-5.42387e-02	1.199945e+00	
661	2.951563e-08	1.199982e+00	-5.42453e-02	1.199945e+00	
662	2.956563e-08	1.199982e+00	-5.42386e-02	1.199945e+00	
663	2.961563e-08	1.199982e+00	-5.42453e-02	1.199945e+00	
664	2.966563e-08	1.199982e+00	-5.42386e-02	1.199945e+00	
665	2.971563e-08	1.199982e+00	-5.42453e-02	1.199945e+00	
666	2.976563e-08	1.199982e+00	-5.42386e-02	1.199945e+00	
667	2.981563e-08	1.199982e+00	-5.42453e-02	1.199945e+00	
668	2.986563e-08	1.199982e+00	-5.42386e-02	1.199945e+00	
669	2.991563e-08	1.199982e+00	-5.42453e-02	1.199945e+00	
670	2.996563e-08	1.199982e+00	-5.42386e-02	1.199945e+00	
671	3.000000e-08	1.199982e+00	-5.42453e-02	1.199945e+00	

********************************************************************************
Transient Analysis  Tue Aug 18 15:49:49  2026
--------------------------------------------------------------------------------
Index   time            v(vdd)          v_wwl#branch    v_wbl#branch    
--------------------------------------------------------------------------------
0	0.000000e+00	1.200000e+00	0.000000e+00	2.723390e-15	
1	5.000000e-13	1.200000e+00	-5.55112e-17	2.723390e-15	
2	1.000000e-12	1.200000e+00	-5.55112e-17	2.723390e-15	
3	2.000000e-12	1.200000e+00	-5.55112e-17	2.723390e-15	
4	4.000000e-12	1.200000e+00	0.000000e+00	2.723390e-15	
5	8.000000e-12	1.200000e+00	0.000000e+00	2.723390e-15	
6	1.600000e-11	1.200000e+00	0.000000e+00	2.723390e-15	
7	3.200000e-11	1.200000e+00	-5.55112e-17	2.723390e-15	
8	6.400000e-11	1.200000e+00	0.000000e+00	2.723390e-15	
9	1.140000e-10	1.200000e+00	0.000000e+00	2.723390e-15	
10	1.640000e-10	1.200000e+00	0.000000e+00	2.723390e-15	
11	2.140000e-10	1.200000e+00	0.000000e+00	2.723390e-15	
12	2.640000e-10	1.200000e+00	0.000000e+00	2.723390e-15	
13	3.140000e-10	1.200000e+00	0.000000e+00	2.723390e-15	
14	3.640000e-10	1.200000e+00	0.000000e+00	2.723390e-15	
15	4.140000e-10	1.200000e+00	0.000000e+00	2.723390e-15	
16	4.640000e-10	1.200000e+00	0.000000e+00	2.723390e-15	
17	5.140000e-10	1.200000e+00	0.000000e+00	2.723390e-15	
18	5.640000e-10	1.200000e+00	0.000000e+00	2.723390e-15	
19	6.140000e-10	1.200000e+00	0.000000e+00	2.723390e-15	
20	6.640000e-10	1.200000e+00	0.000000e+00	2.723390e-15	
21	7.140000e-10	1.200000e+00	0.000000e+00	2.723390e-15	
22	7.640000e-10	1.200000e+00	0.000000e+00	2.723390e-15	
23	8.140000e-10	1.200000e+00	0.000000e+00	2.723390e-15	
24	8.640000e-10	1.200000e+00	0.000000e+00	2.723390e-15	
25	9.140000e-10	1.200000e+00	0.000000e+00	2.723390e-15	
26	9.640000e-10	1.200000e+00	0.000000e+00	2.723390e-15	
27	1.000000e-09	1.200000e+00	0.000000e+00	2.723390e-15	
28	1.000010e-09	1.200000e+00	-2.76916e-03	2.561292e-06	
29	1.000030e-09	1.200000e+00	-2.96921e-03	2.851344e-06	
30	1.000070e-09	1.200000e+00	-2.78021e-03	2.683530e-06	
31	1.000100e-09	1.200000e+00	-2.96117e-03	3.685398e-06	
32	1.000108e-09	1.200000e+00	-1.32522e-04	1.068741e-06	
33	1.000124e-09	1.200000e+00	1.206214e-04	7.039233e-07	
34	1.000156e-09	1.200000e+00	-1.15142e-04	1.038024e-06	
35	1.000220e-09	1.200000e+00	1.124344e-04	7.166886e-07	
36	1.000348e-09	1.200000e+00	-1.11167e-04	1.028455e-06	
37	1.000604e-09	1.200000e+00	1.104765e-04	7.146116e-07	
38	1.001116e-09	1.200000e+00	-1.10195e-04	1.015990e-06	
39	1.002140e-09	1.200000e+00	1.099929e-04	6.940955e-07	
40	1.004188e-09	1.200000e+00	-1.09952e-04	9.738533e-07	
41	1.008284e-09	1.200000e+00	1.098741e-04	6.143150e-07	
42	1.016476e-09	1.200000e+00	-1.09888e-04	8.262948e-07	
43	1.032860e-09	1.200000e+00	1.098500e-04	3.620300e-07	
44	1.065628e-09	1.200000e+00	-1.09864e-04	4.539785e-07	
45	1.115628e-09	1.200000e+00	1.098508e-04	-2.62106e-08	
46	1.165628e-09	1.200000e+00	-1.09852e-04	2.082949e-07	
47	1.215628e-09	1.200000e+00	1.098467e-04	-1.30845e-07	
48	1.265628e-09	1.200000e+00	-1.09844e-04	1.637934e-07	
49	1.315628e-09	1.200000e+00	1.098406e-04	-1.49801e-07	
50	1.365628e-09	1.200000e+00	-1.09837e-04	1.557593e-07	
51	1.415628e-09	1.200000e+00	1.098341e-04	-1.53222e-07	
52	1.465628e-09	1.200000e+00	-1.09831e-04	1.542961e-07	
53	1.515628e-09	1.200000e+00	1.098275e-04	-1.53832e-07	
54	1.565628e-09	1.200000e+00	-1.09824e-04	1.540219e-07	

Index   time            v(vdd)          v_wwl#branch    v_wbl#branch    
--------------------------------------------------------------------------------
55	1.615628e-09	1.200000e+00	1.098209e-04	-1.53933e-07	
56	1.665628e-09	1.200000e+00	-1.09818e-04	1.539630e-07	
57	1.715628e-09	1.200000e+00	1.098144e-04	-1.53942e-07	
58	1.765628e-09	1.200000e+00	-1.09811e-04	1.539431e-07	
59	1.815628e-09	1.200000e+00	1.098078e-04	-1.53935e-07	
60	1.865628e-09	1.200000e+00	-1.09804e-04	1.539302e-07	
61	1.915628e-09	1.200000e+00	1.098012e-04	-1.53924e-07	
62	1.965628e-09	1.200000e+00	-1.09798e-04	1.539185e-07	
63	2.015628e-09	1.200000e+00	1.097946e-04	-1.53913e-07	
64	2.065628e-09	1.200000e+00	-1.09791e-04	1.539071e-07	
65	2.115628e-09	1.200000e+00	1.097880e-04	-1.53901e-07	
66	2.165628e-09	1.200000e+00	-1.09785e-04	1.538958e-07	
67	2.215628e-09	1.200000e+00	1.097814e-04	-1.53890e-07	
68	2.265628e-09	1.200000e+00	-1.09778e-04	1.538844e-07	
69	2.315628e-09	1.200000e+00	1.097749e-04	-1.53879e-07	
70	2.365628e-09	1.200000e+00	-1.09772e-04	1.538731e-07	
71	2.415628e-09	1.200000e+00	1.097683e-04	-1.53867e-07	
72	2.465628e-09	1.200000e+00	-1.09765e-04	1.538617e-07	
73	2.515628e-09	1.200000e+00	1.097617e-04	-1.53856e-07	
74	2.565628e-09	1.200000e+00	-1.09758e-04	1.538504e-07	
75	2.615628e-09	1.200000e+00	1.097551e-04	-1.53845e-07	
76	2.665628e-09	1.200000e+00	-1.09752e-04	1.538390e-07	
77	2.715628e-09	1.200000e+00	1.097485e-04	-1.53833e-07	
78	2.765628e-09	1.200000e+00	-1.09745e-04	1.538277e-07	
79	2.815628e-09	1.200000e+00	1.097419e-04	-1.53822e-07	
80	2.865628e-09	1.200000e+00	-1.09739e-04	1.538163e-07	
81	2.915628e-09	1.200000e+00	1.097354e-04	-1.53811e-07	
82	2.965628e-09	1.200000e+00	-1.09732e-04	1.538050e-07	
83	3.015628e-09	1.200000e+00	1.097288e-04	-1.53799e-07	
84	3.065628e-09	1.200000e+00	-1.09725e-04	1.537936e-07	
85	3.115628e-09	1.200000e+00	1.097222e-04	-1.53788e-07	
86	3.165628e-09	1.200000e+00	-1.09719e-04	1.537823e-07	
87	3.215628e-09	1.200000e+00	1.097156e-04	-1.53777e-07	
88	3.265628e-09	1.200000e+00	-1.09712e-04	1.537710e-07	
89	3.315628e-09	1.200000e+00	1.097091e-04	-1.53765e-07	
90	3.365628e-09	1.200000e+00	-1.09706e-04	1.537596e-07	
91	3.415628e-09	1.200000e+00	1.097025e-04	-1.53754e-07	
92	3.465628e-09	1.200000e+00	-1.09699e-04	1.537483e-07	
93	3.515628e-09	1.200000e+00	1.096959e-04	-1.53743e-07	
94	3.565628e-09	1.200000e+00	-1.09693e-04	1.537369e-07	
95	3.615628e-09	1.200000e+00	1.096893e-04	-1.53731e-07	
96	3.665628e-09	1.200000e+00	-1.09686e-04	1.537256e-07	
97	3.715628e-09	1.200000e+00	1.096827e-04	-1.53720e-07	
98	3.765628e-09	1.200000e+00	-1.09679e-04	1.537143e-07	
99	3.815628e-09	1.200000e+00	1.096762e-04	-1.53709e-07	
100	3.865628e-09	1.200000e+00	-1.09673e-04	1.537029e-07	
101	3.915628e-09	1.200000e+00	1.096696e-04	-1.53697e-07	
102	3.965628e-09	1.200000e+00	-1.09666e-04	1.536916e-07	
103	4.015628e-09	1.200000e+00	1.096630e-04	-1.53686e-07	
104	4.065628e-09	1.200000e+00	-1.09660e-04	1.536803e-07	
105	4.115628e-09	1.200000e+00	1.096564e-04	-1.53675e-07	
106	4.165628e-09	1.200000e+00	-1.09653e-04	1.536689e-07	
107	4.215628e-09	1.200000e+00	1.096499e-04	-1.53663e-07	
108	4.265628e-09	1.200000e+00	-1.09647e-04	1.536576e-07	
109	4.315628e-09	1.200000e+00	1.096433e-04	-1.53652e-07	
110	4.365628e-09	1.200000e+00	-1.09640e-04	1.536463e-07	
111	4.415628e-09	1.200000e+00	1.096367e-04	-1.53641e-07	
112	4.465628e-09	1.200000e+00	-1.09633e-04	1.536349e-07	

Index   time            v(vdd)          v_wwl#branch    v_wbl#branch    
--------------------------------------------------------------------------------
113	4.515628e-09	1.200000e+00	1.096301e-04	-1.53629e-07	
114	4.565628e-09	1.200000e+00	-1.09627e-04	1.536236e-07	
115	4.615628e-09	1.200000e+00	1.096236e-04	-1.53618e-07	
116	4.665628e-09	1.200000e+00	-1.09620e-04	1.536123e-07	
117	4.715628e-09	1.200000e+00	1.096170e-04	-1.53607e-07	
118	4.765628e-09	1.200000e+00	-1.09614e-04	1.536009e-07	
119	4.815628e-09	1.200000e+00	1.096104e-04	-1.53595e-07	
120	4.865628e-09	1.200000e+00	-1.09607e-04	1.535896e-07	
121	4.915628e-09	1.200000e+00	1.096039e-04	-1.53584e-07	
122	4.965628e-09	1.200000e+00	-1.09601e-04	1.535783e-07	
123	5.015628e-09	1.200000e+00	1.095973e-04	-1.53573e-07	
124	5.065628e-09	1.200000e+00	-1.09594e-04	1.535669e-07	
125	5.115628e-09	1.200000e+00	1.095907e-04	-1.53561e-07	
126	5.165628e-09	1.200000e+00	-1.09587e-04	1.535556e-07	
127	5.215628e-09	1.200000e+00	1.095841e-04	-1.53550e-07	
128	5.265628e-09	1.200000e+00	-1.09581e-04	1.535443e-07	
129	5.315628e-09	1.200000e+00	1.095776e-04	-1.53539e-07	
130	5.365628e-09	1.200000e+00	-1.09574e-04	1.535330e-07	
131	5.415628e-09	1.200000e+00	1.095710e-04	-1.53527e-07	
132	5.465628e-09	1.200000e+00	-1.09568e-04	1.535216e-07	
133	5.515628e-09	1.200000e+00	1.095644e-04	-1.53516e-07	
134	5.565628e-09	1.200000e+00	-1.09561e-04	1.535103e-07	
135	5.615628e-09	1.200000e+00	1.095579e-04	-1.53505e-07	
136	5.665628e-09	1.200000e+00	-1.09555e-04	1.534990e-07	
137	5.715628e-09	1.200000e+00	1.095513e-04	-1.53493e-07	
138	5.765628e-09	1.200000e+00	-1.09548e-04	1.534877e-07	
139	5.815628e-09	1.200000e+00	1.095447e-04	-1.53482e-07	
140	5.865628e-09	1.200000e+00	-1.09541e-04	1.534763e-07	
141	5.915628e-09	1.200000e+00	1.095382e-04	-1.53471e-07	
142	5.965628e-09	1.200000e+00	-1.09535e-04	1.534650e-07	
143	6.015628e-09	1.200000e+00	1.095316e-04	-1.53459e-07	
144	6.065628e-09	1.200000e+00	-1.09528e-04	1.534537e-07	
145	6.115628e-09	1.200000e+00	1.095250e-04	-1.53448e-07	
146	6.165628e-09	1.200000e+00	-1.09522e-04	1.534424e-07	
147	6.215628e-09	1.200000e+00	1.095185e-04	-1.53437e-07	
148	6.265628e-09	1.200000e+00	-1.09515e-04	1.534311e-07	
149	6.315628e-09	1.200000e+00	1.095119e-04	-1.53425e-07	
150	6.365628e-09	1.200000e+00	-1.09509e-04	1.534197e-07	
151	6.415628e-09	1.200000e+00	1.095053e-04	-1.53414e-07	
152	6.465628e-09	1.200000e+00	-1.09502e-04	1.534084e-07	
153	6.515628e-09	1.200000e+00	1.094988e-04	-1.53403e-07	
154	6.565628e-09	1.200000e+00	-1.09495e-04	1.533971e-07	
155	6.615628e-09	1.200000e+00	1.094922e-04	-1.53391e-07	
156	6.665628e-09	1.200000e+00	-1.09489e-04	1.533858e-07	
157	6.715628e-09	1.200000e+00	1.094856e-04	-1.53380e-07	
158	6.765628e-09	1.200000e+00	-1.09482e-04	1.533745e-07	
159	6.815628e-09	1.200000e+00	1.094791e-04	-1.53369e-07	
160	6.865628e-09	1.200000e+00	-1.09476e-04	1.533632e-07	
161	6.915628e-09	1.200000e+00	1.094725e-04	-1.53358e-07	
162	6.965628e-09	1.200000e+00	-1.09469e-04	1.533519e-07	
163	7.015628e-09	1.200000e+00	1.094659e-04	-1.53346e-07	
164	7.065628e-09	1.200000e+00	-1.09463e-04	1.533405e-07	
165	7.115628e-09	1.200000e+00	1.094594e-04	-1.53335e-07	
166	7.165628e-09	1.200000e+00	-1.09456e-04	1.533292e-07	
167	7.215628e-09	1.200000e+00	1.094528e-04	-1.53324e-07	
168	7.265628e-09	1.200000e+00	-1.09450e-04	1.533179e-07	
169	7.315628e-09	1.200000e+00	1.094462e-04	-1.53312e-07	
170	7.365628e-09	1.200000e+00	-1.09443e-04	1.533066e-07	

Index   time            v(vdd)          v_wwl#branch    v_wbl#branch    
--------------------------------------------------------------------------------
171	7.415628e-09	1.200000e+00	1.094397e-04	-1.53301e-07	
172	7.465628e-09	1.200000e+00	-1.09436e-04	1.532953e-07	
173	7.515628e-09	1.200000e+00	1.094331e-04	-1.53290e-07	
174	7.565628e-09	1.200000e+00	-1.09430e-04	1.532840e-07	
175	7.615628e-09	1.200000e+00	1.094266e-04	-1.53278e-07	
176	7.665628e-09	1.200000e+00	-1.09423e-04	1.532727e-07	
177	7.715628e-09	1.200000e+00	1.094200e-04	-1.53267e-07	
178	7.765628e-09	1.200000e+00	-1.09417e-04	1.532614e-07	
179	7.815628e-09	1.200000e+00	1.094134e-04	-1.53256e-07	
180	7.865628e-09	1.200000e+00	-1.09410e-04	1.532501e-07	
181	7.915628e-09	1.200000e+00	1.094069e-04	-1.53244e-07	
182	7.965628e-09	1.200000e+00	-1.09404e-04	1.532388e-07	
183	8.015628e-09	1.200000e+00	1.094003e-04	-1.53233e-07	
184	8.065628e-09	1.200000e+00	-1.09397e-04	1.532275e-07	
185	8.115628e-09	1.200000e+00	1.093938e-04	-1.53222e-07	
186	8.165628e-09	1.200000e+00	-1.09390e-04	1.532162e-07	
187	8.215628e-09	1.200000e+00	1.093872e-04	-1.53210e-07	
188	8.265628e-09	1.200000e+00	-1.09384e-04	1.532048e-07	
189	8.315628e-09	1.200000e+00	1.093806e-04	-1.53199e-07	
190	8.365628e-09	1.200000e+00	-1.09377e-04	1.531935e-07	
191	8.415628e-09	1.200000e+00	1.093741e-04	-1.53188e-07	
192	8.465628e-09	1.200000e+00	-1.09371e-04	1.531822e-07	
193	8.515628e-09	1.200000e+00	1.093675e-04	-1.53177e-07	
194	8.565628e-09	1.200000e+00	-1.09364e-04	1.531709e-07	
195	8.615628e-09	1.200000e+00	1.093610e-04	-1.53165e-07	
196	8.665628e-09	1.200000e+00	-1.09358e-04	1.531596e-07	
197	8.715628e-09	1.200000e+00	1.093544e-04	-1.53154e-07	
198	8.765628e-09	1.200000e+00	-1.09351e-04	1.531483e-07	
199	8.815628e-09	1.200000e+00	1.093479e-04	-1.53143e-07	
200	8.865628e-09	1.200000e+00	-1.09345e-04	1.531370e-07	
201	8.915628e-09	1.200000e+00	1.093413e-04	-1.53131e-07	
202	8.965628e-09	1.200000e+00	-1.09338e-04	1.531257e-07	
203	9.015628e-09	1.200000e+00	1.093347e-04	-1.53120e-07	
204	9.065628e-09	1.200000e+00	-1.09331e-04	1.531144e-07	
205	9.115628e-09	1.200000e+00	1.093282e-04	-1.53109e-07	
206	9.165628e-09	1.200000e+00	-1.09325e-04	1.531031e-07	
207	9.215628e-09	1.200000e+00	1.093216e-04	-1.53097e-07	
208	9.265628e-09	1.200000e+00	-1.09318e-04	1.530918e-07	
209	9.315628e-09	1.200000e+00	1.093151e-04	-1.53086e-07	
210	9.365628e-09	1.200000e+00	-1.09312e-04	1.530806e-07	
211	9.415628e-09	1.200000e+00	1.093085e-04	-1.53075e-07	
212	9.465628e-09	1.200000e+00	-1.09305e-04	1.530693e-07	
213	9.515628e-09	1.200000e+00	1.093020e-04	-1.53064e-07	
214	9.565628e-09	1.200000e+00	-1.09299e-04	1.530580e-07	
215	9.615628e-09	1.200000e+00	1.092954e-04	-1.53052e-07	
216	9.665628e-09	1.200000e+00	-1.09292e-04	1.530467e-07	
217	9.715628e-09	1.200000e+00	1.092889e-04	-1.53041e-07	
218	9.765628e-09	1.200000e+00	-1.09286e-04	1.530354e-07	
219	9.815628e-09	1.200000e+00	1.092823e-04	-1.53030e-07	
220	9.865628e-09	1.200000e+00	-1.09279e-04	1.530241e-07	
221	9.915628e-09	1.200000e+00	1.092758e-04	-1.53018e-07	
222	9.965628e-09	1.200000e+00	-1.09272e-04	1.530128e-07	
223	1.001563e-08	1.200000e+00	1.092692e-04	-1.53007e-07	
224	1.006563e-08	1.200000e+00	-1.09266e-04	1.530015e-07	
225	1.011563e-08	1.200000e+00	1.092627e-04	-1.52996e-07	
226	1.016563e-08	1.200000e+00	-1.09259e-04	1.529902e-07	
227	1.021563e-08	1.200000e+00	1.092561e-04	-1.52985e-07	
228	1.026563e-08	1.200000e+00	-1.09253e-04	1.529789e-07	

Index   time            v(vdd)          v_wwl#branch    v_wbl#branch    
--------------------------------------------------------------------------------
229	1.031563e-08	1.200000e+00	1.092496e-04	-1.52973e-07	
230	1.036563e-08	1.200000e+00	-1.09246e-04	1.529676e-07	
231	1.041563e-08	1.200000e+00	1.092430e-04	-1.52962e-07	
232	1.046563e-08	1.200000e+00	-1.09240e-04	1.529563e-07	
233	1.051563e-08	1.200000e+00	1.092365e-04	-1.52951e-07	
234	1.056563e-08	1.200000e+00	-1.09233e-04	1.529451e-07	
235	1.061563e-08	1.200000e+00	1.092299e-04	-1.52939e-07	
236	1.066563e-08	1.200000e+00	-1.09227e-04	1.529338e-07	
237	1.071563e-08	1.200000e+00	1.092234e-04	-1.52928e-07	
238	1.076563e-08	1.200000e+00	-1.09220e-04	1.529225e-07	
239	1.081563e-08	1.200000e+00	1.092168e-04	-1.52917e-07	
240	1.086563e-08	1.200000e+00	-1.09214e-04	1.529112e-07	
241	1.091563e-08	1.200000e+00	1.092103e-04	-1.52906e-07	
242	1.096563e-08	1.200000e+00	-1.09207e-04	1.528999e-07	
243	1.100000e-08	1.200000e+00	1.092022e-04	-1.52892e-07	
244	1.100001e-08	1.200000e+00	2.773110e-03	-2.62268e-06	
245	1.100003e-08	1.200000e+00	2.965552e-03	-2.89667e-06	
246	1.100007e-08	1.200000e+00	2.783728e-03	-2.58607e-06	
247	1.100010e-08	1.200000e+00	2.957796e-03	-2.83224e-06	
248	1.100011e-08	1.200000e+00	1.323509e-04	-1.93912e-07	
249	1.100012e-08	1.200000e+00	-1.20506e-04	1.732576e-07	
250	1.100016e-08	1.200000e+00	1.149905e-04	-1.63548e-07	
251	1.100022e-08	1.200000e+00	-1.12328e-04	1.590313e-07	
252	1.100035e-08	1.200000e+00	1.110205e-04	-1.56673e-07	
253	1.100060e-08	1.200000e+00	-1.10372e-04	1.556296e-07	
254	1.100112e-08	1.200000e+00	1.100496e-04	-1.55016e-07	
255	1.100214e-08	1.200000e+00	-1.09888e-04	1.547661e-07	
256	1.100419e-08	1.200000e+00	1.098081e-04	-1.54620e-07	
257	1.100828e-08	1.200000e+00	-1.09768e-04	1.545503e-07	
258	1.101648e-08	1.200000e+00	1.097479e-04	-1.54516e-07	
259	1.103286e-08	1.200000e+00	-1.09738e-04	1.544983e-07	
260	1.106563e-08	1.200000e+00	1.097328e-04	-1.54490e-07	
261	1.111563e-08	1.200000e+00	-1.09730e-04	1.544839e-07	
262	1.116563e-08	1.200000e+00	1.097262e-04	-1.54478e-07	
263	1.121563e-08	1.200000e+00	-1.09723e-04	1.544725e-07	
264	1.126563e-08	1.200000e+00	1.097196e-04	-1.54467e-07	
265	1.131563e-08	1.200000e+00	-1.09716e-04	1.544612e-07	
266	1.136563e-08	1.200000e+00	1.097131e-04	-1.54455e-07	
267	1.141563e-08	1.200000e+00	-1.09710e-04	1.544498e-07	
268	1.146563e-08	1.200000e+00	1.097065e-04	-1.54444e-07	
269	1.151563e-08	1.200000e+00	-1.09703e-04	1.544384e-07	
270	1.156563e-08	1.200000e+00	1.096999e-04	-1.54433e-07	
271	1.161563e-08	1.200000e+00	-1.09697e-04	1.544270e-07	
272	1.166563e-08	1.200000e+00	1.096933e-04	-1.54421e-07	
273	1.171563e-08	1.200000e+00	-1.09690e-04	1.544157e-07	
274	1.176563e-08	1.200000e+00	1.096867e-04	-1.54410e-07	
275	1.181563e-08	1.200000e+00	-1.09683e-04	1.544043e-07	
276	1.186563e-08	1.200000e+00	1.096802e-04	-1.54399e-07	
277	1.191563e-08	1.200000e+00	-1.09677e-04	1.543929e-07	
278	1.196563e-08	1.200000e+00	1.096736e-04	-1.54387e-07	
279	1.201563e-08	1.200000e+00	-1.09670e-04	1.543816e-07	
280	1.206563e-08	1.200000e+00	1.096670e-04	-1.54376e-07	
281	1.211563e-08	1.200000e+00	-1.09664e-04	1.543702e-07	
282	1.216563e-08	1.200000e+00	1.096604e-04	-1.54365e-07	
283	1.221563e-08	1.200000e+00	-1.09657e-04	1.543588e-07	
284	1.226563e-08	1.200000e+00	1.096539e-04	-1.54353e-07	
285	1.231563e-08	1.200000e+00	-1.09651e-04	1.543475e-07	
286	1.236563e-08	1.200000e+00	1.096473e-04	-1.54342e-07	

Index   time            v(vdd)          v_wwl#branch    v_wbl#branch    
--------------------------------------------------------------------------------
287	1.241563e-08	1.200000e+00	-1.09644e-04	1.543361e-07	
288	1.246563e-08	1.200000e+00	1.096407e-04	-1.54330e-07	
289	1.251563e-08	1.200000e+00	-1.09637e-04	1.543247e-07	
290	1.256563e-08	1.200000e+00	1.096341e-04	-1.54319e-07	
291	1.261563e-08	1.200000e+00	-1.09631e-04	1.543134e-07	
292	1.266563e-08	1.200000e+00	1.096276e-04	-1.54308e-07	
293	1.271563e-08	1.200000e+00	-1.09624e-04	1.543020e-07	
294	1.276563e-08	1.200000e+00	1.096210e-04	-1.54296e-07	
295	1.281563e-08	1.200000e+00	-1.09618e-04	1.542907e-07	
296	1.286563e-08	1.200000e+00	1.096144e-04	-1.54285e-07	
297	1.291563e-08	1.200000e+00	-1.09611e-04	1.542793e-07	
298	1.296563e-08	1.200000e+00	1.096079e-04	-1.54274e-07	
299	1.301563e-08	1.200000e+00	-1.09605e-04	1.542679e-07	
300	1.306563e-08	1.200000e+00	1.096013e-04	-1.54262e-07	
301	1.311563e-08	1.200000e+00	-1.09598e-04	1.542566e-07	
302	1.316563e-08	1.200000e+00	1.095947e-04	-1.54251e-07	
303	1.321563e-08	1.200000e+00	-1.09591e-04	1.542452e-07	
304	1.326563e-08	1.200000e+00	1.095881e-04	-1.54240e-07	
305	1.331563e-08	1.200000e+00	-1.09585e-04	1.542339e-07	
306	1.336563e-08	1.200000e+00	1.095816e-04	-1.54228e-07	
307	1.341563e-08	1.200000e+00	-1.09578e-04	1.542225e-07	
308	1.346563e-08	1.200000e+00	1.095750e-04	-1.54217e-07	
309	1.351563e-08	1.200000e+00	-1.09572e-04	1.542111e-07	
310	1.356563e-08	1.200000e+00	1.095684e-04	-1.54205e-07	
311	1.361563e-08	1.200000e+00	-1.09565e-04	1.541998e-07	
312	1.366563e-08	1.200000e+00	1.095619e-04	-1.54194e-07	
313	1.371563e-08	1.200000e+00	-1.09559e-04	1.541884e-07	
314	1.376563e-08	1.200000e+00	1.095553e-04	-1.54183e-07	
315	1.381563e-08	1.200000e+00	-1.09552e-04	1.541771e-07	
316	1.386563e-08	1.200000e+00	1.095487e-04	-1.54171e-07	
317	1.391563e-08	1.200000e+00	-1.09545e-04	1.541657e-07	
318	1.396563e-08	1.200000e+00	1.095422e-04	-1.54160e-07	
319	1.401563e-08	1.200000e+00	-1.09539e-04	1.541544e-07	
320	1.406563e-08	1.200000e+00	1.095356e-04	-1.54149e-07	
321	1.411563e-08	1.200000e+00	-1.09532e-04	1.541430e-07	
322	1.416563e-08	1.200000e+00	1.095290e-04	-1.54137e-07	
323	1.421563e-08	1.200000e+00	-1.09526e-04	1.541317e-07	
324	1.426563e-08	1.200000e+00	1.095224e-04	-1.54126e-07	
325	1.431563e-08	1.200000e+00	-1.09519e-04	1.541203e-07	
326	1.436563e-08	1.200000e+00	1.095159e-04	-1.54115e-07	
327	1.441563e-08	1.200000e+00	-1.09513e-04	1.541090e-07	
328	1.446563e-08	1.200000e+00	1.095093e-04	-1.54103e-07	
329	1.451563e-08	1.200000e+00	-1.09506e-04	1.540976e-07	
330	1.456563e-08	1.200000e+00	1.095028e-04	-1.54092e-07	
331	1.461563e-08	1.200000e+00	-1.09499e-04	1.540863e-07	
332	1.466563e-08	1.200000e+00	1.094962e-04	-1.54081e-07	
333	1.471563e-08	1.200000e+00	-1.09493e-04	1.540749e-07	
334	1.476563e-08	1.200000e+00	1.094896e-04	-1.54069e-07	
335	1.481563e-08	1.200000e+00	-1.09486e-04	1.540636e-07	
336	1.486563e-08	1.200000e+00	1.094831e-04	-1.54058e-07	
337	1.491563e-08	1.200000e+00	-1.09480e-04	1.540522e-07	
338	1.496563e-08	1.200000e+00	1.094765e-04	-1.54047e-07	
339	1.500000e-08	1.200000e+00	-1.09472e-04	1.540383e-07	
340	1.500001e-08	1.200000e+00	1.524997e-06	1.120414e-06	
341	1.500003e-08	1.200000e+00	9.939330e-06	1.233427e-06	
342	1.500007e-08	1.200000e+00	2.011455e-06	1.127994e-06	
343	1.500010e-08	1.200000e+00	9.584941e-06	1.227898e-06	
344	1.500011e-08	1.200000e+00	6.885640e-07	8.414223e-08	

Index   time            v(vdd)          v_wwl#branch    v_wbl#branch    
--------------------------------------------------------------------------------
345	1.500012e-08	1.200000e+00	-6.03922e-07	-7.51773e-08	
346	1.500016e-08	1.200000e+00	5.649803e-07	7.096288e-08	
347	1.500022e-08	1.200000e+00	-5.46714e-07	-6.90026e-08	
348	1.500035e-08	1.200000e+00	5.374758e-07	6.797905e-08	
349	1.500060e-08	1.200000e+00	-5.33179e-07	-6.75262e-08	
350	1.500112e-08	1.200000e+00	5.308388e-07	6.725999e-08	
351	1.500214e-08	1.200000e+00	-5.29793e-07	-6.71514e-08	
352	1.500419e-08	1.200000e+00	5.292242e-07	6.708788e-08	
353	1.500828e-08	1.200000e+00	-5.28948e-07	-6.70578e-08	
354	1.501648e-08	1.200000e+00	5.288101e-07	6.704270e-08	
355	1.503286e-08	1.200000e+00	-5.28741e-07	-6.70352e-08	
356	1.506563e-08	1.200000e+00	5.287066e-07	6.703140e-08	
357	1.511563e-08	1.200000e+00	-5.28684e-07	-6.70289e-08	
358	1.516563e-08	1.200000e+00	5.286614e-07	6.702646e-08	
359	1.521563e-08	1.200000e+00	-5.28639e-07	-6.70240e-08	
360	1.526563e-08	1.200000e+00	5.286162e-07	6.702153e-08	
361	1.531563e-08	1.200000e+00	-5.28594e-07	-6.70191e-08	
362	1.536563e-08	1.200000e+00	5.285710e-07	6.701659e-08	
363	1.541563e-08	1.200000e+00	-5.28548e-07	-6.70141e-08	
364	1.546563e-08	1.200000e+00	5.285258e-07	6.701166e-08	
365	1.551563e-08	1.200000e+00	-5.28503e-07	-6.70092e-08	
366	1.556563e-08	1.200000e+00	5.284806e-07	6.700672e-08	
367	1.561563e-08	1.200000e+00	-5.28458e-07	-6.70042e-08	
368	1.566563e-08	1.200000e+00	5.284354e-07	6.700179e-08	
369	1.571563e-08	1.200000e+00	-5.28413e-07	-6.69993e-08	
370	1.576563e-08	1.200000e+00	5.283902e-07	6.699685e-08	
371	1.581563e-08	1.200000e+00	-5.28368e-07	-6.69944e-08	
372	1.586563e-08	1.200000e+00	5.283450e-07	6.699192e-08	
373	1.591563e-08	1.200000e+00	-5.28322e-07	-6.69894e-08	
374	1.596563e-08	1.200000e+00	5.282998e-07	6.698698e-08	
375	1.601563e-08	1.200000e+00	-5.28277e-07	-6.69845e-08	
376	1.606563e-08	1.200000e+00	5.282546e-07	6.698205e-08	
377	1.611563e-08	1.200000e+00	-5.28232e-07	-6.69796e-08	
378	1.616563e-08	1.200000e+00	5.282095e-07	6.697712e-08	
379	1.621563e-08	1.200000e+00	-5.28187e-07	-6.69746e-08	
380	1.626563e-08	1.200000e+00	5.281643e-07	6.697218e-08	
381	1.631563e-08	1.200000e+00	-5.28142e-07	-6.69697e-08	
382	1.636563e-08	1.200000e+00	5.281191e-07	6.696725e-08	
383	1.641563e-08	1.200000e+00	-5.28097e-07	-6.69648e-08	
384	1.646563e-08	1.200000e+00	5.280739e-07	6.696232e-08	
385	1.651563e-08	1.200000e+00	-5.28051e-07	-6.69598e-08	
386	1.656563e-08	1.200000e+00	5.280288e-07	6.695739e-08	
387	1.661563e-08	1.200000e+00	-5.28006e-07	-6.69549e-08	
388	1.666563e-08	1.200000e+00	5.279836e-07	6.695246e-08	
389	1.671563e-08	1.200000e+00	-5.27961e-07	-6.69500e-08	
390	1.676563e-08	1.200000e+00	5.279385e-07	6.694752e-08	
391	1.681563e-08	1.200000e+00	-5.27916e-07	-6.69451e-08	
392	1.686563e-08	1.200000e+00	5.278933e-07	6.694259e-08	
393	1.691563e-08	1.200000e+00	-5.27871e-07	-6.69401e-08	
394	1.696563e-08	1.200000e+00	5.278481e-07	6.693766e-08	
395	1.701563e-08	1.200000e+00	-5.27826e-07	-6.69352e-08	
396	1.706563e-08	1.200000e+00	5.278030e-07	6.693273e-08	
397	1.711563e-08	1.200000e+00	-5.27780e-07	-6.69303e-08	
398	1.716563e-08	1.200000e+00	5.277578e-07	6.692780e-08	
399	1.721563e-08	1.200000e+00	-5.27735e-07	-6.69253e-08	
400	1.726563e-08	1.200000e+00	5.277127e-07	6.692287e-08	
401	1.731563e-08	1.200000e+00	-5.27690e-07	-6.69204e-08	
402	1.736563e-08	1.200000e+00	5.276676e-07	6.691794e-08	

Index   time            v(vdd)          v_wwl#branch    v_wbl#branch    
--------------------------------------------------------------------------------
403	1.741563e-08	1.200000e+00	-5.27645e-07	-6.69155e-08	
404	1.746563e-08	1.200000e+00	5.276224e-07	6.691301e-08	
405	1.751563e-08	1.200000e+00	-5.27600e-07	-6.69105e-08	
406	1.756563e-08	1.200000e+00	5.275773e-07	6.690808e-08	
407	1.761563e-08	1.200000e+00	-5.27555e-07	-6.69056e-08	
408	1.766563e-08	1.200000e+00	5.275322e-07	6.690316e-08	
409	1.771563e-08	1.200000e+00	-5.27510e-07	-6.69007e-08	
410	1.776563e-08	1.200000e+00	5.274870e-07	6.689823e-08	
411	1.781563e-08	1.200000e+00	-5.27464e-07	-6.68958e-08	
412	1.786563e-08	1.200000e+00	5.274419e-07	6.689330e-08	
413	1.791563e-08	1.200000e+00	-5.27419e-07	-6.68908e-08	
414	1.796563e-08	1.200000e+00	5.273968e-07	6.688837e-08	
415	1.801563e-08	1.200000e+00	-5.27374e-07	-6.68859e-08	
416	1.806563e-08	1.200000e+00	5.273517e-07	6.688344e-08	
417	1.811563e-08	1.200000e+00	-5.27329e-07	-6.68810e-08	
418	1.816563e-08	1.200000e+00	5.273066e-07	6.687852e-08	
419	1.821563e-08	1.200000e+00	-5.27284e-07	-6.68760e-08	
420	1.826563e-08	1.200000e+00	5.272615e-07	6.687359e-08	
421	1.831563e-08	1.200000e+00	-5.27239e-07	-6.68711e-08	
422	1.836563e-08	1.200000e+00	5.272164e-07	6.686866e-08	
423	1.841563e-08	1.200000e+00	-5.27194e-07	-6.68662e-08	
424	1.846563e-08	1.200000e+00	5.271713e-07	6.686374e-08	
425	1.851563e-08	1.200000e+00	-5.27149e-07	-6.68613e-08	
426	1.856563e-08	1.200000e+00	5.271262e-07	6.685881e-08	
427	1.861563e-08	1.200000e+00	-5.27104e-07	-6.68563e-08	
428	1.866563e-08	1.200000e+00	5.270811e-07	6.685389e-08	
429	1.871563e-08	1.200000e+00	-5.27059e-07	-6.68514e-08	
430	1.876563e-08	1.200000e+00	5.270360e-07	6.684896e-08	
431	1.881563e-08	1.200000e+00	-5.27013e-07	-6.68465e-08	
432	1.886563e-08	1.200000e+00	5.269909e-07	6.684404e-08	
433	1.891563e-08	1.200000e+00	-5.26968e-07	-6.68416e-08	
434	1.896563e-08	1.200000e+00	5.269458e-07	6.683911e-08	
435	1.901563e-08	1.200000e+00	-5.26923e-07	-6.68366e-08	
436	1.906563e-08	1.200000e+00	5.269007e-07	6.683419e-08	
437	1.911563e-08	1.200000e+00	-5.26878e-07	-6.68317e-08	
438	1.916563e-08	1.200000e+00	5.268557e-07	6.682927e-08	
439	1.921563e-08	1.200000e+00	-5.26833e-07	-6.68268e-08	
440	1.926563e-08	1.200000e+00	5.268106e-07	6.682434e-08	
441	1.931563e-08	1.200000e+00	-5.26788e-07	-6.68219e-08	
442	1.936563e-08	1.200000e+00	5.267655e-07	6.681942e-08	
443	1.941563e-08	1.200000e+00	-5.26743e-07	-6.68170e-08	
444	1.946563e-08	1.200000e+00	5.267204e-07	6.681450e-08	
445	1.951563e-08	1.200000e+00	-5.26698e-07	-6.68120e-08	
446	1.956563e-08	1.200000e+00	5.266754e-07	6.680957e-08	
447	1.961563e-08	1.200000e+00	-5.26653e-07	-6.68071e-08	
448	1.966563e-08	1.200000e+00	5.266303e-07	6.680465e-08	
449	1.971563e-08	1.200000e+00	-5.26608e-07	-6.68022e-08	
450	1.976563e-08	1.200000e+00	5.265853e-07	6.679973e-08	
451	1.981563e-08	1.200000e+00	-5.26563e-07	-6.67973e-08	
452	1.986563e-08	1.200000e+00	5.265402e-07	6.679481e-08	
453	1.991563e-08	1.200000e+00	-5.26518e-07	-6.67923e-08	
454	1.996563e-08	1.200000e+00	5.264952e-07	6.678989e-08	
455	2.000000e-08	1.200000e+00	-5.26462e-07	-6.67863e-08	
456	2.000001e-08	1.200000e+00	-5.50606e-06	-1.11656e-06	
457	2.000003e-08	1.200000e+00	-6.24644e-06	-1.23698e-06	
458	2.000007e-08	1.200000e+00	-5.56823e-06	-1.12459e-06	
459	2.000010e-08	1.200000e+00	-6.20190e-06	-1.23112e-06	
460	2.000011e-08	1.200000e+00	-5.36885e-07	-8.43023e-08	

Index   time            v(vdd)          v_wwl#branch    v_wbl#branch    
--------------------------------------------------------------------------------
461	2.000012e-08	1.200000e+00	4.658442e-07	7.532226e-08	
462	2.000016e-08	1.200000e+00	-4.33235e-07	-7.11008e-08	
463	2.000022e-08	1.200000e+00	4.180250e-07	6.913718e-08	
464	2.000035e-08	1.200000e+00	-4.10289e-07	-6.81120e-08	
465	2.000060e-08	1.200000e+00	4.067361e-07	6.765829e-08	
466	2.000112e-08	1.200000e+00	-4.04766e-07	-6.73917e-08	
467	2.000214e-08	1.200000e+00	4.039049e-07	6.728289e-08	
468	2.000419e-08	1.200000e+00	-4.03429e-07	-6.72192e-08	
469	2.000828e-08	1.200000e+00	4.031986e-07	6.718909e-08	
470	2.001648e-08	1.200000e+00	-4.03084e-07	-6.71740e-08	
471	2.003286e-08	1.200000e+00	4.030262e-07	6.716645e-08	
472	2.006563e-08	1.200000e+00	-4.02997e-07	-6.71627e-08	
473	2.011563e-08	1.200000e+00	4.029787e-07	6.716021e-08	
474	2.016563e-08	1.200000e+00	-4.02960e-07	-6.71577e-08	
475	2.021563e-08	1.200000e+00	4.029410e-07	6.715526e-08	
476	2.026563e-08	1.200000e+00	-4.02922e-07	-6.71528e-08	
477	2.031563e-08	1.200000e+00	4.029033e-07	6.715032e-08	
478	2.036563e-08	1.200000e+00	-4.02885e-07	-6.71478e-08	
479	2.041563e-08	1.200000e+00	4.028657e-07	6.714538e-08	
480	2.046563e-08	1.200000e+00	-4.02847e-07	-6.71429e-08	
481	2.051563e-08	1.200000e+00	4.028280e-07	6.714043e-08	
482	2.056563e-08	1.200000e+00	-4.02809e-07	-6.71380e-08	
483	2.061563e-08	1.200000e+00	4.027904e-07	6.713549e-08	
484	2.066563e-08	1.200000e+00	-4.02772e-07	-6.71330e-08	
485	2.071563e-08	1.200000e+00	4.027527e-07	6.713055e-08	
486	2.076563e-08	1.200000e+00	-4.02734e-07	-6.71281e-08	
487	2.081563e-08	1.200000e+00	4.027151e-07	6.712560e-08	
488	2.086563e-08	1.200000e+00	-4.02696e-07	-6.71231e-08	
489	2.091563e-08	1.200000e+00	4.026775e-07	6.712066e-08	
490	2.096563e-08	1.200000e+00	-4.02659e-07	-6.71182e-08	
491	2.101563e-08	1.200000e+00	4.026398e-07	6.711572e-08	
492	2.106563e-08	1.200000e+00	-4.02621e-07	-6.71132e-08	
493	2.111563e-08	1.200000e+00	4.026022e-07	6.711078e-08	
494	2.116563e-08	1.200000e+00	-4.02583e-07	-6.71083e-08	
495	2.121563e-08	1.200000e+00	4.025646e-07	6.710584e-08	
496	2.126563e-08	1.200000e+00	-4.02546e-07	-6.71034e-08	
497	2.131563e-08	1.200000e+00	4.025269e-07	6.710090e-08	
498	2.136563e-08	1.200000e+00	-4.02508e-07	-6.70984e-08	
499	2.141563e-08	1.200000e+00	4.024893e-07	6.709595e-08	
500	2.146563e-08	1.200000e+00	-4.02470e-07	-6.70935e-08	
501	2.151563e-08	1.200000e+00	4.024517e-07	6.709101e-08	
502	2.156563e-08	1.200000e+00	-4.02433e-07	-6.70885e-08	
503	2.161563e-08	1.200000e+00	4.024141e-07	6.708607e-08	
504	2.166563e-08	1.200000e+00	-4.02395e-07	-6.70836e-08	
505	2.171563e-08	1.200000e+00	4.023764e-07	6.708113e-08	
506	2.176563e-08	1.200000e+00	-4.02358e-07	-6.70787e-08	
507	2.181563e-08	1.200000e+00	4.023388e-07	6.707619e-08	
508	2.186563e-08	1.200000e+00	-4.02320e-07	-6.70737e-08	
509	2.191563e-08	1.200000e+00	4.023012e-07	6.707126e-08	
510	2.196563e-08	1.200000e+00	-4.02282e-07	-6.70688e-08	
511	2.201563e-08	1.200000e+00	4.022636e-07	6.706632e-08	
512	2.206563e-08	1.200000e+00	-4.02245e-07	-6.70638e-08	
513	2.211563e-08	1.200000e+00	4.022260e-07	6.706138e-08	
514	2.216563e-08	1.200000e+00	-4.02207e-07	-6.70589e-08	
515	2.221563e-08	1.200000e+00	4.021884e-07	6.705644e-08	
516	2.226563e-08	1.200000e+00	-4.02170e-07	-6.70540e-08	
517	2.231563e-08	1.200000e+00	4.021508e-07	6.705150e-08	
518	2.236563e-08	1.200000e+00	-4.02132e-07	-6.70490e-08	

Index   time            v(vdd)          v_wwl#branch    v_wbl#branch    
--------------------------------------------------------------------------------
519	2.241563e-08	1.200000e+00	4.021132e-07	6.704656e-08	
520	2.246563e-08	1.200000e+00	-4.02094e-07	-6.70441e-08	
521	2.251563e-08	1.200000e+00	4.020756e-07	6.704163e-08	
522	2.256563e-08	1.200000e+00	-4.02057e-07	-6.70392e-08	
523	2.261563e-08	1.200000e+00	4.020380e-07	6.703669e-08	
524	2.266563e-08	1.200000e+00	-4.02019e-07	-6.70342e-08	
525	2.271563e-08	1.200000e+00	4.020004e-07	6.703175e-08	
526	2.276563e-08	1.200000e+00	-4.01982e-07	-6.70293e-08	
527	2.281563e-08	1.200000e+00	4.019629e-07	6.702682e-08	
528	2.286563e-08	1.200000e+00	-4.01944e-07	-6.70243e-08	
529	2.291563e-08	1.200000e+00	4.019253e-07	6.702188e-08	
530	2.296563e-08	1.200000e+00	-4.01906e-07	-6.70194e-08	
531	2.301563e-08	1.200000e+00	4.018877e-07	6.701694e-08	
532	2.306563e-08	1.200000e+00	-4.01869e-07	-6.70145e-08	
533	2.311563e-08	1.200000e+00	4.018501e-07	6.701201e-08	
534	2.316563e-08	1.200000e+00	-4.01831e-07	-6.70095e-08	
535	2.321563e-08	1.200000e+00	4.018126e-07	6.700707e-08	
536	2.326563e-08	1.200000e+00	-4.01794e-07	-6.70046e-08	
537	2.331563e-08	1.200000e+00	4.017750e-07	6.700214e-08	
538	2.336563e-08	1.200000e+00	-4.01756e-07	-6.69997e-08	
539	2.341563e-08	1.200000e+00	4.017374e-07	6.699720e-08	
540	2.346563e-08	1.200000e+00	-4.01719e-07	-6.69947e-08	
541	2.351563e-08	1.200000e+00	4.016999e-07	6.699227e-08	
542	2.356563e-08	1.200000e+00	-4.01681e-07	-6.69898e-08	
543	2.361563e-08	1.200000e+00	4.016623e-07	6.698734e-08	
544	2.366563e-08	1.200000e+00	-4.01644e-07	-6.69849e-08	
545	2.371563e-08	1.200000e+00	4.016248e-07	6.698240e-08	
546	2.376563e-08	1.200000e+00	-4.01606e-07	-6.69799e-08	
547	2.381563e-08	1.200000e+00	4.015872e-07	6.697747e-08	
548	2.386563e-08	1.200000e+00	-4.01568e-07	-6.69750e-08	
549	2.391563e-08	1.200000e+00	4.015497e-07	6.697254e-08	
550	2.396563e-08	1.200000e+00	-4.01531e-07	-6.69701e-08	
551	2.401563e-08	1.200000e+00	4.015121e-07	6.696760e-08	
552	2.406563e-08	1.200000e+00	-4.01493e-07	-6.69651e-08	
553	2.411563e-08	1.200000e+00	4.014746e-07	6.696267e-08	
554	2.416563e-08	1.200000e+00	-4.01456e-07	-6.69602e-08	
555	2.421563e-08	1.200000e+00	4.014370e-07	6.695774e-08	
556	2.426563e-08	1.200000e+00	-4.01418e-07	-6.69553e-08	
557	2.431563e-08	1.200000e+00	4.013995e-07	6.695281e-08	
558	2.436563e-08	1.200000e+00	-4.01381e-07	-6.69503e-08	
559	2.441563e-08	1.200000e+00	4.013620e-07	6.694788e-08	
560	2.446563e-08	1.200000e+00	-4.01343e-07	-6.69454e-08	
561	2.451563e-08	1.200000e+00	4.013244e-07	6.694295e-08	
562	2.456563e-08	1.200000e+00	-4.01306e-07	-6.69405e-08	
563	2.461563e-08	1.200000e+00	4.012869e-07	6.693802e-08	
564	2.466563e-08	1.200000e+00	-4.01268e-07	-6.69355e-08	
565	2.471563e-08	1.200000e+00	4.012494e-07	6.693309e-08	
566	2.476563e-08	1.200000e+00	-4.01231e-07	-6.69306e-08	
567	2.481563e-08	1.200000e+00	4.012118e-07	6.692816e-08	
568	2.486563e-08	1.200000e+00	-4.01193e-07	-6.69257e-08	
569	2.491563e-08	1.200000e+00	4.011743e-07	6.692323e-08	
570	2.496563e-08	1.200000e+00	-4.01156e-07	-6.69208e-08	
571	2.501563e-08	1.200000e+00	4.011368e-07	6.691830e-08	
572	2.506563e-08	1.200000e+00	-4.01118e-07	-6.69158e-08	
573	2.511563e-08	1.200000e+00	4.010993e-07	6.691337e-08	
574	2.516563e-08	1.200000e+00	-4.01081e-07	-6.69109e-08	
575	2.521563e-08	1.200000e+00	4.010618e-07	6.690844e-08	
576	2.526563e-08	1.200000e+00	-4.01043e-07	-6.69060e-08	

Index   time            v(vdd)          v_wwl#branch    v_wbl#branch    
--------------------------------------------------------------------------------
577	2.531563e-08	1.200000e+00	4.010243e-07	6.690351e-08	
578	2.536563e-08	1.200000e+00	-4.01006e-07	-6.69010e-08	
579	2.541563e-08	1.200000e+00	4.009868e-07	6.689858e-08	
580	2.546563e-08	1.200000e+00	-4.00968e-07	-6.68961e-08	
581	2.551563e-08	1.200000e+00	4.009493e-07	6.689366e-08	
582	2.556563e-08	1.200000e+00	-4.00931e-07	-6.68912e-08	
583	2.561563e-08	1.200000e+00	4.009118e-07	6.688873e-08	
584	2.566563e-08	1.200000e+00	-4.00893e-07	-6.68863e-08	
585	2.571563e-08	1.200000e+00	4.008743e-07	6.688380e-08	
586	2.576563e-08	1.200000e+00	-4.00856e-07	-6.68813e-08	
587	2.581563e-08	1.200000e+00	4.008368e-07	6.687887e-08	
588	2.586563e-08	1.200000e+00	-4.00818e-07	-6.68764e-08	
589	2.591563e-08	1.200000e+00	4.007993e-07	6.687395e-08	
590	2.596563e-08	1.200000e+00	-4.00781e-07	-6.68715e-08	
591	2.601563e-08	1.200000e+00	4.007618e-07	6.686902e-08	
592	2.606563e-08	1.200000e+00	-4.00743e-07	-6.68666e-08	
593	2.611563e-08	1.200000e+00	4.007243e-07	6.686410e-08	
594	2.616563e-08	1.200000e+00	-4.00706e-07	-6.68616e-08	
595	2.621563e-08	1.200000e+00	4.006869e-07	6.685917e-08	
596	2.626563e-08	1.200000e+00	-4.00668e-07	-6.68567e-08	
597	2.631563e-08	1.200000e+00	4.006494e-07	6.685425e-08	
598	2.636563e-08	1.200000e+00	-4.00631e-07	-6.68518e-08	
599	2.641563e-08	1.200000e+00	4.006119e-07	6.684932e-08	
600	2.646563e-08	1.200000e+00	-4.00593e-07	-6.68469e-08	
601	2.651563e-08	1.200000e+00	4.005744e-07	6.684440e-08	
602	2.656563e-08	1.200000e+00	-4.00556e-07	-6.68419e-08	
603	2.661563e-08	1.200000e+00	4.005370e-07	6.683947e-08	
604	2.666563e-08	1.200000e+00	-4.00518e-07	-6.68370e-08	
605	2.671563e-08	1.200000e+00	4.004995e-07	6.683455e-08	
606	2.676563e-08	1.200000e+00	-4.00481e-07	-6.68321e-08	
607	2.681563e-08	1.200000e+00	4.004621e-07	6.682963e-08	
608	2.686563e-08	1.200000e+00	-4.00443e-07	-6.68272e-08	
609	2.691563e-08	1.200000e+00	4.004246e-07	6.682470e-08	
610	2.696563e-08	1.200000e+00	-4.00406e-07	-6.68222e-08	
611	2.701563e-08	1.200000e+00	4.003871e-07	6.681978e-08	
612	2.706563e-08	1.200000e+00	-4.00368e-07	-6.68173e-08	
613	2.711563e-08	1.200000e+00	4.003497e-07	6.681486e-08	
614	2.716563e-08	1.200000e+00	-4.00331e-07	-6.68124e-08	
615	2.721563e-08	1.200000e+00	4.003122e-07	6.680994e-08	
616	2.726563e-08	1.200000e+00	-4.00294e-07	-6.68075e-08	
617	2.731563e-08	1.200000e+00	4.002748e-07	6.680501e-08	
618	2.736563e-08	1.200000e+00	-4.00256e-07	-6.68025e-08	
619	2.741563e-08	1.200000e+00	4.002374e-07	6.680009e-08	
620	2.746563e-08	1.200000e+00	-4.00219e-07	-6.67976e-08	
621	2.751563e-08	1.200000e+00	4.001999e-07	6.679517e-08	
622	2.756563e-08	1.200000e+00	-4.00181e-07	-6.67927e-08	
623	2.761563e-08	1.200000e+00	4.001625e-07	6.679025e-08	
624	2.766563e-08	1.200000e+00	-4.00144e-07	-6.67878e-08	
625	2.771563e-08	1.200000e+00	4.001250e-07	6.678533e-08	
626	2.776563e-08	1.200000e+00	-4.00106e-07	-6.67829e-08	
627	2.781563e-08	1.200000e+00	4.000876e-07	6.678041e-08	
628	2.786563e-08	1.200000e+00	-4.00069e-07	-6.67779e-08	
629	2.791563e-08	1.200000e+00	4.000502e-07	6.677549e-08	
630	2.796563e-08	1.200000e+00	-4.00031e-07	-6.67730e-08	
631	2.801563e-08	1.200000e+00	4.000128e-07	6.677057e-08	
632	2.806563e-08	1.200000e+00	-3.99994e-07	-6.67681e-08	
633	2.811563e-08	1.200000e+00	3.999753e-07	6.676565e-08	
634	2.816563e-08	1.200000e+00	-3.99957e-07	-6.67632e-08	

Index   time            v(vdd)          v_wwl#branch    v_wbl#branch    
--------------------------------------------------------------------------------
635	2.821563e-08	1.200000e+00	3.999379e-07	6.676073e-08	
636	2.826563e-08	1.200000e+00	-3.99919e-07	-6.67583e-08	
637	2.831563e-08	1.200000e+00	3.999005e-07	6.675581e-08	
638	2.836563e-08	1.200000e+00	-3.99882e-07	-6.67533e-08	
639	2.841563e-08	1.200000e+00	3.998631e-07	6.675090e-08	
640	2.846563e-08	1.200000e+00	-3.99844e-07	-6.67484e-08	
641	2.851563e-08	1.200000e+00	3.998257e-07	6.674598e-08	
642	2.856563e-08	1.200000e+00	-3.99807e-07	-6.67435e-08	
643	2.861563e-08	1.200000e+00	3.997883e-07	6.674106e-08	
644	2.866563e-08	1.200000e+00	-3.99770e-07	-6.67386e-08	
645	2.871563e-08	1.200000e+00	3.997509e-07	6.673614e-08	
646	2.876563e-08	1.200000e+00	-3.99732e-07	-6.67337e-08	
647	2.881563e-08	1.200000e+00	3.997135e-07	6.673123e-08	
648	2.886563e-08	1.200000e+00	-3.99695e-07	-6.67288e-08	
649	2.891563e-08	1.200000e+00	3.996761e-07	6.672631e-08	
650	2.896563e-08	1.200000e+00	-3.99657e-07	-6.67238e-08	
651	2.901563e-08	1.200000e+00	3.996387e-07	6.672139e-08	
652	2.906563e-08	1.200000e+00	-3.99620e-07	-6.67189e-08	
653	2.911563e-08	1.200000e+00	3.996013e-07	6.671648e-08	
654	2.916563e-08	1.200000e+00	-3.99583e-07	-6.67140e-08	
655	2.921563e-08	1.200000e+00	3.995639e-07	6.671156e-08	
656	2.926563e-08	1.200000e+00	-3.99545e-07	-6.67091e-08	
657	2.931563e-08	1.200000e+00	3.995265e-07	6.670665e-08	
658	2.936563e-08	1.200000e+00	-3.99508e-07	-6.67042e-08	
659	2.941563e-08	1.200000e+00	3.994891e-07	6.670173e-08	
660	2.946563e-08	1.200000e+00	-3.99470e-07	-6.66993e-08	
661	2.951563e-08	1.200000e+00	3.994518e-07	6.669682e-08	
662	2.956563e-08	1.200000e+00	-3.99433e-07	-6.66944e-08	
663	2.961563e-08	1.200000e+00	3.994144e-07	6.669190e-08	
664	2.966563e-08	1.200000e+00	-3.99396e-07	-6.66894e-08	
665	2.971563e-08	1.200000e+00	3.993770e-07	6.668699e-08	
666	2.976563e-08	1.200000e+00	-3.99358e-07	-6.66845e-08	
667	2.981563e-08	1.200000e+00	3.993397e-07	6.668208e-08	
668	2.986563e-08	1.200000e+00	-3.99321e-07	-6.66796e-08	
669	2.991563e-08	1.200000e+00	3.993023e-07	6.667716e-08	
670	2.996563e-08	1.200000e+00	-3.99284e-07	-6.66747e-08	
671	3.000000e-08	1.200000e+00	3.992564e-07	6.667113e-08	

********************************************************************************
Transient Analysis  Tue Aug 18 15:49:49  2026
--------------------------------------------------------------------------------
Index   time            v_rbl#branch    v_dd#branch     
--------------------------------------------------------------------------------
0	0.000000e+00	-4.52588e-14	-4.52588e-09	
1	5.000000e-13	-4.52588e-14	-4.52588e-09	
2	1.000000e-12	-4.52588e-14	-4.52588e-09	
3	2.000000e-12	-4.52588e-14	-4.52588e-09	
4	4.000000e-12	-4.52588e-14	-4.52588e-09	
5	8.000000e-12	-4.52588e-14	-4.52588e-09	
6	1.600000e-11	-4.52588e-14	-4.52588e-09	
7	3.200000e-11	-4.52588e-14	-4.52588e-09	
8	6.400000e-11	-4.52588e-14	-4.52588e-09	
9	1.140000e-10	-4.52588e-14	-4.52588e-09	
10	1.640000e-10	-4.52588e-14	-4.52588e-09	
11	2.140000e-10	-4.52588e-14	-4.52588e-09	
12	2.640000e-10	-4.52588e-14	-4.52588e-09	
13	3.140000e-10	-4.52588e-14	-4.52588e-09	
14	3.640000e-10	-4.52588e-14	-4.52588e-09	
15	4.140000e-10	-4.52588e-14	-4.52588e-09	
16	4.640000e-10	-4.52588e-14	-4.52588e-09	
17	5.140000e-10	-4.52588e-14	-4.52588e-09	
18	5.640000e-10	-4.52588e-14	-4.52588e-09	
19	6.140000e-10	-4.52588e-14	-4.52588e-09	
20	6.640000e-10	-4.52588e-14	-4.52588e-09	
21	7.140000e-10	-4.52588e-14	-4.52588e-09	
22	7.640000e-10	-4.52588e-14	-4.52588e-09	
23	8.140000e-10	-4.52588e-14	-4.52588e-09	
24	8.640000e-10	-4.52588e-14	-4.52588e-09	
25	9.140000e-10	-4.52588e-14	-4.52588e-09	
26	9.640000e-10	-4.52588e-14	-4.52588e-09	
27	1.000000e-09	-4.52588e-14	-4.52588e-09	
28	1.000010e-09	2.002750e-13	2.002750e-08	
29	1.000030e-09	7.043016e-13	7.043016e-08	
30	1.000070e-09	1.685461e-12	1.685461e-07	
31	1.000100e-09	2.395025e-12	2.395025e-07	
32	1.000108e-09	2.385290e-12	2.385290e-07	
33	1.000124e-09	2.348059e-12	2.348059e-07	
34	1.000156e-09	2.272839e-12	2.272839e-07	
35	1.000220e-09	2.131302e-12	2.131302e-07	
36	1.000348e-09	1.870412e-12	1.870412e-07	
37	1.000604e-09	1.435394e-12	1.435394e-07	
38	1.001116e-09	8.187399e-13	8.187399e-08	
39	1.002140e-09	1.923562e-13	1.923562e-08	
40	1.004188e-09	-1.33226e-13	-1.33226e-08	
41	1.008284e-09	-1.32262e-13	-1.32262e-08	
42	1.016476e-09	-1.18723e-13	-1.18723e-08	
43	1.032860e-09	-1.01148e-13	-1.01148e-08	
44	1.065628e-09	-7.68749e-14	-7.68749e-09	
45	1.115628e-09	-5.98051e-14	-5.98051e-09	
46	1.165628e-09	-5.23024e-14	-5.23024e-09	
47	1.215628e-09	-4.95905e-14	-4.95905e-09	
48	1.265628e-09	-4.81493e-14	-4.81493e-09	
49	1.315628e-09	-4.77423e-14	-4.77423e-09	
50	1.365628e-09	-4.74650e-14	-4.74650e-09	
51	1.415628e-09	-4.73570e-14	-4.73570e-09	
52	1.465628e-09	-4.73866e-14	-4.73866e-09	
53	1.515628e-09	-4.72453e-14	-4.72453e-09	
54	1.565628e-09	-4.74110e-14	-4.74110e-09	

Index   time            v_rbl#branch    v_dd#branch     
--------------------------------------------------------------------------------
55	1.615628e-09	-4.71896e-14	-4.71896e-09	
56	1.665628e-09	-4.74480e-14	-4.74480e-09	
57	1.715628e-09	-4.71496e-14	-4.71496e-09	
58	1.765628e-09	-4.74822e-14	-4.74822e-09	
59	1.815628e-09	-4.71171e-14	-4.71171e-09	
60	1.865628e-09	-4.75116e-14	-4.75116e-09	
61	1.915628e-09	-4.70898e-14	-4.70898e-09	
62	1.965628e-09	-4.75365e-14	-4.75365e-09	
63	2.015628e-09	-4.70669e-14	-4.70669e-09	
64	2.065628e-09	-4.75576e-14	-4.75576e-09	
65	2.115628e-09	-4.70475e-14	-4.70475e-09	
66	2.165628e-09	-4.75754e-14	-4.75754e-09	
67	2.215628e-09	-4.70311e-14	-4.70311e-09	
68	2.265628e-09	-4.75905e-14	-4.75905e-09	
69	2.315628e-09	-4.70173e-14	-4.70173e-09	
70	2.365628e-09	-4.76032e-14	-4.76032e-09	
71	2.415628e-09	-4.70056e-14	-4.70056e-09	
72	2.465628e-09	-4.76139e-14	-4.76139e-09	
73	2.515628e-09	-4.69958e-14	-4.69958e-09	
74	2.565628e-09	-4.76230e-14	-4.76230e-09	
75	2.615628e-09	-4.69875e-14	-4.69875e-09	
76	2.665628e-09	-4.76306e-14	-4.76306e-09	
77	2.715628e-09	-4.69804e-14	-4.69804e-09	
78	2.765628e-09	-4.76371e-14	-4.76371e-09	
79	2.815628e-09	-4.69745e-14	-4.69745e-09	
80	2.865628e-09	-4.76425e-14	-4.76425e-09	
81	2.915628e-09	-4.69695e-14	-4.69695e-09	
82	2.965628e-09	-4.76471e-14	-4.76471e-09	
83	3.015628e-09	-4.69653e-14	-4.69653e-09	
84	3.065628e-09	-4.76510e-14	-4.76510e-09	
85	3.115628e-09	-4.69617e-14	-4.69617e-09	
86	3.165628e-09	-4.76542e-14	-4.76542e-09	
87	3.215628e-09	-4.69587e-14	-4.69587e-09	
88	3.265628e-09	-4.76570e-14	-4.76570e-09	
89	3.315628e-09	-4.69562e-14	-4.69562e-09	
90	3.365628e-09	-4.76593e-14	-4.76593e-09	
91	3.415628e-09	-4.69540e-14	-4.69540e-09	
92	3.465628e-09	-4.76613e-14	-4.76613e-09	
93	3.515628e-09	-4.69522e-14	-4.69522e-09	
94	3.565628e-09	-4.76630e-14	-4.76630e-09	
95	3.615628e-09	-4.69507e-14	-4.69507e-09	
96	3.665628e-09	-4.76643e-14	-4.76643e-09	
97	3.715628e-09	-4.69494e-14	-4.69494e-09	
98	3.765628e-09	-4.76655e-14	-4.76655e-09	
99	3.815628e-09	-4.69484e-14	-4.69484e-09	
100	3.865628e-09	-4.76665e-14	-4.76665e-09	
101	3.915628e-09	-4.69475e-14	-4.69475e-09	
102	3.965628e-09	-4.76673e-14	-4.76673e-09	
103	4.015628e-09	-4.69467e-14	-4.69467e-09	
104	4.065628e-09	-4.76680e-14	-4.76680e-09	
105	4.115628e-09	-4.69461e-14	-4.69461e-09	
106	4.165628e-09	-4.76686e-14	-4.76686e-09	
107	4.215628e-09	-4.69455e-14	-4.69455e-09	
108	4.265628e-09	-4.76691e-14	-4.76691e-09	
109	4.315628e-09	-4.69451e-14	-4.69451e-09	
110	4.365628e-09	-4.76695e-14	-4.76695e-09	
111	4.415628e-09	-4.69447e-14	-4.69447e-09	
112	4.465628e-09	-4.76699e-14	-4.76699e-09	

Index   time            v_rbl#branch    v_dd#branch     
--------------------------------------------------------------------------------
113	4.515628e-09	-4.69444e-14	-4.69444e-09	
114	4.565628e-09	-4.76702e-14	-4.76702e-09	
115	4.615628e-09	-4.69441e-14	-4.69441e-09	
116	4.665628e-09	-4.76704e-14	-4.76704e-09	
117	4.715628e-09	-4.69439e-14	-4.69439e-09	
118	4.765628e-09	-4.76706e-14	-4.76706e-09	
119	4.815628e-09	-4.69437e-14	-4.69437e-09	
120	4.865628e-09	-4.76708e-14	-4.76708e-09	
121	4.915628e-09	-4.69436e-14	-4.69436e-09	
122	4.965628e-09	-4.76709e-14	-4.76709e-09	
123	5.015628e-09	-4.69434e-14	-4.69434e-09	
124	5.065628e-09	-4.76710e-14	-4.76710e-09	
125	5.115628e-09	-4.69433e-14	-4.69433e-09	
126	5.165628e-09	-4.76711e-14	-4.76711e-09	
127	5.215628e-09	-4.69433e-14	-4.69433e-09	
128	5.265628e-09	-4.76712e-14	-4.76712e-09	
129	5.315628e-09	-4.69432e-14	-4.69432e-09	
130	5.365628e-09	-4.76712e-14	-4.76712e-09	
131	5.415628e-09	-4.69431e-14	-4.69431e-09	
132	5.465628e-09	-4.76713e-14	-4.76713e-09	
133	5.515628e-09	-4.69431e-14	-4.69431e-09	
134	5.565628e-09	-4.76713e-14	-4.76713e-09	
135	5.615628e-09	-4.69431e-14	-4.69431e-09	
136	5.665628e-09	-4.76714e-14	-4.76714e-09	
137	5.715628e-09	-4.69430e-14	-4.69430e-09	
138	5.765628e-09	-4.76714e-14	-4.76714e-09	
139	5.815628e-09	-4.69430e-14	-4.69430e-09	
140	5.865628e-09	-4.76714e-14	-4.76714e-09	
141	5.915628e-09	-4.69430e-14	-4.69430e-09	
142	5.965628e-09	-4.76714e-14	-4.76714e-09	
143	6.015628e-09	-4.69430e-14	-4.69430e-09	
144	6.065628e-09	-4.76714e-14	-4.76714e-09	
145	6.115628e-09	-4.69430e-14	-4.69430e-09	
146	6.165628e-09	-4.76714e-14	-4.76714e-09	
147	6.215628e-09	-4.69430e-14	-4.69430e-09	
148	6.265628e-09	-4.76714e-14	-4.76714e-09	
149	6.315628e-09	-4.69430e-14	-4.69430e-09	
150	6.365628e-09	-4.76714e-14	-4.76714e-09	
151	6.415628e-09	-4.69430e-14	-4.69430e-09	
152	6.465628e-09	-4.76714e-14	-4.76714e-09	
153	6.515628e-09	-4.69430e-14	-4.69430e-09	
154	6.565628e-09	-4.76714e-14	-4.76714e-09	
155	6.615628e-09	-4.69430e-14	-4.69430e-09	
156	6.665628e-09	-4.76713e-14	-4.76713e-09	
157	6.715628e-09	-4.69431e-14	-4.69431e-09	
158	6.765628e-09	-4.76713e-14	-4.76713e-09	
159	6.815628e-09	-4.69431e-14	-4.69431e-09	
160	6.865628e-09	-4.76713e-14	-4.76713e-09	
161	6.915628e-09	-4.69431e-14	-4.69431e-09	
162	6.965628e-09	-4.76713e-14	-4.76713e-09	
163	7.015628e-09	-4.69431e-14	-4.69431e-09	
164	7.065628e-09	-4.76713e-14	-4.76713e-09	
165	7.115628e-09	-4.69431e-14	-4.69431e-09	
166	7.165628e-09	-4.76713e-14	-4.76713e-09	
167	7.215628e-09	-4.69431e-14	-4.69431e-09	
168	7.265628e-09	-4.76712e-14	-4.76712e-09	
169	7.315628e-09	-4.69432e-14	-4.69432e-09	
170	7.365628e-09	-4.76712e-14	-4.76712e-09	

Index   time            v_rbl#branch    v_dd#branch     
--------------------------------------------------------------------------------
171	7.415628e-09	-4.69432e-14	-4.69432e-09	
172	7.465628e-09	-4.76712e-14	-4.76712e-09	
173	7.515628e-09	-4.69432e-14	-4.69432e-09	
174	7.565628e-09	-4.76712e-14	-4.76712e-09	
175	7.615628e-09	-4.69432e-14	-4.69432e-09	
176	7.665628e-09	-4.76712e-14	-4.76712e-09	
177	7.715628e-09	-4.69432e-14	-4.69432e-09	
178	7.765628e-09	-4.76712e-14	-4.76712e-09	
179	7.815628e-09	-4.69433e-14	-4.69433e-09	
180	7.865628e-09	-4.76711e-14	-4.76711e-09	
181	7.915628e-09	-4.69433e-14	-4.69433e-09	
182	7.965628e-09	-4.76711e-14	-4.76711e-09	
183	8.015628e-09	-4.69433e-14	-4.69433e-09	
184	8.065628e-09	-4.76711e-14	-4.76711e-09	
185	8.115628e-09	-4.69433e-14	-4.69433e-09	
186	8.165628e-09	-4.76711e-14	-4.76711e-09	
187	8.215628e-09	-4.69433e-14	-4.69433e-09	
188	8.265628e-09	-4.76710e-14	-4.76710e-09	
189	8.315628e-09	-4.69434e-14	-4.69434e-09	
190	8.365628e-09	-4.76710e-14	-4.76710e-09	
191	8.415628e-09	-4.69434e-14	-4.69434e-09	
192	8.465628e-09	-4.76710e-14	-4.76710e-09	
193	8.515628e-09	-4.69434e-14	-4.69434e-09	
194	8.565628e-09	-4.76710e-14	-4.76710e-09	
195	8.615628e-09	-4.69434e-14	-4.69434e-09	
196	8.665628e-09	-4.76710e-14	-4.76710e-09	
197	8.715628e-09	-4.69435e-14	-4.69435e-09	
198	8.765628e-09	-4.76709e-14	-4.76709e-09	
199	8.815628e-09	-4.69435e-14	-4.69435e-09	
200	8.865628e-09	-4.76709e-14	-4.76709e-09	
201	8.915628e-09	-4.69435e-14	-4.69435e-09	
202	8.965628e-09	-4.76709e-14	-4.76709e-09	
203	9.015628e-09	-4.69435e-14	-4.69435e-09	
204	9.065628e-09	-4.76709e-14	-4.76709e-09	
205	9.115628e-09	-4.69435e-14	-4.69435e-09	
206	9.165628e-09	-4.76709e-14	-4.76709e-09	
207	9.215628e-09	-4.69436e-14	-4.69436e-09	
208	9.265628e-09	-4.76708e-14	-4.76708e-09	
209	9.315628e-09	-4.69436e-14	-4.69436e-09	
210	9.365628e-09	-4.76708e-14	-4.76708e-09	
211	9.415628e-09	-4.69436e-14	-4.69436e-09	
212	9.465628e-09	-4.76708e-14	-4.76708e-09	
213	9.515628e-09	-4.69436e-14	-4.69436e-09	
214	9.565628e-09	-4.76708e-14	-4.76708e-09	
215	9.615628e-09	-4.69436e-14	-4.69436e-09	
216	9.665628e-09	-4.76707e-14	-4.76707e-09	
217	9.715628e-09	-4.69437e-14	-4.69437e-09	
218	9.765628e-09	-4.76707e-14	-4.76707e-09	
219	9.815628e-09	-4.69437e-14	-4.69437e-09	
220	9.865628e-09	-4.76707e-14	-4.76707e-09	
221	9.915628e-09	-4.69437e-14	-4.69437e-09	
222	9.965628e-09	-4.76707e-14	-4.76707e-09	
223	1.001563e-08	-4.69437e-14	-4.69437e-09	
224	1.006563e-08	-4.76707e-14	-4.76707e-09	
225	1.011563e-08	-4.69438e-14	-4.69438e-09	
226	1.016563e-08	-4.76706e-14	-4.76706e-09	
227	1.021563e-08	-4.69438e-14	-4.69438e-09	
228	1.026563e-08	-4.76706e-14	-4.76706e-09	

Index   time            v_rbl#branch    v_dd#branch     
--------------------------------------------------------------------------------
229	1.031563e-08	-4.69438e-14	-4.69438e-09	
230	1.036563e-08	-4.76706e-14	-4.76706e-09	
231	1.041563e-08	-4.69438e-14	-4.69438e-09	
232	1.046563e-08	-4.76706e-14	-4.76706e-09	
233	1.051563e-08	-4.69438e-14	-4.69438e-09	
234	1.056563e-08	-4.76706e-14	-4.76706e-09	
235	1.061563e-08	-4.69439e-14	-4.69439e-09	
236	1.066563e-08	-4.76705e-14	-4.76705e-09	
237	1.071563e-08	-4.69439e-14	-4.69439e-09	
238	1.076563e-08	-4.76705e-14	-4.76705e-09	
239	1.081563e-08	-4.69439e-14	-4.69439e-09	
240	1.086563e-08	-4.76705e-14	-4.76705e-09	
241	1.091563e-08	-4.69439e-14	-4.69439e-09	
242	1.096563e-08	-4.76705e-14	-4.76705e-09	
243	1.100000e-08	-4.69440e-14	-4.69440e-09	
244	1.100001e-08	-2.92804e-13	-2.92804e-08	
245	1.100003e-08	-7.96830e-13	-7.96830e-08	
246	1.100007e-08	-1.77829e-12	-1.77829e-07	
247	1.100010e-08	-2.48906e-12	-2.48906e-07	
248	1.100011e-08	-2.47982e-12	-2.47982e-07	
249	1.100012e-08	-2.44358e-12	-2.44358e-07	
250	1.100016e-08	-2.37032e-12	-2.37032e-07	
251	1.100022e-08	-2.23251e-12	-2.23251e-07	
252	1.100035e-08	-1.97842e-12	-1.97842e-07	
253	1.100060e-08	-1.55472e-12	-1.55472e-07	
254	1.100112e-08	-9.53798e-13	-9.53798e-08	
255	1.100214e-08	-3.42560e-13	-3.42560e-08	
256	1.100419e-08	-2.22653e-14	-2.22653e-09	
257	1.100828e-08	-1.66612e-14	-1.66612e-09	
258	1.101648e-08	-1.83740e-14	-1.83740e-09	
259	1.103286e-08	-1.74971e-14	-1.74971e-09	
260	1.106563e-08	-1.80825e-14	-1.80825e-09	
261	1.111563e-08	-1.76315e-14	-1.76315e-09	
262	1.116563e-08	-1.79869e-14	-1.79869e-09	
263	1.121563e-08	-1.77194e-14	-1.77194e-09	
264	1.126563e-08	-1.79062e-14	-1.79062e-09	
265	1.131563e-08	-1.77936e-14	-1.77936e-09	
266	1.136563e-08	-1.78380e-14	-1.78380e-09	
267	1.141563e-08	-1.78563e-14	-1.78563e-09	
268	1.146563e-08	-1.77804e-14	-1.77804e-09	
269	1.151563e-08	-1.79092e-14	-1.79092e-09	
270	1.156563e-08	-1.77317e-14	-1.77317e-09	
271	1.161563e-08	-1.79539e-14	-1.79539e-09	
272	1.166563e-08	-1.76907e-14	-1.76907e-09	
273	1.171563e-08	-1.79916e-14	-1.79916e-09	
274	1.176563e-08	-1.76560e-14	-1.76560e-09	
275	1.181563e-08	-1.80235e-14	-1.80235e-09	
276	1.186563e-08	-1.76267e-14	-1.76267e-09	
277	1.191563e-08	-1.80504e-14	-1.80504e-09	
278	1.196563e-08	-1.76019e-14	-1.76019e-09	
279	1.201563e-08	-1.80732e-14	-1.80732e-09	
280	1.206563e-08	-1.75810e-14	-1.75810e-09	
281	1.211563e-08	-1.80924e-14	-1.80924e-09	
282	1.216563e-08	-1.75634e-14	-1.75634e-09	
283	1.221563e-08	-1.81086e-14	-1.81086e-09	
284	1.226563e-08	-1.75485e-14	-1.75485e-09	
285	1.231563e-08	-1.81223e-14	-1.81223e-09	
286	1.236563e-08	-1.75359e-14	-1.75359e-09	

Index   time            v_rbl#branch    v_dd#branch     
--------------------------------------------------------------------------------
287	1.241563e-08	-1.81339e-14	-1.81339e-09	
288	1.246563e-08	-1.75253e-14	-1.75253e-09	
289	1.251563e-08	-1.81436e-14	-1.81436e-09	
290	1.256563e-08	-1.75163e-14	-1.75163e-09	
291	1.261563e-08	-1.81519e-14	-1.81519e-09	
292	1.266563e-08	-1.75088e-14	-1.75088e-09	
293	1.271563e-08	-1.81588e-14	-1.81588e-09	
294	1.276563e-08	-1.75024e-14	-1.75024e-09	
295	1.281563e-08	-1.81647e-14	-1.81647e-09	
296	1.286563e-08	-1.74970e-14	-1.74970e-09	
297	1.291563e-08	-1.81697e-14	-1.81697e-09	
298	1.296563e-08	-1.74924e-14	-1.74924e-09	
299	1.301563e-08	-1.81739e-14	-1.81739e-09	
300	1.306563e-08	-1.74886e-14	-1.74886e-09	
301	1.311563e-08	-1.81774e-14	-1.81774e-09	
302	1.316563e-08	-1.74853e-14	-1.74853e-09	
303	1.321563e-08	-1.81804e-14	-1.81804e-09	
304	1.326563e-08	-1.74826e-14	-1.74826e-09	
305	1.331563e-08	-1.81829e-14	-1.81829e-09	
306	1.336563e-08	-1.74803e-14	-1.74803e-09	
307	1.341563e-08	-1.81850e-14	-1.81850e-09	
308	1.346563e-08	-1.74784e-14	-1.74784e-09	
309	1.351563e-08	-1.81868e-14	-1.81868e-09	
310	1.356563e-08	-1.74767e-14	-1.74767e-09	
311	1.361563e-08	-1.81883e-14	-1.81883e-09	
312	1.366563e-08	-1.74753e-14	-1.74753e-09	
313	1.371563e-08	-1.81896e-14	-1.81896e-09	
314	1.376563e-08	-1.74742e-14	-1.74742e-09	
315	1.381563e-08	-1.81906e-14	-1.81906e-09	
316	1.386563e-08	-1.74732e-14	-1.74732e-09	
317	1.391563e-08	-1.81915e-14	-1.81915e-09	
318	1.396563e-08	-1.74724e-14	-1.74724e-09	
319	1.401563e-08	-1.81923e-14	-1.81923e-09	
320	1.406563e-08	-1.74717e-14	-1.74717e-09	
321	1.411563e-08	-1.81929e-14	-1.81929e-09	
322	1.416563e-08	-1.74711e-14	-1.74711e-09	
323	1.421563e-08	-1.81935e-14	-1.81935e-09	
324	1.426563e-08	-1.74706e-14	-1.74706e-09	
325	1.431563e-08	-1.81939e-14	-1.81939e-09	
326	1.436563e-08	-1.74702e-14	-1.74702e-09	
327	1.441563e-08	-1.81943e-14	-1.81943e-09	
328	1.446563e-08	-1.74699e-14	-1.74699e-09	
329	1.451563e-08	-1.81946e-14	-1.81946e-09	
330	1.456563e-08	-1.74696e-14	-1.74696e-09	
331	1.461563e-08	-1.81949e-14	-1.81949e-09	
332	1.466563e-08	-1.74694e-14	-1.74694e-09	
333	1.471563e-08	-1.81951e-14	-1.81951e-09	
334	1.476563e-08	-1.74692e-14	-1.74692e-09	
335	1.481563e-08	-1.81953e-14	-1.81953e-09	
336	1.486563e-08	-1.74690e-14	-1.74690e-09	
337	1.491563e-08	-1.81954e-14	-1.81954e-09	
338	1.496563e-08	-1.74689e-14	-1.74689e-09	
339	1.500000e-08	-1.81956e-14	-1.81956e-09	
340	1.500001e-08	8.891787e-14	8.891787e-09	
341	1.500003e-08	3.081224e-13	3.081224e-08	
342	1.500007e-08	7.349473e-13	7.349473e-08	
343	1.500010e-08	1.044068e-12	1.044068e-07	
344	1.500011e-08	1.040062e-12	1.040062e-07	

Index   time            v_rbl#branch    v_dd#branch     
--------------------------------------------------------------------------------
345	1.500012e-08	1.024345e-12	1.024345e-07	
346	1.500016e-08	9.925606e-13	9.925606e-08	
347	1.500022e-08	9.327785e-13	9.327785e-08	
348	1.500035e-08	8.225515e-13	8.225515e-08	
349	1.500060e-08	6.387445e-13	6.387445e-08	
350	1.500112e-08	3.780570e-13	3.780570e-08	
351	1.500214e-08	1.128951e-13	1.128951e-08	
352	1.500419e-08	-2.60528e-14	-2.60528e-09	
353	1.500828e-08	-2.84836e-14	-2.84836e-09	
354	1.501648e-08	-2.77408e-14	-2.77408e-09	
355	1.503286e-08	-2.81210e-14	-2.81210e-09	
356	1.506563e-08	-2.78673e-14	-2.78673e-09	
357	1.511563e-08	-2.80626e-14	-2.80626e-09	
358	1.516563e-08	-2.79087e-14	-2.79087e-09	
359	1.521563e-08	-2.80245e-14	-2.80245e-09	
360	1.526563e-08	-2.79438e-14	-2.79438e-09	
361	1.531563e-08	-2.79923e-14	-2.79923e-09	
362	1.536563e-08	-2.79733e-14	-2.79733e-09	
363	1.541563e-08	-2.79652e-14	-2.79652e-09	
364	1.546563e-08	-2.79983e-14	-2.79983e-09	
365	1.551563e-08	-2.79422e-14	-2.79422e-09	
366	1.556563e-08	-2.80194e-14	-2.80194e-09	
367	1.561563e-08	-2.79228e-14	-2.79228e-09	
368	1.566563e-08	-2.80373e-14	-2.80373e-09	
369	1.571563e-08	-2.79064e-14	-2.79064e-09	
370	1.576563e-08	-2.80523e-14	-2.80523e-09	
371	1.581563e-08	-2.78926e-14	-2.78926e-09	
372	1.586563e-08	-2.80650e-14	-2.80650e-09	
373	1.591563e-08	-2.78809e-14	-2.78809e-09	
374	1.596563e-08	-2.80757e-14	-2.80757e-09	
375	1.601563e-08	-2.78711e-14	-2.78711e-09	
376	1.606563e-08	-2.80848e-14	-2.80848e-09	
377	1.611563e-08	-2.78627e-14	-2.78627e-09	
378	1.616563e-08	-2.80925e-14	-2.80925e-09	
379	1.621563e-08	-2.78557e-14	-2.78557e-09	
380	1.626563e-08	-2.80989e-14	-2.80989e-09	
381	1.631563e-08	-2.78498e-14	-2.78498e-09	
382	1.636563e-08	-2.81044e-14	-2.81044e-09	
383	1.641563e-08	-2.78448e-14	-2.78448e-09	
384	1.646563e-08	-2.81090e-14	-2.81090e-09	
385	1.651563e-08	-2.78405e-14	-2.78405e-09	
386	1.656563e-08	-2.81129e-14	-2.81129e-09	
387	1.661563e-08	-2.78369e-14	-2.78369e-09	
388	1.666563e-08	-2.81162e-14	-2.81162e-09	
389	1.671563e-08	-2.78339e-14	-2.78339e-09	
390	1.676563e-08	-2.81190e-14	-2.81190e-09	
391	1.681563e-08	-2.78314e-14	-2.78314e-09	
392	1.686563e-08	-2.81213e-14	-2.81213e-09	
393	1.691563e-08	-2.78292e-14	-2.78292e-09	
394	1.696563e-08	-2.81233e-14	-2.81233e-09	
395	1.701563e-08	-2.78274e-14	-2.78274e-09	
396	1.706563e-08	-2.81249e-14	-2.81249e-09	
397	1.711563e-08	-2.78259e-14	-2.78259e-09	
398	1.716563e-08	-2.81264e-14	-2.81264e-09	
399	1.721563e-08	-2.78246e-14	-2.78246e-09	
400	1.726563e-08	-2.81275e-14	-2.81275e-09	
401	1.731563e-08	-2.78235e-14	-2.78235e-09	
402	1.736563e-08	-2.81285e-14	-2.81285e-09	

Index   time            v_rbl#branch    v_dd#branch     
--------------------------------------------------------------------------------
403	1.741563e-08	-2.78226e-14	-2.78226e-09	
404	1.746563e-08	-2.81294e-14	-2.81294e-09	
405	1.751563e-08	-2.78218e-14	-2.78218e-09	
406	1.756563e-08	-2.81301e-14	-2.81301e-09	
407	1.761563e-08	-2.78212e-14	-2.78212e-09	
408	1.766563e-08	-2.81307e-14	-2.81307e-09	
409	1.771563e-08	-2.78206e-14	-2.78206e-09	
410	1.776563e-08	-2.81312e-14	-2.81312e-09	
411	1.781563e-08	-2.78202e-14	-2.78202e-09	
412	1.786563e-08	-2.81316e-14	-2.81316e-09	
413	1.791563e-08	-2.78198e-14	-2.78198e-09	
414	1.796563e-08	-2.81320e-14	-2.81320e-09	
415	1.801563e-08	-2.78194e-14	-2.78194e-09	
416	1.806563e-08	-2.81323e-14	-2.81323e-09	
417	1.811563e-08	-2.78192e-14	-2.78192e-09	
418	1.816563e-08	-2.81325e-14	-2.81325e-09	
419	1.821563e-08	-2.78189e-14	-2.78189e-09	
420	1.826563e-08	-2.81328e-14	-2.81328e-09	
421	1.831563e-08	-2.78187e-14	-2.78187e-09	
422	1.836563e-08	-2.81329e-14	-2.81329e-09	
423	1.841563e-08	-2.78186e-14	-2.78186e-09	
424	1.846563e-08	-2.81331e-14	-2.81331e-09	
425	1.851563e-08	-2.78185e-14	-2.78185e-09	
426	1.856563e-08	-2.81332e-14	-2.81332e-09	
427	1.861563e-08	-2.78183e-14	-2.78183e-09	
428	1.866563e-08	-2.81333e-14	-2.81333e-09	
429	1.871563e-08	-2.78183e-14	-2.78183e-09	
430	1.876563e-08	-2.81334e-14	-2.81334e-09	
431	1.881563e-08	-2.78182e-14	-2.78182e-09	
432	1.886563e-08	-2.81335e-14	-2.81335e-09	
433	1.891563e-08	-2.78181e-14	-2.78181e-09	
434	1.896563e-08	-2.81335e-14	-2.81335e-09	
435	1.901563e-08	-2.78181e-14	-2.78181e-09	
436	1.906563e-08	-2.81336e-14	-2.81336e-09	
437	1.911563e-08	-2.78180e-14	-2.78180e-09	
438	1.916563e-08	-2.81336e-14	-2.81336e-09	
439	1.921563e-08	-2.78180e-14	-2.78180e-09	
440	1.926563e-08	-2.81337e-14	-2.81337e-09	
441	1.931563e-08	-2.78180e-14	-2.78180e-09	
442	1.936563e-08	-2.81337e-14	-2.81337e-09	
443	1.941563e-08	-2.78179e-14	-2.78179e-09	
444	1.946563e-08	-2.81337e-14	-2.81337e-09	
445	1.951563e-08	-2.78179e-14	-2.78179e-09	
446	1.956563e-08	-2.81337e-14	-2.81337e-09	
447	1.961563e-08	-2.78179e-14	-2.78179e-09	
448	1.966563e-08	-2.81337e-14	-2.81337e-09	
449	1.971563e-08	-2.78179e-14	-2.78179e-09	
450	1.976563e-08	-2.81337e-14	-2.81337e-09	
451	1.981563e-08	-2.78179e-14	-2.78179e-09	
452	1.986563e-08	-2.81338e-14	-2.81338e-09	
453	1.991563e-08	-2.78179e-14	-2.78179e-09	
454	1.996563e-08	-2.81338e-14	-2.81338e-09	
455	2.000000e-08	-2.78179e-14	-2.78179e-09	
456	2.000001e-08	-1.34730e-13	-1.34730e-08	
457	2.000003e-08	-3.53910e-13	-3.53910e-08	
458	2.000007e-08	-7.80721e-13	-7.80721e-08	
459	2.000010e-08	-1.08982e-12	-1.08982e-07	
460	2.000011e-08	-1.08582e-12	-1.08582e-07	

Index   time            v_rbl#branch    v_dd#branch     
--------------------------------------------------------------------------------
461	2.000012e-08	-1.07010e-12	-1.07010e-07	
462	2.000016e-08	-1.03832e-12	-1.03832e-07	
463	2.000022e-08	-9.78542e-13	-9.78542e-08	
464	2.000035e-08	-8.68320e-13	-8.68320e-08	
465	2.000060e-08	-6.84522e-13	-6.84522e-08	
466	2.000112e-08	-4.23846e-13	-4.23846e-08	
467	2.000214e-08	-1.58697e-13	-1.58697e-08	
468	2.000419e-08	-1.97549e-14	-1.97549e-09	
469	2.000828e-08	-1.73246e-14	-1.73246e-09	
470	2.001648e-08	-1.80669e-14	-1.80669e-09	
471	2.003286e-08	-1.76872e-14	-1.76872e-09	
472	2.006563e-08	-1.79405e-14	-1.79405e-09	
473	2.011563e-08	-1.77456e-14	-1.77456e-09	
474	2.016563e-08	-1.78990e-14	-1.78990e-09	
475	2.021563e-08	-1.77837e-14	-1.77837e-09	
476	2.026563e-08	-1.78640e-14	-1.78640e-09	
477	2.031563e-08	-1.78159e-14	-1.78159e-09	
478	2.036563e-08	-1.78344e-14	-1.78344e-09	
479	2.041563e-08	-1.78431e-14	-1.78431e-09	
480	2.046563e-08	-1.78094e-14	-1.78094e-09	
481	2.051563e-08	-1.78660e-14	-1.78660e-09	
482	2.056563e-08	-1.77883e-14	-1.77883e-09	
483	2.061563e-08	-1.78854e-14	-1.78854e-09	
484	2.066563e-08	-1.77705e-14	-1.77705e-09	
485	2.071563e-08	-1.79018e-14	-1.79018e-09	
486	2.076563e-08	-1.77555e-14	-1.77555e-09	
487	2.081563e-08	-1.79156e-14	-1.79156e-09	
488	2.086563e-08	-1.77428e-14	-1.77428e-09	
489	2.091563e-08	-1.79273e-14	-1.79273e-09	
490	2.096563e-08	-1.77320e-14	-1.77320e-09	
491	2.101563e-08	-1.79372e-14	-1.79372e-09	
492	2.106563e-08	-1.77230e-14	-1.77230e-09	
493	2.111563e-08	-1.79455e-14	-1.79455e-09	
494	2.116563e-08	-1.77153e-14	-1.77153e-09	
495	2.121563e-08	-1.79525e-14	-1.79525e-09	
496	2.126563e-08	-1.77088e-14	-1.77088e-09	
497	2.131563e-08	-1.79585e-14	-1.79585e-09	
498	2.136563e-08	-1.77034e-14	-1.77034e-09	
499	2.141563e-08	-1.79635e-14	-1.79635e-09	
500	2.146563e-08	-1.76988e-14	-1.76988e-09	
501	2.151563e-08	-1.79677e-14	-1.79677e-09	
502	2.156563e-08	-1.76949e-14	-1.76949e-09	
503	2.161563e-08	-1.79713e-14	-1.79713e-09	
504	2.166563e-08	-1.76916e-14	-1.76916e-09	
505	2.171563e-08	-1.79743e-14	-1.79743e-09	
506	2.176563e-08	-1.76888e-14	-1.76888e-09	
507	2.181563e-08	-1.79769e-14	-1.79769e-09	
508	2.186563e-08	-1.76865e-14	-1.76865e-09	
509	2.191563e-08	-1.79790e-14	-1.79790e-09	
510	2.196563e-08	-1.76845e-14	-1.76845e-09	
511	2.201563e-08	-1.79808e-14	-1.79808e-09	
512	2.206563e-08	-1.76829e-14	-1.76829e-09	
513	2.211563e-08	-1.79824e-14	-1.79824e-09	
514	2.216563e-08	-1.76815e-14	-1.76815e-09	
515	2.221563e-08	-1.79837e-14	-1.79837e-09	
516	2.226563e-08	-1.76803e-14	-1.76803e-09	
517	2.231563e-08	-1.79848e-14	-1.79848e-09	
518	2.236563e-08	-1.76793e-14	-1.76793e-09	

Index   time            v_rbl#branch    v_dd#branch     
--------------------------------------------------------------------------------
519	2.241563e-08	-1.79857e-14	-1.79857e-09	
520	2.246563e-08	-1.76784e-14	-1.76784e-09	
521	2.251563e-08	-1.79865e-14	-1.79865e-09	
522	2.256563e-08	-1.76777e-14	-1.76777e-09	
523	2.261563e-08	-1.79871e-14	-1.79871e-09	
524	2.266563e-08	-1.76771e-14	-1.76771e-09	
525	2.271563e-08	-1.79877e-14	-1.79877e-09	
526	2.276563e-08	-1.76766e-14	-1.76766e-09	
527	2.281563e-08	-1.79881e-14	-1.79881e-09	
528	2.286563e-08	-1.76762e-14	-1.76762e-09	
529	2.291563e-08	-1.79885e-14	-1.79885e-09	
530	2.296563e-08	-1.76758e-14	-1.76758e-09	
531	2.301563e-08	-1.79889e-14	-1.79889e-09	
532	2.306563e-08	-1.76755e-14	-1.76755e-09	
533	2.311563e-08	-1.79891e-14	-1.79891e-09	
534	2.316563e-08	-1.76753e-14	-1.76753e-09	
535	2.321563e-08	-1.79894e-14	-1.79894e-09	
536	2.326563e-08	-1.76751e-14	-1.76751e-09	
537	2.331563e-08	-1.79896e-14	-1.79896e-09	
538	2.336563e-08	-1.76749e-14	-1.76749e-09	
539	2.341563e-08	-1.79897e-14	-1.79897e-09	
540	2.346563e-08	-1.76748e-14	-1.76748e-09	
541	2.351563e-08	-1.79899e-14	-1.79899e-09	
542	2.356563e-08	-1.76746e-14	-1.76746e-09	
543	2.361563e-08	-1.79900e-14	-1.79900e-09	
544	2.366563e-08	-1.76745e-14	-1.76745e-09	
545	2.371563e-08	-1.79901e-14	-1.79901e-09	
546	2.376563e-08	-1.76745e-14	-1.76745e-09	
547	2.381563e-08	-1.79902e-14	-1.79902e-09	
548	2.386563e-08	-1.76744e-14	-1.76744e-09	
549	2.391563e-08	-1.79902e-14	-1.79902e-09	
550	2.396563e-08	-1.76743e-14	-1.76743e-09	
551	2.401563e-08	-1.79903e-14	-1.79903e-09	
552	2.406563e-08	-1.76743e-14	-1.76743e-09	
553	2.411563e-08	-1.79903e-14	-1.79903e-09	
554	2.416563e-08	-1.76742e-14	-1.76742e-09	
555	2.421563e-08	-1.79904e-14	-1.79904e-09	
556	2.426563e-08	-1.76742e-14	-1.76742e-09	
557	2.431563e-08	-1.79904e-14	-1.79904e-09	
558	2.436563e-08	-1.76742e-14	-1.76742e-09	
559	2.441563e-08	-1.79904e-14	-1.79904e-09	
560	2.446563e-08	-1.76742e-14	-1.76742e-09	
561	2.451563e-08	-1.79904e-14	-1.79904e-09	
562	2.456563e-08	-1.76742e-14	-1.76742e-09	
563	2.461563e-08	-1.79904e-14	-1.79904e-09	
564	2.466563e-08	-1.76742e-14	-1.76742e-09	
565	2.471563e-08	-1.79905e-14	-1.79905e-09	
566	2.476563e-08	-1.76741e-14	-1.76741e-09	
567	2.481563e-08	-1.79905e-14	-1.79905e-09	
568	2.486563e-08	-1.76741e-14	-1.76741e-09	
569	2.491563e-08	-1.79905e-14	-1.79905e-09	
570	2.496563e-08	-1.76741e-14	-1.76741e-09	
571	2.501563e-08	-1.79905e-14	-1.79905e-09	
572	2.506563e-08	-1.76741e-14	-1.76741e-09	
573	2.511563e-08	-1.79905e-14	-1.79905e-09	
574	2.516563e-08	-1.76741e-14	-1.76741e-09	
575	2.521563e-08	-1.79905e-14	-1.79905e-09	
576	2.526563e-08	-1.76741e-14	-1.76741e-09	

Index   time            v_rbl#branch    v_dd#branch     
--------------------------------------------------------------------------------
577	2.531563e-08	-1.79905e-14	-1.79905e-09	
578	2.536563e-08	-1.76742e-14	-1.76742e-09	
579	2.541563e-08	-1.79905e-14	-1.79905e-09	
580	2.546563e-08	-1.76742e-14	-1.76742e-09	
581	2.551563e-08	-1.79905e-14	-1.79905e-09	
582	2.556563e-08	-1.76742e-14	-1.76742e-09	
583	2.561563e-08	-1.79905e-14	-1.79905e-09	
584	2.566563e-08	-1.76742e-14	-1.76742e-09	
585	2.571563e-08	-1.79905e-14	-1.79905e-09	
586	2.576563e-08	-1.76742e-14	-1.76742e-09	
587	2.581563e-08	-1.79905e-14	-1.79905e-09	
588	2.586563e-08	-1.76742e-14	-1.76742e-09	
589	2.591563e-08	-1.79905e-14	-1.79905e-09	
590	2.596563e-08	-1.76742e-14	-1.76742e-09	
591	2.601563e-08	-1.79904e-14	-1.79904e-09	
592	2.606563e-08	-1.76742e-14	-1.76742e-09	
593	2.611563e-08	-1.79904e-14	-1.79904e-09	
594	2.616563e-08	-1.76742e-14	-1.76742e-09	
595	2.621563e-08	-1.79904e-14	-1.79904e-09	
596	2.626563e-08	-1.76742e-14	-1.76742e-09	
597	2.631563e-08	-1.79904e-14	-1.79904e-09	
598	2.636563e-08	-1.76742e-14	-1.76742e-09	
599	2.641563e-08	-1.79904e-14	-1.79904e-09	
600	2.646563e-08	-1.76742e-14	-1.76742e-09	
601	2.651563e-08	-1.79904e-14	-1.79904e-09	
602	2.656563e-08	-1.76743e-14	-1.76743e-09	
603	2.661563e-08	-1.79904e-14	-1.79904e-09	
604	2.666563e-08	-1.76743e-14	-1.76743e-09	
605	2.671563e-08	-1.79904e-14	-1.79904e-09	
606	2.676563e-08	-1.76743e-14	-1.76743e-09	
607	2.681563e-08	-1.79904e-14	-1.79904e-09	
608	2.686563e-08	-1.76743e-14	-1.76743e-09	
609	2.691563e-08	-1.79904e-14	-1.79904e-09	
610	2.696563e-08	-1.76743e-14	-1.76743e-09	
611	2.701563e-08	-1.79904e-14	-1.79904e-09	
612	2.706563e-08	-1.76743e-14	-1.76743e-09	
613	2.711563e-08	-1.79904e-14	-1.79904e-09	
614	2.716563e-08	-1.76743e-14	-1.76743e-09	
615	2.721563e-08	-1.79904e-14	-1.79904e-09	
616	2.726563e-08	-1.76743e-14	-1.76743e-09	
617	2.731563e-08	-1.79904e-14	-1.79904e-09	
618	2.736563e-08	-1.76743e-14	-1.76743e-09	
619	2.741563e-08	-1.79903e-14	-1.79903e-09	
620	2.746563e-08	-1.76744e-14	-1.76744e-09	
621	2.751563e-08	-1.79903e-14	-1.79903e-09	
622	2.756563e-08	-1.76744e-14	-1.76744e-09	
623	2.761563e-08	-1.79903e-14	-1.79903e-09	
624	2.766563e-08	-1.76744e-14	-1.76744e-09	
625	2.771563e-08	-1.79903e-14	-1.79903e-09	
626	2.776563e-08	-1.76744e-14	-1.76744e-09	
627	2.781563e-08	-1.79903e-14	-1.79903e-09	
628	2.786563e-08	-1.76744e-14	-1.76744e-09	
629	2.791563e-08	-1.79903e-14	-1.79903e-09	
630	2.796563e-08	-1.76744e-14	-1.76744e-09	
631	2.801563e-08	-1.79903e-14	-1.79903e-09	
632	2.806563e-08	-1.76744e-14	-1.76744e-09	
633	2.811563e-08	-1.79903e-14	-1.79903e-09	
634	2.816563e-08	-1.76744e-14	-1.76744e-09	

Index   time            v_rbl#branch    v_dd#branch     
--------------------------------------------------------------------------------
635	2.821563e-08	-1.79903e-14	-1.79903e-09	
636	2.826563e-08	-1.76744e-14	-1.76744e-09	
637	2.831563e-08	-1.79903e-14	-1.79903e-09	
638	2.836563e-08	-1.76745e-14	-1.76745e-09	
639	2.841563e-08	-1.79903e-14	-1.79903e-09	
640	2.846563e-08	-1.76745e-14	-1.76745e-09	
641	2.851563e-08	-1.79903e-14	-1.79903e-09	
642	2.856563e-08	-1.76745e-14	-1.76745e-09	
643	2.861563e-08	-1.79903e-14	-1.79903e-09	
644	2.866563e-08	-1.76745e-14	-1.76745e-09	
645	2.871563e-08	-1.79902e-14	-1.79902e-09	
646	2.876563e-08	-1.76745e-14	-1.76745e-09	
647	2.881563e-08	-1.79902e-14	-1.79902e-09	
648	2.886563e-08	-1.76745e-14	-1.76745e-09	
649	2.891563e-08	-1.79902e-14	-1.79902e-09	
650	2.896563e-08	-1.76745e-14	-1.76745e-09	
651	2.901563e-08	-1.79902e-14	-1.79902e-09	
652	2.906563e-08	-1.76745e-14	-1.76745e-09	
653	2.911563e-08	-1.79902e-14	-1.79902e-09	
654	2.916563e-08	-1.76745e-14	-1.76745e-09	
655	2.921563e-08	-1.79902e-14	-1.79902e-09	
656	2.926563e-08	-1.76746e-14	-1.76746e-09	
657	2.931563e-08	-1.79902e-14	-1.79902e-09	
658	2.936563e-08	-1.76746e-14	-1.76746e-09	
659	2.941563e-08	-1.79902e-14	-1.79902e-09	
660	2.946563e-08	-1.76746e-14	-1.76746e-09	
661	2.951563e-08	-1.79902e-14	-1.79902e-09	
662	2.956563e-08	-1.76746e-14	-1.76746e-09	
663	2.961563e-08	-1.79902e-14	-1.79902e-09	
664	2.966563e-08	-1.76746e-14	-1.76746e-09	
665	2.971563e-08	-1.79902e-14	-1.79902e-09	
666	2.976563e-08	-1.76746e-14	-1.76746e-09	
667	2.981563e-08	-1.79902e-14	-1.79902e-09	
668	2.986563e-08	-1.76746e-14	-1.76746e-09	
669	2.991563e-08	-1.79902e-14	-1.79902e-09	
670	2.996563e-08	-1.76746e-14	-1.76746e-09	
671	3.000000e-08	-1.79901e-14	-1.79901e-09	


Total analysis time (seconds) = 0.017

Total elapsed time (seconds) = 0.027 

Total DRAM available = 32616.133 MB.
DRAM currently available = 8816.754 MB.
Maximum ngspice program size =    9.941 MB.
Current ngspice program size =    9.941 MB.

