Using SPARSE 1.3 as Direct Linear Solver

Note: No compatibility mode selected!


Circuit: ********************************************************************************

Doing analysis at TEMP = 27.000000 and TNOM = 27.000000


Initial Transient Solution
--------------------------

Node                                   Voltage
----                                   -------
sn                                -5.18664e-10
wwl_drv                                   -0.8
wbl_drv                                    1.2
rwl_drv                                      0
rbl_drv                                    1.2
vdd                                        1.2
wwl                                       -0.8
wbl                                        1.2
rwl                                          0
rbl                                    1.19995
sa_out                                 1.19995
b_comp#branch                     -1.19995e-06
v_dd#branch                       -4.73073e-09
v_rbl#branch                      -4.73073e-14
v_rwl#branch                                 0
v_wbl#branch                                 0
v_wwl#branch                                 0


No. of Data Rows : 676
********************************************************************************
Transient Analysis  Tue Aug 18 15:49:49  2026
--------------------------------------------------------------------------------
Index   time            v(wwl)          v(wbl)          v(rwl)          
--------------------------------------------------------------------------------
0	0.000000e+00	-8.00000e-01	1.200000e+00	0.000000e+00	
1	5.000000e-13	-8.00000e-01	1.200000e+00	-3.04898e-22	
2	1.000000e-12	-8.00000e-01	1.200000e+00	-2.29413e-25	
3	2.000000e-12	-8.00000e-01	1.200000e+00	2.290600e-25	
4	4.000000e-12	-8.00000e-01	1.200000e+00	5.199923e-22	
5	8.000000e-12	-8.00000e-01	1.200000e+00	-1.29557e-22	
6	1.600000e-11	-8.00000e-01	1.200000e+00	-5.59176e-25	
7	3.200000e-11	-8.00000e-01	1.200000e+00	5.591257e-25	
8	6.400000e-11	-8.00000e-01	1.200000e+00	1.570355e-23	
9	1.140000e-10	-8.00000e-01	1.200000e+00	-5.73358e-23	
10	1.640000e-10	-8.00000e-01	1.200000e+00	5.733409e-23	
11	2.140000e-10	-8.00000e-01	1.200000e+00	-5.73324e-23	
12	2.640000e-10	-8.00000e-01	1.200000e+00	5.733063e-23	
13	3.140000e-10	-8.00000e-01	1.200000e+00	-5.73289e-23	
14	3.640000e-10	-8.00000e-01	1.200000e+00	5.732718e-23	
15	4.140000e-10	-8.00000e-01	1.200000e+00	-5.73255e-23	
16	4.640000e-10	-8.00000e-01	1.200000e+00	5.732373e-23	
17	5.140000e-10	-8.00000e-01	1.200000e+00	-5.73220e-23	
18	5.640000e-10	-8.00000e-01	1.200000e+00	5.732027e-23	
19	6.140000e-10	-8.00000e-01	1.200000e+00	-5.73185e-23	
20	6.640000e-10	-8.00000e-01	1.200000e+00	5.731682e-23	
21	7.140000e-10	-8.00000e-01	1.200000e+00	-5.73151e-23	
22	7.640000e-10	-8.00000e-01	1.200000e+00	5.731337e-23	
23	8.140000e-10	-8.00000e-01	1.200000e+00	-5.73116e-23	
24	8.640000e-10	-8.00000e-01	1.200000e+00	5.730992e-23	
25	9.140000e-10	-8.00000e-01	1.200000e+00	-5.73082e-23	
26	9.640000e-10	-8.00000e-01	1.200000e+00	5.730647e-23	
27	1.000000e-09	-8.00000e-01	1.200000e+00	-1.39369e-23	
28	1.000010e-09	-5.78307e-01	1.200005e+00	3.780661e-05	
29	1.000030e-09	-1.18908e-01	1.200006e+00	4.326834e-05	
30	1.000070e-09	8.016594e-01	1.200005e+00	3.826090e-05	
31	1.000100e-09	1.491117e+00	1.200005e+00	4.295100e-05	
32	1.000108e-09	1.499603e+00	1.200000e+00	3.722177e-06	
33	1.000124e-09	1.500362e+00	1.199999e+00	-3.21304e-06	
34	1.000156e-09	1.499655e+00	1.200000e+00	3.005601e-06	
35	1.000220e-09	1.500337e+00	1.199999e+00	-2.88244e-06	
36	1.000348e-09	1.499667e+00	1.200000e+00	2.846956e-06	
37	1.000604e-09	1.500332e+00	1.199999e+00	-2.80439e-06	
38	1.001116e-09	1.499669e+00	1.200000e+00	2.808778e-06	
39	1.002140e-09	1.500330e+00	1.199999e+00	-2.78481e-06	
40	1.004188e-09	1.499670e+00	1.200000e+00	2.799533e-06	
41	1.008284e-09	1.500330e+00	1.199999e+00	-2.77993e-06	
42	1.016476e-09	1.499670e+00	1.200000e+00	2.797149e-06	
43	1.032860e-09	1.500330e+00	1.199999e+00	-2.77873e-06	
44	1.065628e-09	1.499670e+00	1.200000e+00	2.796553e-06	
45	1.115628e-09	1.500330e+00	1.199999e+00	-2.77841e-06	
46	1.165628e-09	1.499670e+00	1.200000e+00	2.796293e-06	
47	1.215628e-09	1.500330e+00	1.199999e+00	-2.77815e-06	
48	1.265628e-09	1.499670e+00	1.200000e+00	2.796032e-06	
49	1.315628e-09	1.500330e+00	1.199999e+00	-2.77789e-06	
50	1.365628e-09	1.499670e+00	1.200000e+00	2.795772e-06	
51	1.415628e-09	1.500330e+00	1.199999e+00	-2.77762e-06	
52	1.465628e-09	1.499671e+00	1.200000e+00	2.795512e-06	
53	1.515628e-09	1.500329e+00	1.199999e+00	-2.77736e-06	
54	1.565628e-09	1.499671e+00	1.200000e+00	2.795251e-06	

Index   time            v(wwl)          v(wbl)          v(rwl)          
--------------------------------------------------------------------------------
55	1.615628e-09	1.500329e+00	1.199999e+00	-2.77710e-06	
56	1.665628e-09	1.499671e+00	1.200000e+00	2.794991e-06	
57	1.715628e-09	1.500329e+00	1.199999e+00	-2.77684e-06	
58	1.765628e-09	1.499671e+00	1.200000e+00	2.794731e-06	
59	1.815628e-09	1.500329e+00	1.199999e+00	-2.77658e-06	
60	1.865628e-09	1.499671e+00	1.200000e+00	2.794471e-06	
61	1.915628e-09	1.500329e+00	1.199999e+00	-2.77632e-06	
62	1.965628e-09	1.499671e+00	1.200000e+00	2.794210e-06	
63	2.015628e-09	1.500329e+00	1.199999e+00	-2.77606e-06	
64	2.065628e-09	1.499671e+00	1.200000e+00	2.793950e-06	
65	2.115628e-09	1.500329e+00	1.199999e+00	-2.77580e-06	
66	2.165628e-09	1.499671e+00	1.200000e+00	2.793690e-06	
67	2.215628e-09	1.500329e+00	1.199999e+00	-2.77554e-06	
68	2.265628e-09	1.499671e+00	1.200000e+00	2.793430e-06	
69	2.315628e-09	1.500329e+00	1.199999e+00	-2.77528e-06	
70	2.365628e-09	1.499671e+00	1.200000e+00	2.793170e-06	
71	2.415628e-09	1.500329e+00	1.199999e+00	-2.77502e-06	
72	2.465628e-09	1.499671e+00	1.200000e+00	2.792909e-06	
73	2.515628e-09	1.500329e+00	1.199999e+00	-2.77476e-06	
74	2.565628e-09	1.499671e+00	1.200000e+00	2.792649e-06	
75	2.615628e-09	1.500329e+00	1.199999e+00	-2.77450e-06	
76	2.665628e-09	1.499671e+00	1.200000e+00	2.792389e-06	
77	2.715628e-09	1.500329e+00	1.199999e+00	-2.77424e-06	
78	2.765628e-09	1.499671e+00	1.200000e+00	2.792129e-06	
79	2.815628e-09	1.500329e+00	1.199999e+00	-2.77398e-06	
80	2.865628e-09	1.499671e+00	1.200000e+00	2.791869e-06	
81	2.915628e-09	1.500329e+00	1.199999e+00	-2.77372e-06	
82	2.965628e-09	1.499671e+00	1.200000e+00	2.791609e-06	
83	3.015628e-09	1.500329e+00	1.199999e+00	-2.77346e-06	
84	3.065628e-09	1.499671e+00	1.200000e+00	2.791349e-06	
85	3.115628e-09	1.500329e+00	1.199999e+00	-2.77320e-06	
86	3.165628e-09	1.499671e+00	1.200000e+00	2.791089e-06	
87	3.215628e-09	1.500329e+00	1.199999e+00	-2.77294e-06	
88	3.265628e-09	1.499671e+00	1.200000e+00	2.790829e-06	
89	3.315628e-09	1.500329e+00	1.199999e+00	-2.77268e-06	
90	3.365628e-09	1.499671e+00	1.200000e+00	2.790569e-06	
91	3.415628e-09	1.500329e+00	1.199999e+00	-2.77242e-06	
92	3.465628e-09	1.499671e+00	1.200000e+00	2.790309e-06	
93	3.515628e-09	1.500329e+00	1.199999e+00	-2.77216e-06	
94	3.565628e-09	1.499671e+00	1.200000e+00	2.790049e-06	
95	3.615628e-09	1.500329e+00	1.199999e+00	-2.77190e-06	
96	3.665628e-09	1.499671e+00	1.200000e+00	2.789789e-06	
97	3.715628e-09	1.500329e+00	1.199999e+00	-2.77164e-06	
98	3.765628e-09	1.499671e+00	1.200000e+00	2.789529e-06	
99	3.815628e-09	1.500329e+00	1.199999e+00	-2.77138e-06	
100	3.865628e-09	1.499671e+00	1.200000e+00	2.789269e-06	
101	3.915628e-09	1.500329e+00	1.199999e+00	-2.77112e-06	
102	3.965628e-09	1.499671e+00	1.200000e+00	2.789010e-06	
103	4.015628e-09	1.500329e+00	1.199999e+00	-2.77086e-06	
104	4.065628e-09	1.499671e+00	1.200000e+00	2.788750e-06	
105	4.115628e-09	1.500329e+00	1.199999e+00	-2.77060e-06	
106	4.165628e-09	1.499671e+00	1.200000e+00	2.788490e-06	
107	4.215628e-09	1.500329e+00	1.199999e+00	-2.77034e-06	
108	4.265628e-09	1.499671e+00	1.200000e+00	2.788230e-06	
109	4.315628e-09	1.500329e+00	1.199999e+00	-2.77009e-06	
110	4.365628e-09	1.499671e+00	1.200000e+00	2.787970e-06	
111	4.415628e-09	1.500329e+00	1.199999e+00	-2.76983e-06	
112	4.465628e-09	1.499671e+00	1.200000e+00	2.787711e-06	

Index   time            v(wwl)          v(wbl)          v(rwl)          
--------------------------------------------------------------------------------
113	4.515628e-09	1.500329e+00	1.199999e+00	-2.76957e-06	
114	4.565628e-09	1.499671e+00	1.200000e+00	2.787451e-06	
115	4.615628e-09	1.500329e+00	1.199999e+00	-2.76931e-06	
116	4.665628e-09	1.499671e+00	1.200000e+00	2.787191e-06	
117	4.715628e-09	1.500329e+00	1.199999e+00	-2.76905e-06	
118	4.765628e-09	1.499671e+00	1.200000e+00	2.786931e-06	
119	4.815628e-09	1.500329e+00	1.199999e+00	-2.76879e-06	
120	4.865628e-09	1.499671e+00	1.200000e+00	2.786672e-06	
121	4.915628e-09	1.500329e+00	1.199999e+00	-2.76853e-06	
122	4.965628e-09	1.499671e+00	1.200000e+00	2.786412e-06	
123	5.015628e-09	1.500329e+00	1.199999e+00	-2.76827e-06	
124	5.065628e-09	1.499671e+00	1.200000e+00	2.786152e-06	
125	5.115628e-09	1.500329e+00	1.199999e+00	-2.76801e-06	
126	5.165628e-09	1.499671e+00	1.200000e+00	2.785893e-06	
127	5.215628e-09	1.500329e+00	1.199999e+00	-2.76775e-06	
128	5.265628e-09	1.499671e+00	1.200000e+00	2.785633e-06	
129	5.315628e-09	1.500329e+00	1.199999e+00	-2.76749e-06	
130	5.365628e-09	1.499671e+00	1.200000e+00	2.785374e-06	
131	5.415628e-09	1.500329e+00	1.199999e+00	-2.76723e-06	
132	5.465628e-09	1.499671e+00	1.200000e+00	2.785114e-06	
133	5.515628e-09	1.500329e+00	1.199999e+00	-2.76697e-06	
134	5.565628e-09	1.499671e+00	1.200000e+00	2.784855e-06	
135	5.615628e-09	1.500329e+00	1.199999e+00	-2.76671e-06	
136	5.665628e-09	1.499671e+00	1.200000e+00	2.784595e-06	
137	5.715628e-09	1.500329e+00	1.199999e+00	-2.76645e-06	
138	5.765628e-09	1.499671e+00	1.200000e+00	2.784335e-06	
139	5.815628e-09	1.500329e+00	1.199999e+00	-2.76619e-06	
140	5.865628e-09	1.499671e+00	1.200000e+00	2.784076e-06	
141	5.915628e-09	1.500329e+00	1.199999e+00	-2.76593e-06	
142	5.965628e-09	1.499671e+00	1.200000e+00	2.783817e-06	
143	6.015628e-09	1.500329e+00	1.199999e+00	-2.76567e-06	
144	6.065628e-09	1.499671e+00	1.200000e+00	2.783557e-06	
145	6.115628e-09	1.500329e+00	1.199999e+00	-2.76541e-06	
146	6.165628e-09	1.499671e+00	1.200000e+00	2.783298e-06	
147	6.215628e-09	1.500329e+00	1.199999e+00	-2.76516e-06	
148	6.265628e-09	1.499671e+00	1.200000e+00	2.783038e-06	
149	6.315628e-09	1.500329e+00	1.199999e+00	-2.76490e-06	
150	6.365628e-09	1.499671e+00	1.200000e+00	2.782779e-06	
151	6.415628e-09	1.500329e+00	1.199999e+00	-2.76464e-06	
152	6.465628e-09	1.499672e+00	1.200000e+00	2.782520e-06	
153	6.515628e-09	1.500329e+00	1.199999e+00	-2.76438e-06	
154	6.565628e-09	1.499672e+00	1.200000e+00	2.782260e-06	
155	6.615628e-09	1.500328e+00	1.199999e+00	-2.76412e-06	
156	6.665628e-09	1.499672e+00	1.200000e+00	2.782001e-06	
157	6.715628e-09	1.500328e+00	1.199999e+00	-2.76386e-06	
158	6.765628e-09	1.499672e+00	1.200000e+00	2.781741e-06	
159	6.815628e-09	1.500328e+00	1.199999e+00	-2.76360e-06	
160	6.865628e-09	1.499672e+00	1.200000e+00	2.781482e-06	
161	6.915628e-09	1.500328e+00	1.199999e+00	-2.76334e-06	
162	6.965628e-09	1.499672e+00	1.200000e+00	2.781223e-06	
163	7.015628e-09	1.500328e+00	1.199999e+00	-2.76308e-06	
164	7.065628e-09	1.499672e+00	1.200000e+00	2.780964e-06	
165	7.115628e-09	1.500328e+00	1.199999e+00	-2.76282e-06	
166	7.165628e-09	1.499672e+00	1.200000e+00	2.780704e-06	
167	7.215628e-09	1.500328e+00	1.199999e+00	-2.76256e-06	
168	7.265628e-09	1.499672e+00	1.200000e+00	2.780445e-06	
169	7.315628e-09	1.500328e+00	1.199999e+00	-2.76231e-06	
170	7.365628e-09	1.499672e+00	1.200000e+00	2.780186e-06	

Index   time            v(wwl)          v(wbl)          v(rwl)          
--------------------------------------------------------------------------------
171	7.415628e-09	1.500328e+00	1.199999e+00	-2.76217e-06	
172	7.465628e-09	1.499672e+00	1.200000e+00	2.779678e-06	
173	7.515628e-09	1.500328e+00	1.199999e+00	-2.76219e-06	
174	7.565628e-09	1.499672e+00	1.200000e+00	2.779147e-06	
175	7.615628e-09	1.500328e+00	1.199999e+00	-2.76220e-06	
176	7.665628e-09	1.499672e+00	1.200000e+00	2.778625e-06	
177	7.715628e-09	1.500328e+00	1.199999e+00	-2.76220e-06	
178	7.765628e-09	1.499672e+00	1.200000e+00	2.778111e-06	
179	7.815628e-09	1.500328e+00	1.199999e+00	-2.76219e-06	
180	7.865628e-09	1.499672e+00	1.200000e+00	2.777605e-06	
181	7.915628e-09	1.500328e+00	1.199999e+00	-2.76217e-06	
182	7.965628e-09	1.499672e+00	1.200000e+00	2.777107e-06	
183	8.015628e-09	1.500328e+00	1.199999e+00	-2.76215e-06	
184	8.065628e-09	1.499672e+00	1.200000e+00	2.776616e-06	
185	8.115628e-09	1.500328e+00	1.199999e+00	-2.76212e-06	
186	8.165628e-09	1.499672e+00	1.200000e+00	2.776132e-06	
187	8.215628e-09	1.500328e+00	1.199999e+00	-2.76209e-06	
188	8.265628e-09	1.499672e+00	1.200000e+00	2.775656e-06	
189	8.315628e-09	1.500328e+00	1.200000e+00	-2.76204e-06	
190	8.365628e-09	1.499672e+00	1.200000e+00	2.775186e-06	
191	8.415628e-09	1.500328e+00	1.200000e+00	-2.76199e-06	
192	8.465628e-09	1.499672e+00	1.200000e+00	2.774723e-06	
193	8.515628e-09	1.500328e+00	1.200000e+00	-2.76193e-06	
194	8.565628e-09	1.499672e+00	1.200000e+00	2.774266e-06	
195	8.615628e-09	1.500328e+00	1.200000e+00	-2.76187e-06	
196	8.665628e-09	1.499672e+00	1.200000e+00	2.773815e-06	
197	8.715628e-09	1.500328e+00	1.200000e+00	-2.76180e-06	
198	8.765628e-09	1.499672e+00	1.200000e+00	2.773370e-06	
199	8.815628e-09	1.500328e+00	1.200000e+00	-2.76173e-06	
200	8.865628e-09	1.499672e+00	1.200000e+00	2.772932e-06	
201	8.915628e-09	1.500328e+00	1.200000e+00	-2.76165e-06	
202	8.965628e-09	1.499672e+00	1.200000e+00	2.772498e-06	
203	9.015628e-09	1.500328e+00	1.200000e+00	-2.76156e-06	
204	9.065628e-09	1.499672e+00	1.200000e+00	2.772071e-06	
205	9.115628e-09	1.500328e+00	1.200000e+00	-2.76147e-06	
206	9.165628e-09	1.499672e+00	1.200000e+00	2.771648e-06	
207	9.215628e-09	1.500328e+00	1.200000e+00	-2.76137e-06	
208	9.265628e-09	1.499672e+00	1.200000e+00	2.771231e-06	
209	9.315628e-09	1.500328e+00	1.200000e+00	-2.76127e-06	
210	9.365628e-09	1.499672e+00	1.200000e+00	2.770818e-06	
211	9.415628e-09	1.500328e+00	1.200000e+00	-2.76116e-06	
212	9.465628e-09	1.499672e+00	1.200000e+00	2.770411e-06	
213	9.515628e-09	1.500328e+00	1.200000e+00	-2.76105e-06	
214	9.565628e-09	1.499672e+00	1.200000e+00	2.770008e-06	
215	9.615628e-09	1.500328e+00	1.200000e+00	-2.76094e-06	
216	9.665628e-09	1.499672e+00	1.200000e+00	2.769609e-06	
217	9.715628e-09	1.500328e+00	1.200000e+00	-2.76082e-06	
218	9.765628e-09	1.499672e+00	1.200000e+00	2.769215e-06	
219	9.815628e-09	1.500328e+00	1.200000e+00	-2.76069e-06	
220	9.865628e-09	1.499672e+00	1.200000e+00	2.768826e-06	
221	9.915628e-09	1.500328e+00	1.200000e+00	-2.76056e-06	
222	9.965628e-09	1.499672e+00	1.200000e+00	2.768440e-06	
223	1.001563e-08	1.500328e+00	1.200000e+00	-2.76043e-06	
224	1.006563e-08	1.499672e+00	1.200000e+00	2.768058e-06	
225	1.011563e-08	1.500328e+00	1.200000e+00	-2.76029e-06	
226	1.016563e-08	1.499672e+00	1.200000e+00	2.767680e-06	
227	1.021563e-08	1.500328e+00	1.200000e+00	-2.76015e-06	
228	1.026563e-08	1.499672e+00	1.200000e+00	2.767306e-06	

Index   time            v(wwl)          v(wbl)          v(rwl)          
--------------------------------------------------------------------------------
229	1.031563e-08	1.500328e+00	1.200000e+00	-2.76001e-06	
230	1.036563e-08	1.499672e+00	1.200000e+00	2.766935e-06	
231	1.041563e-08	1.500328e+00	1.200000e+00	-2.75986e-06	
232	1.046563e-08	1.499672e+00	1.200000e+00	2.766568e-06	
233	1.051563e-08	1.500328e+00	1.200000e+00	-2.75971e-06	
234	1.056563e-08	1.499672e+00	1.200000e+00	2.766205e-06	
235	1.061563e-08	1.500328e+00	1.200000e+00	-2.75955e-06	
236	1.066563e-08	1.499672e+00	1.200000e+00	2.765844e-06	
237	1.071563e-08	1.500328e+00	1.200000e+00	-2.75940e-06	
238	1.076563e-08	1.499672e+00	1.200000e+00	2.765487e-06	
239	1.081563e-08	1.500328e+00	1.200000e+00	-2.75924e-06	
240	1.086563e-08	1.499672e+00	1.200000e+00	2.765133e-06	
241	1.091563e-08	1.500328e+00	1.200000e+00	-2.75907e-06	
242	1.096563e-08	1.499672e+00	1.200000e+00	2.764782e-06	
243	1.100000e-08	1.500328e+00	1.200000e+00	-2.75883e-06	
244	1.100001e-08	1.278319e+00	1.199995e+00	-3.79592e-05	
245	1.100003e-08	8.188967e-01	1.199994e+00	-4.31288e-05	
246	1.100007e-08	-1.01649e-01	1.199995e+00	-3.83902e-05	
247	1.100010e-08	-7.91127e-01	1.199994e+00	-4.28169e-05	
248	1.100011e-08	-7.99603e-01	1.200000e+00	-3.70258e-06	
249	1.100012e-08	-8.00362e-01	1.200000e+00	3.218524e-06	
250	1.100016e-08	-7.99655e-01	1.200000e+00	-2.98737e-06	
251	1.100022e-08	-8.00337e-01	1.200000e+00	2.888226e-06	
252	1.100035e-08	-7.99667e-01	1.200000e+00	-2.82950e-06	
253	1.100060e-08	-8.00331e-01	1.200000e+00	2.809449e-06	
254	1.100112e-08	-7.99670e-01	1.200000e+00	-2.79270e-06	
255	1.100214e-08	-8.00330e-01	1.200000e+00	2.788362e-06	
256	1.100409e-08	-7.99671e-01	1.200000e+00	-2.78448e-06	
257	1.100658e-08	-8.00329e-01	1.200000e+00	2.781894e-06	
258	1.100910e-08	-7.99671e-01	1.200000e+00	-2.77931e-06	
259	1.101401e-08	-8.00329e-01	1.200000e+00	2.777991e-06	
260	1.102383e-08	-7.99671e-01	1.200000e+00	-2.77733e-06	
261	1.104347e-08	-8.00329e-01	1.200000e+00	2.777000e-06	
262	1.108276e-08	-7.99671e-01	1.200000e+00	-2.77683e-06	
263	1.113276e-08	-8.00329e-01	1.200000e+00	2.776705e-06	
264	1.118276e-08	-7.99671e-01	1.200000e+00	-2.77658e-06	
265	1.123276e-08	-8.00329e-01	1.200000e+00	2.776446e-06	
266	1.128276e-08	-7.99671e-01	1.200000e+00	-2.77632e-06	
267	1.133276e-08	-8.00329e-01	1.200000e+00	2.776186e-06	
268	1.138276e-08	-7.99671e-01	1.200000e+00	-2.77606e-06	
269	1.143276e-08	-8.00329e-01	1.200000e+00	2.775927e-06	
270	1.148276e-08	-7.99671e-01	1.200000e+00	-2.77580e-06	
271	1.153276e-08	-8.00329e-01	1.200000e+00	2.775667e-06	
272	1.158276e-08	-7.99671e-01	1.200000e+00	-2.77554e-06	
273	1.163276e-08	-8.00329e-01	1.200000e+00	2.775408e-06	
274	1.168276e-08	-7.99671e-01	1.200000e+00	-2.77528e-06	
275	1.173276e-08	-8.00329e-01	1.200000e+00	2.775148e-06	
276	1.178276e-08	-7.99671e-01	1.200000e+00	-2.77502e-06	
277	1.183276e-08	-8.00329e-01	1.200000e+00	2.774889e-06	
278	1.188276e-08	-7.99671e-01	1.200000e+00	-2.77476e-06	
279	1.193276e-08	-8.00329e-01	1.200000e+00	2.774629e-06	
280	1.198276e-08	-7.99671e-01	1.200000e+00	-2.77450e-06	
281	1.203276e-08	-8.00329e-01	1.200000e+00	2.774370e-06	
282	1.208276e-08	-7.99671e-01	1.200000e+00	-2.77424e-06	
283	1.213276e-08	-8.00329e-01	1.200000e+00	2.774111e-06	
284	1.218276e-08	-7.99671e-01	1.200000e+00	-2.77398e-06	
285	1.223276e-08	-8.00329e-01	1.200000e+00	2.773851e-06	
286	1.228276e-08	-7.99671e-01	1.200000e+00	-2.77372e-06	

Index   time            v(wwl)          v(wbl)          v(rwl)          
--------------------------------------------------------------------------------
287	1.233276e-08	-8.00329e-01	1.200000e+00	2.773592e-06	
288	1.238276e-08	-7.99671e-01	1.200000e+00	-2.77346e-06	
289	1.243276e-08	-8.00329e-01	1.200000e+00	2.773333e-06	
290	1.248276e-08	-7.99671e-01	1.200000e+00	-2.77320e-06	
291	1.253276e-08	-8.00329e-01	1.200000e+00	2.773073e-06	
292	1.258276e-08	-7.99671e-01	1.200000e+00	-2.77294e-06	
293	1.263276e-08	-8.00329e-01	1.200000e+00	2.772814e-06	
294	1.268276e-08	-7.99671e-01	1.200000e+00	-2.77268e-06	
295	1.273276e-08	-8.00329e-01	1.200000e+00	2.772555e-06	
296	1.278276e-08	-7.99672e-01	1.200000e+00	-2.77243e-06	
297	1.283276e-08	-8.00328e-01	1.200000e+00	2.772296e-06	
298	1.288276e-08	-7.99672e-01	1.200000e+00	-2.77217e-06	
299	1.293276e-08	-8.00328e-01	1.200000e+00	2.772037e-06	
300	1.298276e-08	-7.99672e-01	1.200000e+00	-2.77191e-06	
301	1.303276e-08	-8.00328e-01	1.200000e+00	2.771777e-06	
302	1.308276e-08	-7.99672e-01	1.200000e+00	-2.77165e-06	
303	1.313276e-08	-8.00328e-01	1.200000e+00	2.771518e-06	
304	1.318276e-08	-7.99672e-01	1.200000e+00	-2.77139e-06	
305	1.323276e-08	-8.00328e-01	1.200000e+00	2.771259e-06	
306	1.328276e-08	-7.99672e-01	1.200000e+00	-2.77113e-06	
307	1.333276e-08	-8.00328e-01	1.200000e+00	2.771000e-06	
308	1.338276e-08	-7.99672e-01	1.200000e+00	-2.77087e-06	
309	1.343276e-08	-8.00328e-01	1.200000e+00	2.770741e-06	
310	1.348276e-08	-7.99672e-01	1.200000e+00	-2.77061e-06	
311	1.353276e-08	-8.00328e-01	1.200000e+00	2.770482e-06	
312	1.358276e-08	-7.99672e-01	1.200000e+00	-2.77035e-06	
313	1.363276e-08	-8.00328e-01	1.200000e+00	2.770223e-06	
314	1.368276e-08	-7.99672e-01	1.200000e+00	-2.77009e-06	
315	1.373276e-08	-8.00328e-01	1.200000e+00	2.769964e-06	
316	1.378276e-08	-7.99672e-01	1.200000e+00	-2.76983e-06	
317	1.383276e-08	-8.00328e-01	1.200000e+00	2.769705e-06	
318	1.388276e-08	-7.99672e-01	1.200000e+00	-2.76958e-06	
319	1.393276e-08	-8.00328e-01	1.200000e+00	2.769446e-06	
320	1.398276e-08	-7.99672e-01	1.200000e+00	-2.76932e-06	
321	1.403276e-08	-8.00328e-01	1.200000e+00	2.769187e-06	
322	1.408276e-08	-7.99672e-01	1.200000e+00	-2.76906e-06	
323	1.413276e-08	-8.00328e-01	1.200000e+00	2.768928e-06	
324	1.418276e-08	-7.99672e-01	1.200000e+00	-2.76880e-06	
325	1.423276e-08	-8.00328e-01	1.200000e+00	2.768669e-06	
326	1.428276e-08	-7.99672e-01	1.200000e+00	-2.76854e-06	
327	1.433276e-08	-8.00328e-01	1.200000e+00	2.768410e-06	
328	1.438276e-08	-7.99672e-01	1.200000e+00	-2.76828e-06	
329	1.443276e-08	-8.00328e-01	1.200000e+00	2.768151e-06	
330	1.448276e-08	-7.99672e-01	1.200000e+00	-2.76802e-06	
331	1.453276e-08	-8.00328e-01	1.200000e+00	2.767893e-06	
332	1.458276e-08	-7.99672e-01	1.200000e+00	-2.76776e-06	
333	1.463276e-08	-8.00328e-01	1.200000e+00	2.767634e-06	
334	1.468276e-08	-7.99672e-01	1.200000e+00	-2.76750e-06	
335	1.473276e-08	-8.00328e-01	1.200000e+00	2.767375e-06	
336	1.478276e-08	-7.99672e-01	1.200000e+00	-2.76725e-06	
337	1.483276e-08	-8.00328e-01	1.200000e+00	2.767116e-06	
338	1.488276e-08	-7.99672e-01	1.200000e+00	-2.76699e-06	
339	1.493276e-08	-8.00328e-01	1.200000e+00	2.766857e-06	
340	1.498276e-08	-7.99672e-01	1.200000e+00	-2.76673e-06	
341	1.500000e-08	-8.00328e-01	1.200000e+00	2.766353e-06	
342	1.500001e-08	-7.99995e-01	1.200002e+00	9.638820e-02	
343	1.500003e-08	-7.99970e-01	1.200002e+00	2.961270e-01	
344	1.500007e-08	-7.99994e-01	1.200002e+00	6.963738e-01	

Index   time            v(wwl)          v(wbl)          v(rwl)          
--------------------------------------------------------------------------------
345	1.500010e-08	-7.99971e-01	1.200002e+00	9.961375e-01	
346	1.500011e-08	-7.99998e-01	1.200000e+00	9.998272e-01	
347	1.500012e-08	-8.00002e-01	1.200000e+00	1.000157e+00	
348	1.500016e-08	-7.99998e-01	1.200000e+00	9.998498e-01	
349	1.500022e-08	-8.00002e-01	1.200000e+00	1.000147e+00	
350	1.500035e-08	-7.99998e-01	1.200000e+00	9.998550e-01	
351	1.500060e-08	-8.00002e-01	1.200000e+00	1.000144e+00	
352	1.500112e-08	-7.99998e-01	1.200000e+00	9.998563e-01	
353	1.500214e-08	-8.00002e-01	1.200000e+00	1.000144e+00	
354	1.500419e-08	-7.99998e-01	1.200000e+00	9.998566e-01	
355	1.500641e-08	-8.00002e-01	1.200000e+00	1.000143e+00	
356	1.501034e-08	-7.99998e-01	1.200000e+00	9.998568e-01	
357	1.501701e-08	-8.00002e-01	1.200000e+00	1.000143e+00	
358	1.503034e-08	-7.99998e-01	1.200000e+00	9.998568e-01	
359	1.505700e-08	-8.00002e-01	1.200000e+00	1.000143e+00	
360	1.510700e-08	-7.99998e-01	1.200000e+00	9.998568e-01	
361	1.515700e-08	-8.00002e-01	1.200000e+00	1.000143e+00	
362	1.520700e-08	-7.99998e-01	1.200000e+00	9.998568e-01	
363	1.525700e-08	-8.00002e-01	1.200000e+00	1.000143e+00	
364	1.530700e-08	-7.99998e-01	1.200000e+00	9.998568e-01	
365	1.535700e-08	-8.00002e-01	1.200000e+00	1.000143e+00	
366	1.540700e-08	-7.99998e-01	1.200000e+00	9.998568e-01	
367	1.545700e-08	-8.00002e-01	1.200000e+00	1.000143e+00	
368	1.550700e-08	-7.99998e-01	1.200000e+00	9.998569e-01	
369	1.555700e-08	-8.00002e-01	1.200000e+00	1.000143e+00	
370	1.560700e-08	-7.99998e-01	1.200000e+00	9.998569e-01	
371	1.565700e-08	-8.00002e-01	1.200000e+00	1.000143e+00	
372	1.570700e-08	-7.99998e-01	1.200000e+00	9.998569e-01	
373	1.575700e-08	-8.00002e-01	1.200000e+00	1.000143e+00	
374	1.580700e-08	-7.99998e-01	1.200000e+00	9.998569e-01	
375	1.585700e-08	-8.00002e-01	1.200000e+00	1.000143e+00	
376	1.590700e-08	-7.99998e-01	1.200000e+00	9.998569e-01	
377	1.595700e-08	-8.00002e-01	1.200000e+00	1.000143e+00	
378	1.600700e-08	-7.99998e-01	1.200000e+00	9.998569e-01	
379	1.605700e-08	-8.00002e-01	1.200000e+00	1.000143e+00	
380	1.610700e-08	-7.99998e-01	1.200000e+00	9.998569e-01	
381	1.615700e-08	-8.00002e-01	1.200000e+00	1.000143e+00	
382	1.620700e-08	-7.99998e-01	1.200000e+00	9.998569e-01	
383	1.625700e-08	-8.00002e-01	1.200000e+00	1.000143e+00	
384	1.630700e-08	-7.99998e-01	1.200000e+00	9.998569e-01	
385	1.635700e-08	-8.00002e-01	1.200000e+00	1.000143e+00	
386	1.640700e-08	-7.99998e-01	1.200000e+00	9.998569e-01	
387	1.645700e-08	-8.00002e-01	1.200000e+00	1.000143e+00	
388	1.650700e-08	-7.99998e-01	1.200000e+00	9.998569e-01	
389	1.655700e-08	-8.00002e-01	1.200000e+00	1.000143e+00	
390	1.660700e-08	-7.99998e-01	1.200000e+00	9.998569e-01	
391	1.665700e-08	-8.00002e-01	1.200000e+00	1.000143e+00	
392	1.670700e-08	-7.99998e-01	1.200000e+00	9.998570e-01	
393	1.675700e-08	-8.00002e-01	1.200000e+00	1.000143e+00	
394	1.680700e-08	-7.99998e-01	1.200000e+00	9.998570e-01	
395	1.685700e-08	-8.00002e-01	1.200000e+00	1.000143e+00	
396	1.690700e-08	-7.99998e-01	1.200000e+00	9.998570e-01	
397	1.695700e-08	-8.00002e-01	1.200000e+00	1.000143e+00	
398	1.700700e-08	-7.99998e-01	1.200000e+00	9.998570e-01	
399	1.705700e-08	-8.00002e-01	1.200000e+00	1.000143e+00	
400	1.710700e-08	-7.99998e-01	1.200000e+00	9.998570e-01	
401	1.715700e-08	-8.00002e-01	1.200000e+00	1.000143e+00	
402	1.720700e-08	-7.99998e-01	1.200000e+00	9.998570e-01	

Index   time            v(wwl)          v(wbl)          v(rwl)          
--------------------------------------------------------------------------------
403	1.725700e-08	-8.00002e-01	1.200000e+00	1.000143e+00	
404	1.730700e-08	-7.99998e-01	1.200000e+00	9.998570e-01	
405	1.735700e-08	-8.00002e-01	1.200000e+00	1.000143e+00	
406	1.740700e-08	-7.99998e-01	1.200000e+00	9.998570e-01	
407	1.745700e-08	-8.00002e-01	1.200000e+00	1.000143e+00	
408	1.750700e-08	-7.99998e-01	1.200000e+00	9.998570e-01	
409	1.755700e-08	-8.00002e-01	1.200000e+00	1.000143e+00	
410	1.760700e-08	-7.99998e-01	1.200000e+00	9.998570e-01	
411	1.765700e-08	-8.00002e-01	1.200000e+00	1.000143e+00	
412	1.770700e-08	-7.99998e-01	1.200000e+00	9.998570e-01	
413	1.775700e-08	-8.00002e-01	1.200000e+00	1.000143e+00	
414	1.780700e-08	-7.99998e-01	1.200000e+00	9.998570e-01	
415	1.785700e-08	-8.00002e-01	1.200000e+00	1.000143e+00	
416	1.790700e-08	-7.99998e-01	1.200000e+00	9.998571e-01	
417	1.795700e-08	-8.00002e-01	1.200000e+00	1.000143e+00	
418	1.800700e-08	-7.99998e-01	1.200000e+00	9.998571e-01	
419	1.805700e-08	-8.00002e-01	1.200000e+00	1.000143e+00	
420	1.810700e-08	-7.99998e-01	1.200000e+00	9.998571e-01	
421	1.815700e-08	-8.00002e-01	1.200000e+00	1.000143e+00	
422	1.820700e-08	-7.99998e-01	1.200000e+00	9.998571e-01	
423	1.825700e-08	-8.00002e-01	1.200000e+00	1.000143e+00	
424	1.830700e-08	-7.99998e-01	1.200000e+00	9.998571e-01	
425	1.835700e-08	-8.00002e-01	1.200000e+00	1.000143e+00	
426	1.840700e-08	-7.99998e-01	1.200000e+00	9.998571e-01	
427	1.845700e-08	-8.00002e-01	1.200000e+00	1.000143e+00	
428	1.850700e-08	-7.99998e-01	1.200000e+00	9.998571e-01	
429	1.855700e-08	-8.00002e-01	1.200000e+00	1.000143e+00	
430	1.860700e-08	-7.99998e-01	1.200000e+00	9.998571e-01	
431	1.865700e-08	-8.00002e-01	1.200000e+00	1.000143e+00	
432	1.870700e-08	-7.99998e-01	1.200000e+00	9.998571e-01	
433	1.875700e-08	-8.00002e-01	1.200000e+00	1.000143e+00	
434	1.880700e-08	-7.99998e-01	1.200000e+00	9.998571e-01	
435	1.885700e-08	-8.00002e-01	1.200000e+00	1.000143e+00	
436	1.890700e-08	-7.99998e-01	1.200000e+00	9.998571e-01	
437	1.895700e-08	-8.00002e-01	1.200000e+00	1.000143e+00	
438	1.900700e-08	-7.99998e-01	1.200000e+00	9.998572e-01	
439	1.905700e-08	-8.00002e-01	1.200000e+00	1.000143e+00	
440	1.910700e-08	-7.99998e-01	1.200000e+00	9.998572e-01	
441	1.915700e-08	-8.00002e-01	1.200000e+00	1.000143e+00	
442	1.920700e-08	-7.99998e-01	1.200000e+00	9.998572e-01	
443	1.925700e-08	-8.00002e-01	1.200000e+00	1.000143e+00	
444	1.930700e-08	-7.99998e-01	1.200000e+00	9.998572e-01	
445	1.935700e-08	-8.00002e-01	1.200000e+00	1.000143e+00	
446	1.940700e-08	-7.99998e-01	1.200000e+00	9.998572e-01	
447	1.945700e-08	-8.00002e-01	1.200000e+00	1.000143e+00	
448	1.950700e-08	-7.99998e-01	1.200000e+00	9.998572e-01	
449	1.955700e-08	-8.00002e-01	1.200000e+00	1.000143e+00	
450	1.960700e-08	-7.99998e-01	1.200000e+00	9.998572e-01	
451	1.965700e-08	-8.00002e-01	1.200000e+00	1.000143e+00	
452	1.970700e-08	-7.99998e-01	1.200000e+00	9.998572e-01	
453	1.975700e-08	-8.00002e-01	1.200000e+00	1.000143e+00	
454	1.980700e-08	-7.99998e-01	1.200000e+00	9.998572e-01	
455	1.985700e-08	-8.00002e-01	1.200000e+00	1.000143e+00	
456	1.990700e-08	-7.99998e-01	1.200000e+00	9.998572e-01	
457	1.995700e-08	-8.00002e-01	1.200000e+00	1.000143e+00	
458	2.000000e-08	-7.99998e-01	1.200000e+00	9.998572e-01	
459	2.000001e-08	-8.00016e-01	1.199998e+00	9.036068e-01	
460	2.000003e-08	-8.00019e-01	1.199998e+00	7.038777e-01	

Index   time            v(wwl)          v(wbl)          v(rwl)          
--------------------------------------------------------------------------------
461	2.000007e-08	-8.00017e-01	1.199998e+00	3.036217e-01	
462	2.000010e-08	-8.00019e-01	1.199998e+00	3.866753e-03	
463	2.000011e-08	-8.00002e-01	1.200000e+00	1.730247e-04	
464	2.000012e-08	-7.99999e-01	1.200000e+00	-1.57537e-04	
465	2.000016e-08	-8.00001e-01	1.200000e+00	1.503293e-04	
466	2.000022e-08	-7.99999e-01	1.200000e+00	-1.46846e-04	
467	2.000035e-08	-8.00001e-01	1.200000e+00	1.451392e-04	
468	2.000060e-08	-7.99999e-01	1.200000e+00	-1.44289e-04	
469	2.000112e-08	-8.00001e-01	1.200000e+00	1.438693e-04	
470	2.000214e-08	-7.99999e-01	1.200000e+00	-1.43658e-04	
471	2.000419e-08	-8.00001e-01	1.200000e+00	1.435531e-04	
472	2.000660e-08	-7.99999e-01	1.200000e+00	-1.43464e-04	
473	2.001041e-08	-8.00001e-01	1.200000e+00	1.434075e-04	
474	2.001705e-08	-7.99999e-01	1.200000e+00	-1.43375e-04	
475	2.003032e-08	-8.00001e-01	1.200000e+00	1.433589e-04	
476	2.005686e-08	-7.99999e-01	1.200000e+00	-1.43351e-04	
477	2.010686e-08	-8.00001e-01	1.200000e+00	1.433465e-04	
478	2.015686e-08	-7.99999e-01	1.200000e+00	-1.43342e-04	
479	2.020686e-08	-8.00001e-01	1.200000e+00	1.433379e-04	
480	2.025686e-08	-7.99999e-01	1.200000e+00	-1.43334e-04	
481	2.030686e-08	-8.00001e-01	1.200000e+00	1.433293e-04	
482	2.035686e-08	-7.99999e-01	1.200000e+00	-1.43325e-04	
483	2.040686e-08	-8.00001e-01	1.200000e+00	1.433207e-04	
484	2.045686e-08	-7.99999e-01	1.200000e+00	-1.43316e-04	
485	2.050686e-08	-8.00001e-01	1.200000e+00	1.433121e-04	
486	2.055686e-08	-7.99999e-01	1.200000e+00	-1.43308e-04	
487	2.060686e-08	-8.00001e-01	1.200000e+00	1.433035e-04	
488	2.065686e-08	-7.99999e-01	1.200000e+00	-1.43299e-04	
489	2.070686e-08	-8.00001e-01	1.200000e+00	1.432949e-04	
490	2.075686e-08	-7.99999e-01	1.200000e+00	-1.43291e-04	
491	2.080686e-08	-8.00001e-01	1.200000e+00	1.432863e-04	
492	2.085686e-08	-7.99999e-01	1.200000e+00	-1.43282e-04	
493	2.090686e-08	-8.00001e-01	1.200000e+00	1.432778e-04	
494	2.095686e-08	-7.99999e-01	1.200000e+00	-1.43273e-04	
495	2.100686e-08	-8.00001e-01	1.200000e+00	1.432692e-04	
496	2.105686e-08	-7.99999e-01	1.200000e+00	-1.43265e-04	
497	2.110686e-08	-8.00001e-01	1.200000e+00	1.432606e-04	
498	2.115686e-08	-7.99999e-01	1.200000e+00	-1.43256e-04	
499	2.120686e-08	-8.00001e-01	1.200000e+00	1.432520e-04	
500	2.125686e-08	-7.99999e-01	1.200000e+00	-1.43248e-04	
501	2.130686e-08	-8.00001e-01	1.200000e+00	1.432434e-04	
502	2.135686e-08	-7.99999e-01	1.200000e+00	-1.43239e-04	
503	2.140686e-08	-8.00001e-01	1.200000e+00	1.432348e-04	
504	2.145686e-08	-7.99999e-01	1.200000e+00	-1.43231e-04	
505	2.150686e-08	-8.00001e-01	1.200000e+00	1.432262e-04	
506	2.155686e-08	-7.99999e-01	1.200000e+00	-1.43222e-04	
507	2.160686e-08	-8.00001e-01	1.200000e+00	1.432176e-04	
508	2.165686e-08	-7.99999e-01	1.200000e+00	-1.43213e-04	
509	2.170686e-08	-8.00001e-01	1.200000e+00	1.432090e-04	
510	2.175686e-08	-7.99999e-01	1.200000e+00	-1.43205e-04	
511	2.180686e-08	-8.00001e-01	1.200000e+00	1.432005e-04	
512	2.185686e-08	-7.99999e-01	1.200000e+00	-1.43196e-04	
513	2.190686e-08	-8.00001e-01	1.200000e+00	1.431919e-04	
514	2.195686e-08	-7.99999e-01	1.200000e+00	-1.43188e-04	
515	2.200686e-08	-8.00001e-01	1.200000e+00	1.431833e-04	
516	2.205686e-08	-7.99999e-01	1.200000e+00	-1.43179e-04	
517	2.210686e-08	-8.00001e-01	1.200000e+00	1.431747e-04	
518	2.215686e-08	-7.99999e-01	1.200000e+00	-1.43170e-04	

Index   time            v(wwl)          v(wbl)          v(rwl)          
--------------------------------------------------------------------------------
519	2.220686e-08	-8.00001e-01	1.200000e+00	1.431661e-04	
520	2.225686e-08	-7.99999e-01	1.200000e+00	-1.43162e-04	
521	2.230686e-08	-8.00001e-01	1.200000e+00	1.431575e-04	
522	2.235686e-08	-7.99999e-01	1.200000e+00	-1.43153e-04	
523	2.240686e-08	-8.00001e-01	1.200000e+00	1.431490e-04	
524	2.245686e-08	-7.99999e-01	1.200000e+00	-1.43145e-04	
525	2.250686e-08	-8.00001e-01	1.200000e+00	1.431404e-04	
526	2.255686e-08	-7.99999e-01	1.200000e+00	-1.43136e-04	
527	2.260686e-08	-8.00001e-01	1.200000e+00	1.431318e-04	
528	2.265686e-08	-7.99999e-01	1.200000e+00	-1.43127e-04	
529	2.270686e-08	-8.00001e-01	1.200000e+00	1.431232e-04	
530	2.275686e-08	-7.99999e-01	1.200000e+00	-1.43119e-04	
531	2.280686e-08	-8.00001e-01	1.200000e+00	1.431146e-04	
532	2.285686e-08	-7.99999e-01	1.200000e+00	-1.43110e-04	
533	2.290686e-08	-8.00001e-01	1.200000e+00	1.431060e-04	
534	2.295686e-08	-7.99999e-01	1.200000e+00	-1.43102e-04	
535	2.300686e-08	-8.00001e-01	1.200000e+00	1.430975e-04	
536	2.305686e-08	-7.99999e-01	1.200000e+00	-1.43093e-04	
537	2.310686e-08	-8.00001e-01	1.200000e+00	1.430889e-04	
538	2.315686e-08	-7.99999e-01	1.200000e+00	-1.43085e-04	
539	2.320686e-08	-8.00001e-01	1.200000e+00	1.430803e-04	
540	2.325686e-08	-7.99999e-01	1.200000e+00	-1.43076e-04	
541	2.330686e-08	-8.00001e-01	1.200000e+00	1.430717e-04	
542	2.335686e-08	-7.99999e-01	1.200000e+00	-1.43067e-04	
543	2.340686e-08	-8.00001e-01	1.200000e+00	1.430631e-04	
544	2.345686e-08	-7.99999e-01	1.200000e+00	-1.43059e-04	
545	2.350686e-08	-8.00001e-01	1.200000e+00	1.430546e-04	
546	2.355686e-08	-7.99999e-01	1.200000e+00	-1.43050e-04	
547	2.360686e-08	-8.00001e-01	1.200000e+00	1.430460e-04	
548	2.365686e-08	-7.99999e-01	1.200000e+00	-1.43042e-04	
549	2.370686e-08	-8.00001e-01	1.200000e+00	1.430374e-04	
550	2.375686e-08	-7.99999e-01	1.200000e+00	-1.43033e-04	
551	2.380686e-08	-8.00001e-01	1.200000e+00	1.430288e-04	
552	2.385686e-08	-7.99999e-01	1.200000e+00	-1.43025e-04	
553	2.390686e-08	-8.00001e-01	1.200000e+00	1.430203e-04	
554	2.395686e-08	-7.99999e-01	1.200000e+00	-1.43016e-04	
555	2.400686e-08	-8.00001e-01	1.200000e+00	1.430117e-04	
556	2.405686e-08	-7.99999e-01	1.200000e+00	-1.43007e-04	
557	2.410686e-08	-8.00001e-01	1.200000e+00	1.430031e-04	
558	2.415686e-08	-7.99999e-01	1.200000e+00	-1.42999e-04	
559	2.420686e-08	-8.00001e-01	1.200000e+00	1.429945e-04	
560	2.425686e-08	-7.99999e-01	1.200000e+00	-1.42990e-04	
561	2.430686e-08	-8.00001e-01	1.200000e+00	1.429860e-04	
562	2.435686e-08	-7.99999e-01	1.200000e+00	-1.42982e-04	
563	2.440686e-08	-8.00001e-01	1.200000e+00	1.429774e-04	
564	2.445686e-08	-7.99999e-01	1.200000e+00	-1.42973e-04	
565	2.450686e-08	-8.00001e-01	1.200000e+00	1.429688e-04	
566	2.455686e-08	-7.99999e-01	1.200000e+00	-1.42965e-04	
567	2.460686e-08	-8.00001e-01	1.200000e+00	1.429602e-04	
568	2.465686e-08	-7.99999e-01	1.200000e+00	-1.42956e-04	
569	2.470686e-08	-8.00001e-01	1.200000e+00	1.429517e-04	
570	2.475686e-08	-7.99999e-01	1.200000e+00	-1.42947e-04	
571	2.480686e-08	-8.00001e-01	1.200000e+00	1.429431e-04	
572	2.485686e-08	-7.99999e-01	1.200000e+00	-1.42939e-04	
573	2.490686e-08	-8.00001e-01	1.200000e+00	1.429345e-04	
574	2.495686e-08	-7.99999e-01	1.200000e+00	-1.42930e-04	
575	2.500686e-08	-8.00001e-01	1.200000e+00	1.429260e-04	
576	2.505686e-08	-7.99999e-01	1.200000e+00	-1.42922e-04	

Index   time            v(wwl)          v(wbl)          v(rwl)          
--------------------------------------------------------------------------------
577	2.510686e-08	-8.00001e-01	1.200000e+00	1.429174e-04	
578	2.515686e-08	-7.99999e-01	1.200000e+00	-1.42913e-04	
579	2.520686e-08	-8.00001e-01	1.200000e+00	1.429088e-04	
580	2.525686e-08	-7.99999e-01	1.200000e+00	-1.42905e-04	
581	2.530686e-08	-8.00001e-01	1.200000e+00	1.429003e-04	
582	2.535686e-08	-7.99999e-01	1.200000e+00	-1.42896e-04	
583	2.540686e-08	-8.00001e-01	1.200000e+00	1.428917e-04	
584	2.545686e-08	-7.99999e-01	1.200000e+00	-1.42887e-04	
585	2.550686e-08	-8.00001e-01	1.200000e+00	1.428831e-04	
586	2.555686e-08	-7.99999e-01	1.200000e+00	-1.42879e-04	
587	2.560686e-08	-8.00001e-01	1.200000e+00	1.428746e-04	
588	2.565686e-08	-7.99999e-01	1.200000e+00	-1.42870e-04	
589	2.570686e-08	-8.00001e-01	1.200000e+00	1.428660e-04	
590	2.575686e-08	-7.99999e-01	1.200000e+00	-1.42862e-04	
591	2.580686e-08	-8.00001e-01	1.200000e+00	1.428574e-04	
592	2.585686e-08	-7.99999e-01	1.200000e+00	-1.42853e-04	
593	2.590686e-08	-8.00001e-01	1.200000e+00	1.428489e-04	
594	2.595686e-08	-7.99999e-01	1.200000e+00	-1.42845e-04	
595	2.600686e-08	-8.00001e-01	1.200000e+00	1.428403e-04	
596	2.605686e-08	-7.99999e-01	1.200000e+00	-1.42836e-04	
597	2.610686e-08	-8.00001e-01	1.200000e+00	1.428317e-04	
598	2.615686e-08	-7.99999e-01	1.200000e+00	-1.42827e-04	
599	2.620686e-08	-8.00001e-01	1.200000e+00	1.428232e-04	
600	2.625686e-08	-7.99999e-01	1.200000e+00	-1.42819e-04	
601	2.630686e-08	-8.00001e-01	1.200000e+00	1.428146e-04	
602	2.635686e-08	-7.99999e-01	1.200000e+00	-1.42810e-04	
603	2.640686e-08	-8.00001e-01	1.200000e+00	1.428060e-04	
604	2.645686e-08	-7.99999e-01	1.200000e+00	-1.42802e-04	
605	2.650686e-08	-8.00001e-01	1.200000e+00	1.427975e-04	
606	2.655686e-08	-7.99999e-01	1.200000e+00	-1.42793e-04	
607	2.660686e-08	-8.00001e-01	1.200000e+00	1.427889e-04	
608	2.665686e-08	-7.99999e-01	1.200000e+00	-1.42785e-04	
609	2.670686e-08	-8.00001e-01	1.200000e+00	1.427804e-04	
610	2.675686e-08	-7.99999e-01	1.200000e+00	-1.42776e-04	
611	2.680686e-08	-8.00001e-01	1.200000e+00	1.427718e-04	
612	2.685686e-08	-7.99999e-01	1.200000e+00	-1.42768e-04	
613	2.690686e-08	-8.00001e-01	1.200000e+00	1.427632e-04	
614	2.695686e-08	-7.99999e-01	1.200000e+00	-1.42759e-04	
615	2.700686e-08	-8.00001e-01	1.200000e+00	1.427547e-04	
616	2.705686e-08	-7.99999e-01	1.200000e+00	-1.42750e-04	
617	2.710686e-08	-8.00001e-01	1.200000e+00	1.427461e-04	
618	2.715686e-08	-7.99999e-01	1.200000e+00	-1.42742e-04	
619	2.720686e-08	-8.00001e-01	1.200000e+00	1.427376e-04	
620	2.725686e-08	-7.99999e-01	1.200000e+00	-1.42733e-04	
621	2.730686e-08	-8.00001e-01	1.200000e+00	1.427290e-04	
622	2.735686e-08	-7.99999e-01	1.200000e+00	-1.42725e-04	
623	2.740686e-08	-8.00001e-01	1.200000e+00	1.427204e-04	
624	2.745686e-08	-7.99999e-01	1.200000e+00	-1.42716e-04	
625	2.750686e-08	-8.00001e-01	1.200000e+00	1.427119e-04	
626	2.755686e-08	-7.99999e-01	1.200000e+00	-1.42708e-04	
627	2.760686e-08	-8.00001e-01	1.200000e+00	1.427033e-04	
628	2.765686e-08	-7.99999e-01	1.200000e+00	-1.42699e-04	
629	2.770686e-08	-8.00001e-01	1.200000e+00	1.426948e-04	
630	2.775686e-08	-7.99999e-01	1.200000e+00	-1.42690e-04	
631	2.780686e-08	-8.00001e-01	1.200000e+00	1.426862e-04	
632	2.785686e-08	-7.99999e-01	1.200000e+00	-1.42682e-04	
633	2.790686e-08	-8.00001e-01	1.200000e+00	1.426777e-04	
634	2.795686e-08	-7.99999e-01	1.200000e+00	-1.42673e-04	

Index   time            v(wwl)          v(wbl)          v(rwl)          
--------------------------------------------------------------------------------
635	2.800686e-08	-8.00001e-01	1.200000e+00	1.426691e-04	
636	2.805686e-08	-7.99999e-01	1.200000e+00	-1.42665e-04	
637	2.810686e-08	-8.00001e-01	1.200000e+00	1.426606e-04	
638	2.815686e-08	-7.99999e-01	1.200000e+00	-1.42656e-04	
639	2.820686e-08	-8.00001e-01	1.200000e+00	1.426520e-04	
640	2.825686e-08	-7.99999e-01	1.200000e+00	-1.42648e-04	
641	2.830686e-08	-8.00001e-01	1.200000e+00	1.426434e-04	
642	2.835686e-08	-7.99999e-01	1.200000e+00	-1.42639e-04	
643	2.840686e-08	-8.00001e-01	1.200000e+00	1.426349e-04	
644	2.845686e-08	-7.99999e-01	1.200000e+00	-1.42631e-04	
645	2.850686e-08	-8.00001e-01	1.200000e+00	1.426263e-04	
646	2.855686e-08	-7.99999e-01	1.200000e+00	-1.42622e-04	
647	2.860686e-08	-8.00001e-01	1.200000e+00	1.426178e-04	
648	2.865686e-08	-7.99999e-01	1.200000e+00	-1.42614e-04	
649	2.870686e-08	-8.00001e-01	1.200000e+00	1.426092e-04	
650	2.875686e-08	-7.99999e-01	1.200000e+00	-1.42605e-04	
651	2.880686e-08	-8.00001e-01	1.200000e+00	1.426007e-04	
652	2.885686e-08	-7.99999e-01	1.200000e+00	-1.42596e-04	
653	2.890686e-08	-8.00001e-01	1.200000e+00	1.425921e-04	
654	2.895686e-08	-7.99999e-01	1.200000e+00	-1.42588e-04	
655	2.900686e-08	-8.00001e-01	1.200000e+00	1.425836e-04	
656	2.905686e-08	-7.99999e-01	1.200000e+00	-1.42579e-04	
657	2.910686e-08	-8.00001e-01	1.200000e+00	1.425750e-04	
658	2.915686e-08	-7.99999e-01	1.200000e+00	-1.42571e-04	
659	2.920686e-08	-8.00001e-01	1.200000e+00	1.425665e-04	
660	2.925686e-08	-7.99999e-01	1.200000e+00	-1.42562e-04	
661	2.930686e-08	-8.00001e-01	1.200000e+00	1.425579e-04	
662	2.935686e-08	-7.99999e-01	1.200000e+00	-1.42554e-04	
663	2.940686e-08	-8.00001e-01	1.200000e+00	1.425494e-04	
664	2.945686e-08	-7.99999e-01	1.200000e+00	-1.42545e-04	
665	2.950686e-08	-8.00001e-01	1.200000e+00	1.425408e-04	
666	2.955686e-08	-7.99999e-01	1.200000e+00	-1.42537e-04	
667	2.960686e-08	-8.00001e-01	1.200000e+00	1.425323e-04	
668	2.965686e-08	-7.99999e-01	1.200000e+00	-1.42528e-04	
669	2.970686e-08	-8.00001e-01	1.200000e+00	1.425238e-04	
670	2.975686e-08	-7.99999e-01	1.200000e+00	-1.42519e-04	
671	2.980686e-08	-8.00001e-01	1.200000e+00	1.425152e-04	
672	2.985686e-08	-7.99999e-01	1.200000e+00	-1.42511e-04	
673	2.990686e-08	-8.00001e-01	1.200000e+00	1.425067e-04	
674	2.995686e-08	-7.99999e-01	1.200000e+00	-1.42502e-04	
675	3.000000e-08	-8.00001e-01	1.200000e+00	1.424974e-04	

********************************************************************************
Transient Analysis  Tue Aug 18 15:49:49  2026
--------------------------------------------------------------------------------
Index   time            v(rbl)          v(sn)           v(sa_out)       
--------------------------------------------------------------------------------
0	0.000000e+00	1.199953e+00	-5.18664e-10	1.199945e+00	
1	5.000000e-13	1.199953e+00	-5.18664e-10	1.199945e+00	
2	1.000000e-12	1.199953e+00	-5.18664e-10	1.199945e+00	
3	2.000000e-12	1.199953e+00	-5.18664e-10	1.199945e+00	
4	4.000000e-12	1.199953e+00	-5.18664e-10	1.199945e+00	
5	8.000000e-12	1.199953e+00	-5.18664e-10	1.199945e+00	
6	1.600000e-11	1.199953e+00	-5.18664e-10	1.199945e+00	
7	3.200000e-11	1.199953e+00	-5.18664e-10	1.199945e+00	
8	6.400000e-11	1.199953e+00	-5.18664e-10	1.199945e+00	
9	1.140000e-10	1.199953e+00	-5.18664e-10	1.199945e+00	
10	1.640000e-10	1.199953e+00	-5.18664e-10	1.199945e+00	
11	2.140000e-10	1.199953e+00	-5.18664e-10	1.199945e+00	
12	2.640000e-10	1.199953e+00	-5.18664e-10	1.199945e+00	
13	3.140000e-10	1.199953e+00	-5.18664e-10	1.199945e+00	
14	3.640000e-10	1.199953e+00	-5.18664e-10	1.199945e+00	
15	4.140000e-10	1.199953e+00	-5.18664e-10	1.199945e+00	
16	4.640000e-10	1.199953e+00	-5.18664e-10	1.199945e+00	
17	5.140000e-10	1.199953e+00	-5.18664e-10	1.199945e+00	
18	5.640000e-10	1.199953e+00	-5.18664e-10	1.199945e+00	
19	6.140000e-10	1.199953e+00	-5.18664e-10	1.199945e+00	
20	6.640000e-10	1.199953e+00	-5.18664e-10	1.199945e+00	
21	7.140000e-10	1.199953e+00	-5.18664e-10	1.199945e+00	
22	7.640000e-10	1.199953e+00	-5.18664e-10	1.199945e+00	
23	8.140000e-10	1.199953e+00	-5.18664e-10	1.199945e+00	
24	8.640000e-10	1.199953e+00	-5.18664e-10	1.199945e+00	
25	9.140000e-10	1.199953e+00	-5.18664e-10	1.199945e+00	
26	9.640000e-10	1.199953e+00	-5.18664e-10	1.199945e+00	
27	1.000000e-09	1.199953e+00	-5.18664e-10	1.199945e+00	
28	1.000010e-09	1.200198e+00	5.230670e-03	1.199948e+00	
29	1.000030e-09	1.200702e+00	1.606808e-02	1.199953e+00	
30	1.000070e-09	1.201683e+00	3.778408e-02	1.199961e+00	
31	1.000100e-09	1.202394e+00	5.405000e-02	1.199966e+00	
32	1.000108e-09	1.202384e+00	5.425010e-02	1.199966e+00	
33	1.000124e-09	1.202348e+00	5.426960e-02	1.199966e+00	
34	1.000156e-09	1.202274e+00	5.425656e-02	1.199965e+00	
35	1.000220e-09	1.202135e+00	5.427955e-02	1.199964e+00	
36	1.000348e-09	1.201878e+00	5.427804e-02	1.199963e+00	
37	1.000604e-09	1.201451e+00	5.432232e-02	1.199959e+00	
38	1.001116e-09	1.200845e+00	5.436548e-02	1.199954e+00	
39	1.002140e-09	1.200228e+00	5.450101e-02	1.199948e+00	
40	1.004188e-09	1.199904e+00	5.473005e-02	1.199945e+00	
41	1.008284e-09	1.199898e+00	5.523743e-02	1.199944e+00	
42	1.016476e-09	1.199898e+00	5.620600e-02	1.199944e+00	
43	1.032860e-09	1.199895e+00	5.818935e-02	1.199944e+00	
44	1.065628e-09	1.199889e+00	6.210983e-02	1.199944e+00	
45	1.115628e-09	1.199879e+00	6.813096e-02	1.199944e+00	
46	1.165628e-09	1.199869e+00	7.412129e-02	1.199944e+00	
47	1.215628e-09	1.199858e+00	8.014244e-02	1.199944e+00	
48	1.265628e-09	1.199847e+00	8.613277e-02	1.199944e+00	
49	1.315628e-09	1.199835e+00	9.215391e-02	1.199944e+00	
50	1.365628e-09	1.199822e+00	9.814423e-02	1.199944e+00	
51	1.415628e-09	1.199808e+00	1.041654e-01	1.199943e+00	
52	1.465628e-09	1.199794e+00	1.101557e-01	1.199943e+00	
53	1.515628e-09	1.199779e+00	1.161768e-01	1.199943e+00	
54	1.565628e-09	1.199763e+00	1.221671e-01	1.199943e+00	

Index   time            v(rbl)          v(sn)           v(sa_out)       
--------------------------------------------------------------------------------
55	1.615628e-09	1.199746e+00	1.281882e-01	1.199943e+00	
56	1.665628e-09	1.199728e+00	1.341785e-01	1.199942e+00	
57	1.715628e-09	1.199710e+00	1.401996e-01	1.199942e+00	
58	1.765628e-09	1.199690e+00	1.461899e-01	1.199942e+00	
59	1.815628e-09	1.199669e+00	1.522110e-01	1.199942e+00	
60	1.865628e-09	1.199647e+00	1.582013e-01	1.199942e+00	
61	1.915628e-09	1.199625e+00	1.642224e-01	1.199941e+00	
62	1.965628e-09	1.199601e+00	1.702127e-01	1.199941e+00	
63	2.015628e-09	1.199576e+00	1.762337e-01	1.199941e+00	
64	2.065628e-09	1.199550e+00	1.822240e-01	1.199940e+00	
65	2.115628e-09	1.199523e+00	1.882451e-01	1.199940e+00	
66	2.165628e-09	1.199493e+00	1.942353e-01	1.199940e+00	
67	2.215628e-09	1.199464e+00	2.002564e-01	1.199939e+00	
68	2.265628e-09	1.199432e+00	2.062466e-01	1.199939e+00	
69	2.315628e-09	1.199400e+00	2.122676e-01	1.199939e+00	
70	2.365628e-09	1.199365e+00	2.182579e-01	1.199938e+00	
71	2.415628e-09	1.199330e+00	2.242789e-01	1.199938e+00	
72	2.465628e-09	1.199292e+00	2.302691e-01	1.199937e+00	
73	2.515628e-09	1.199254e+00	2.362901e-01	1.199937e+00	
74	2.565628e-09	1.199214e+00	2.422802e-01	1.199936e+00	
75	2.615628e-09	1.199173e+00	2.483012e-01	1.199936e+00	
76	2.665628e-09	1.199129e+00	2.542913e-01	1.199935e+00	
77	2.715628e-09	1.199084e+00	2.603122e-01	1.199935e+00	
78	2.765628e-09	1.199036e+00	2.663023e-01	1.199934e+00	
79	2.815628e-09	1.198987e+00	2.723232e-01	1.199933e+00	
80	2.865628e-09	1.198936e+00	2.783133e-01	1.199933e+00	
81	2.915628e-09	1.198883e+00	2.843341e-01	1.199932e+00	
82	2.965628e-09	1.198828e+00	2.903242e-01	1.199931e+00	
83	3.015628e-09	1.198771e+00	2.963451e-01	1.199930e+00	
84	3.065628e-09	1.198711e+00	3.023351e-01	1.199930e+00	
85	3.115628e-09	1.198651e+00	3.083559e-01	1.199929e+00	
86	3.165628e-09	1.198586e+00	3.143459e-01	1.199928e+00	
87	3.215628e-09	1.198521e+00	3.203667e-01	1.199927e+00	
88	3.265628e-09	1.198452e+00	3.263568e-01	1.199926e+00	
89	3.315628e-09	1.198382e+00	3.323775e-01	1.199925e+00	
90	3.365628e-09	1.198308e+00	3.383675e-01	1.199924e+00	
91	3.415628e-09	1.198233e+00	3.443883e-01	1.199922e+00	
92	3.465628e-09	1.198154e+00	3.503782e-01	1.199921e+00	
93	3.515628e-09	1.198074e+00	3.563989e-01	1.199920e+00	
94	3.565628e-09	1.197989e+00	3.623889e-01	1.199919e+00	
95	3.615628e-09	1.197904e+00	3.684096e-01	1.199917e+00	
96	3.665628e-09	1.197813e+00	3.743995e-01	1.199916e+00	
97	3.715628e-09	1.197722e+00	3.804202e-01	1.199914e+00	
98	3.765628e-09	1.197626e+00	3.864100e-01	1.199912e+00	
99	3.815628e-09	1.197528e+00	3.924307e-01	1.199911e+00	
100	3.865628e-09	1.197426e+00	3.984205e-01	1.199909e+00	
101	3.915628e-09	1.197322e+00	4.044411e-01	1.199907e+00	
102	3.965628e-09	1.197213e+00	4.104309e-01	1.199905e+00	
103	4.015628e-09	1.197103e+00	4.164515e-01	1.199903e+00	
104	4.065628e-09	1.196987e+00	4.224413e-01	1.199901e+00	
105	4.115628e-09	1.196870e+00	4.284619e-01	1.199898e+00	
106	4.165628e-09	1.196747e+00	4.344516e-01	1.199896e+00	
107	4.215628e-09	1.196622e+00	4.404721e-01	1.199893e+00	
108	4.265628e-09	1.196493e+00	4.464618e-01	1.199890e+00	
109	4.315628e-09	1.196360e+00	4.524823e-01	1.199887e+00	
110	4.365628e-09	1.196223e+00	4.584720e-01	1.199884e+00	
111	4.415628e-09	1.196082e+00	4.644924e-01	1.199881e+00	
112	4.465628e-09	1.195937e+00	4.704821e-01	1.199877e+00	

Index   time            v(rbl)          v(sn)           v(sa_out)       
--------------------------------------------------------------------------------
113	4.515628e-09	1.195789e+00	4.765025e-01	1.199874e+00	
114	4.565628e-09	1.195635e+00	4.824921e-01	1.199870e+00	
115	4.615628e-09	1.195478e+00	4.885124e-01	1.199865e+00	
116	4.665628e-09	1.195315e+00	4.945020e-01	1.199861e+00	
117	4.715628e-09	1.195150e+00	5.005223e-01	1.199856e+00	
118	4.765628e-09	1.194978e+00	5.065118e-01	1.199851e+00	
119	4.815628e-09	1.194803e+00	5.125321e-01	1.199846e+00	
120	4.865628e-09	1.194622e+00	5.185216e-01	1.199840e+00	
121	4.915628e-09	1.194438e+00	5.245418e-01	1.199834e+00	
122	4.965628e-09	1.194247e+00	5.305312e-01	1.199828e+00	
123	5.015628e-09	1.194053e+00	5.365514e-01	1.199821e+00	
124	5.065628e-09	1.193852e+00	5.425408e-01	1.199814e+00	
125	5.115628e-09	1.193647e+00	5.485609e-01	1.199806e+00	
126	5.165628e-09	1.193436e+00	5.545502e-01	1.199798e+00	
127	5.215628e-09	1.193221e+00	5.605703e-01	1.199789e+00	
128	5.265628e-09	1.192999e+00	5.665596e-01	1.199779e+00	
129	5.315628e-09	1.192772e+00	5.725796e-01	1.199769e+00	
130	5.365628e-09	1.192539e+00	5.785688e-01	1.199758e+00	
131	5.415628e-09	1.192301e+00	5.845888e-01	1.199746e+00	
132	5.465628e-09	1.192056e+00	5.905780e-01	1.199734e+00	
133	5.515628e-09	1.191806e+00	5.965979e-01	1.199720e+00	
134	5.565628e-09	1.191549e+00	6.025870e-01	1.199705e+00	
135	5.615628e-09	1.191287e+00	6.086068e-01	1.199689e+00	
136	5.665628e-09	1.191017e+00	6.145959e-01	1.199672e+00	
137	5.715628e-09	1.190743e+00	6.206157e-01	1.199654e+00	
138	5.765628e-09	1.190460e+00	6.266047e-01	1.199634e+00	
139	5.815628e-09	1.190172e+00	6.326244e-01	1.199612e+00	
140	5.865628e-09	1.189877e+00	6.386133e-01	1.199588e+00	
141	5.915628e-09	1.189575e+00	6.446330e-01	1.199563e+00	
142	5.965628e-09	1.189265e+00	6.506218e-01	1.199535e+00	
143	6.015628e-09	1.188950e+00	6.566414e-01	1.199505e+00	
144	6.065628e-09	1.188626e+00	6.626302e-01	1.199471e+00	
145	6.115628e-09	1.188296e+00	6.686497e-01	1.199435e+00	
146	6.165628e-09	1.187957e+00	6.746385e-01	1.199396e+00	
147	6.215628e-09	1.187612e+00	6.806579e-01	1.199353e+00	
148	6.265628e-09	1.187259e+00	6.866466e-01	1.199306e+00	
149	6.315628e-09	1.186898e+00	6.926660e-01	1.199254e+00	
150	6.365628e-09	1.186529e+00	6.986546e-01	1.199197e+00	
151	6.415628e-09	1.186148e+00	7.046739e-01	1.199131e+00	
152	6.465628e-09	1.185763e+00	7.106624e-01	1.199061e+00	
153	6.515628e-09	1.185370e+00	7.166817e-01	1.198985e+00	
154	6.565628e-09	1.184967e+00	7.226702e-01	1.198900e+00	
155	6.615628e-09	1.184558e+00	7.286894e-01	1.198806e+00	
156	6.665628e-09	1.184138e+00	7.346778e-01	1.198701e+00	
157	6.715628e-09	1.183711e+00	7.406969e-01	1.198586e+00	
158	6.765628e-09	1.183274e+00	7.466853e-01	1.198456e+00	
159	6.815628e-09	1.182829e+00	7.527043e-01	1.198313e+00	
160	6.865628e-09	1.182373e+00	7.586925e-01	1.198152e+00	
161	6.915628e-09	1.181909e+00	7.647115e-01	1.197973e+00	
162	6.965628e-09	1.181435e+00	7.706996e-01	1.197772e+00	
163	7.015628e-09	1.180953e+00	7.767185e-01	1.197547e+00	
164	7.065628e-09	1.180459e+00	7.827066e-01	1.197293e+00	
165	7.115628e-09	1.179957e+00	7.887253e-01	1.197007e+00	
166	7.165628e-09	1.179443e+00	7.947133e-01	1.196684e+00	
167	7.215628e-09	1.178921e+00	8.007319e-01	1.196320e+00	
168	7.265628e-09	1.178387e+00	8.067198e-01	1.195907e+00	
169	7.315628e-09	1.177844e+00	8.127384e-01	1.195439e+00	
170	7.365628e-09	1.177289e+00	8.187261e-01	1.194907e+00	

Index   time            v(rbl)          v(sn)           v(sa_out)       
--------------------------------------------------------------------------------
171	7.415628e-09	1.176729e+00	8.247042e-01	1.194305e+00	
172	7.465628e-09	1.176164e+00	8.305686e-01	1.193628e+00	
173	7.515628e-09	1.175599e+00	8.363713e-01	1.192870e+00	
174	7.565628e-09	1.175032e+00	8.420527e-01	1.192019e+00	
175	7.615628e-09	1.174464e+00	8.476754e-01	1.191067e+00	
176	7.665628e-09	1.173895e+00	8.531797e-01	1.189999e+00	
177	7.715628e-09	1.173326e+00	8.586280e-01	1.188805e+00	
178	7.765628e-09	1.172756e+00	8.639606e-01	1.187466e+00	
179	7.815628e-09	1.172186e+00	8.692399e-01	1.185972e+00	
180	7.865628e-09	1.171616e+00	8.744062e-01	1.184298e+00	
181	7.915628e-09	1.171046e+00	8.795218e-01	1.182431e+00	
182	7.965628e-09	1.170476e+00	8.845269e-01	1.180343e+00	
183	8.015628e-09	1.169907e+00	8.894838e-01	1.178018e+00	
184	8.065628e-09	1.169338e+00	8.943328e-01	1.175422e+00	
185	8.115628e-09	1.168770e+00	8.991361e-01	1.172535e+00	
186	8.165628e-09	1.168203e+00	9.038338e-01	1.169319e+00	
187	8.215628e-09	1.167637e+00	9.084881e-01	1.165750e+00	
188	8.265628e-09	1.167072e+00	9.130393e-01	1.161783e+00	
189	8.315628e-09	1.166509e+00	9.175494e-01	1.157392e+00	
190	8.365628e-09	1.165947e+00	9.219585e-01	1.152522e+00	
191	8.415628e-09	1.165388e+00	9.263288e-01	1.147147e+00	
192	8.465628e-09	1.164829e+00	9.306003e-01	1.141206e+00	
193	8.515628e-09	1.164273e+00	9.348352e-01	1.134669e+00	
194	8.565628e-09	1.163719e+00	9.389734e-01	1.127468e+00	
195	8.615628e-09	1.163167e+00	9.430771e-01	1.119575e+00	
196	8.665628e-09	1.162617e+00	9.470861e-01	1.110915e+00	
197	8.715628e-09	1.162070e+00	9.510627e-01	1.101463e+00	
198	8.765628e-09	1.161525e+00	9.549466e-01	1.091140e+00	
199	8.815628e-09	1.160983e+00	9.587999e-01	1.079928e+00	
200	8.865628e-09	1.160443e+00	9.625626e-01	1.067745e+00	
201	8.915628e-09	1.159907e+00	9.662966e-01	1.054587e+00	
202	8.965628e-09	1.159372e+00	9.699418e-01	1.040371e+00	
203	9.015628e-09	1.158842e+00	9.735602e-01	1.025111e+00	
204	9.065628e-09	1.158314e+00	9.770915e-01	1.008732e+00	
205	9.115628e-09	1.157790e+00	9.805979e-01	9.912692e-01	
206	9.165628e-09	1.157268e+00	9.840190e-01	9.726582e-01	
207	9.215628e-09	1.156750e+00	9.874168e-01	9.529656e-01	
208	9.265628e-09	1.156235e+00	9.907310e-01	9.321399e-01	
209	9.315628e-09	1.155724e+00	9.940236e-01	9.102827e-01	
210	9.365628e-09	1.155216e+00	9.972343e-01	8.873600e-01	
211	9.415628e-09	1.154712e+00	1.000425e+00	8.635100e-01	
212	9.465628e-09	1.154211e+00	1.003535e+00	8.387177e-01	
213	9.515628e-09	1.153715e+00	1.006627e+00	8.131566e-01	
214	9.565628e-09	1.153221e+00	1.009641e+00	7.868294e-01	
215	9.615628e-09	1.152732e+00	1.012637e+00	7.599406e-01	
216	9.665628e-09	1.152245e+00	1.015556e+00	7.325057e-01	
217	9.715628e-09	1.151764e+00	1.018460e+00	7.047521e-01	
218	9.765628e-09	1.151285e+00	1.021288e+00	6.767017e-01	
219	9.815628e-09	1.150812e+00	1.024102e+00	6.485944e-01	
220	9.865628e-09	1.150341e+00	1.026841e+00	6.204501e-01	
221	9.915628e-09	1.149875e+00	1.029568e+00	5.925096e-01	
222	9.965628e-09	1.149412e+00	1.032222e+00	5.647834e-01	
223	1.001563e-08	1.148956e+00	1.034864e+00	5.375017e-01	
224	1.006563e-08	1.148500e+00	1.037435e+00	5.106653e-01	
225	1.011563e-08	1.148050e+00	1.039996e+00	4.844593e-01	
226	1.016563e-08	1.147604e+00	1.042487e+00	4.589056e-01	
227	1.021563e-08	1.147162e+00	1.044968e+00	4.341389e-01	
228	1.026563e-08	1.146724e+00	1.047381e+00	4.101592e-01	

Index   time            v(rbl)          v(sn)           v(sa_out)       
--------------------------------------------------------------------------------
229	1.031563e-08	1.146290e+00	1.049786e+00	3.870829e-01	
230	1.036563e-08	1.145860e+00	1.052123e+00	3.648815e-01	
231	1.041563e-08	1.145435e+00	1.054454e+00	3.436514e-01	
232	1.046563e-08	1.145013e+00	1.056718e+00	3.233399e-01	
233	1.051563e-08	1.144596e+00	1.058977e+00	3.040242e-01	
234	1.056563e-08	1.144182e+00	1.061170e+00	2.856335e-01	
235	1.061563e-08	1.143774e+00	1.063359e+00	2.682274e-01	
236	1.066563e-08	1.143368e+00	1.065483e+00	2.517225e-01	
237	1.071563e-08	1.142968e+00	1.067605e+00	2.361642e-01	
238	1.076563e-08	1.142571e+00	1.069663e+00	2.214613e-01	
239	1.081563e-08	1.142179e+00	1.071719e+00	2.076481e-01	
240	1.086563e-08	1.141790e+00	1.073712e+00	1.946305e-01	
241	1.091563e-08	1.141406e+00	1.075705e+00	1.824340e-01	
242	1.096563e-08	1.141025e+00	1.077636e+00	1.709650e-01	
243	1.100000e-08	1.140767e+00	1.078971e+00	1.635235e-01	
244	1.100001e-08	1.140530e+00	1.073733e+00	1.569591e-01	
245	1.100003e-08	1.140065e+00	1.062896e+00	1.446769e-01	
246	1.100007e-08	1.139269e+00	1.041181e+00	1.256315e-01	
247	1.100010e-08	1.138789e+00	1.024918e+00	1.152284e-01	
248	1.100011e-08	1.138869e+00	1.024719e+00	1.169110e-01	
249	1.100012e-08	1.139046e+00	1.024702e+00	1.207041e-01	
250	1.100016e-08	1.139395e+00	1.024720e+00	1.284926e-01	
251	1.100022e-08	1.140060e+00	1.024707e+00	1.445588e-01	
252	1.100035e-08	1.141277e+00	1.024729e+00	1.784777e-01	
253	1.100060e-08	1.143314e+00	1.024723e+00	2.495667e-01	
254	1.100112e-08	1.146195e+00	1.024752e+00	3.821399e-01	
255	1.100214e-08	1.149130e+00	1.024750e+00	5.479590e-01	
256	1.100409e-08	1.150624e+00	1.024773e+00	6.373746e-01	
257	1.100658e-08	1.150689e+00	1.024758e+00	6.412893e-01	
258	1.100910e-08	1.150684e+00	1.024773e+00	6.409966e-01	
259	1.101401e-08	1.150684e+00	1.024758e+00	6.409910e-01	
260	1.102383e-08	1.150685e+00	1.024773e+00	6.410169e-01	
261	1.104347e-08	1.150684e+00	1.024758e+00	6.409861e-01	
262	1.108276e-08	1.150685e+00	1.024773e+00	6.410194e-01	
263	1.113276e-08	1.150684e+00	1.024758e+00	6.409860e-01	
264	1.118276e-08	1.150685e+00	1.024773e+00	6.410211e-01	
265	1.123276e-08	1.150684e+00	1.024757e+00	6.409863e-01	
266	1.128276e-08	1.150685e+00	1.024773e+00	6.410228e-01	
267	1.133276e-08	1.150684e+00	1.024757e+00	6.409866e-01	
268	1.138276e-08	1.150685e+00	1.024773e+00	6.410243e-01	
269	1.143276e-08	1.150684e+00	1.024757e+00	6.409871e-01	
270	1.148276e-08	1.150685e+00	1.024773e+00	6.410258e-01	
271	1.153276e-08	1.150684e+00	1.024757e+00	6.409876e-01	
272	1.158276e-08	1.150685e+00	1.024773e+00	6.410272e-01	
273	1.163276e-08	1.150684e+00	1.024757e+00	6.409883e-01	
274	1.168276e-08	1.150685e+00	1.024772e+00	6.410285e-01	
275	1.173276e-08	1.150684e+00	1.024757e+00	6.409889e-01	
276	1.178276e-08	1.150685e+00	1.024772e+00	6.410298e-01	
277	1.183276e-08	1.150684e+00	1.024757e+00	6.409897e-01	
278	1.188276e-08	1.150685e+00	1.024772e+00	6.410310e-01	
279	1.193276e-08	1.150684e+00	1.024757e+00	6.409904e-01	
280	1.198276e-08	1.150685e+00	1.024772e+00	6.410322e-01	
281	1.203276e-08	1.150684e+00	1.024757e+00	6.409912e-01	
282	1.208276e-08	1.150685e+00	1.024772e+00	6.410333e-01	
283	1.213276e-08	1.150684e+00	1.024757e+00	6.409920e-01	
284	1.218276e-08	1.150685e+00	1.024772e+00	6.410344e-01	
285	1.223276e-08	1.150684e+00	1.024757e+00	6.409929e-01	
286	1.228276e-08	1.150685e+00	1.024772e+00	6.410356e-01	

Index   time            v(rbl)          v(sn)           v(sa_out)       
--------------------------------------------------------------------------------
287	1.233276e-08	1.150684e+00	1.024756e+00	6.409938e-01	
288	1.238276e-08	1.150685e+00	1.024772e+00	6.410366e-01	
289	1.243276e-08	1.150684e+00	1.024756e+00	6.409946e-01	
290	1.248276e-08	1.150685e+00	1.024772e+00	6.410377e-01	
291	1.253276e-08	1.150684e+00	1.024756e+00	6.409955e-01	
292	1.258276e-08	1.150685e+00	1.024772e+00	6.410388e-01	
293	1.263276e-08	1.150684e+00	1.024756e+00	6.409965e-01	
294	1.268276e-08	1.150685e+00	1.024771e+00	6.410398e-01	
295	1.273276e-08	1.150684e+00	1.024756e+00	6.409974e-01	
296	1.278276e-08	1.150685e+00	1.024771e+00	6.410408e-01	
297	1.283276e-08	1.150684e+00	1.024756e+00	6.409983e-01	
298	1.288276e-08	1.150685e+00	1.024771e+00	6.410419e-01	
299	1.293276e-08	1.150684e+00	1.024756e+00	6.409993e-01	
300	1.298276e-08	1.150685e+00	1.024771e+00	6.410429e-01	
301	1.303276e-08	1.150684e+00	1.024756e+00	6.410002e-01	
302	1.308276e-08	1.150685e+00	1.024771e+00	6.410439e-01	
303	1.313276e-08	1.150684e+00	1.024756e+00	6.410012e-01	
304	1.318276e-08	1.150685e+00	1.024771e+00	6.410449e-01	
305	1.323276e-08	1.150684e+00	1.024756e+00	6.410021e-01	
306	1.328276e-08	1.150685e+00	1.024771e+00	6.410459e-01	
307	1.333276e-08	1.150684e+00	1.024755e+00	6.410031e-01	
308	1.338276e-08	1.150685e+00	1.024771e+00	6.410469e-01	
309	1.343276e-08	1.150684e+00	1.024755e+00	6.410041e-01	
310	1.348276e-08	1.150685e+00	1.024771e+00	6.410479e-01	
311	1.353276e-08	1.150684e+00	1.024755e+00	6.410050e-01	
312	1.358276e-08	1.150685e+00	1.024771e+00	6.410489e-01	
313	1.363276e-08	1.150685e+00	1.024755e+00	6.410060e-01	
314	1.368276e-08	1.150685e+00	1.024770e+00	6.410499e-01	
315	1.373276e-08	1.150685e+00	1.024755e+00	6.410070e-01	
316	1.378276e-08	1.150685e+00	1.024770e+00	6.410509e-01	
317	1.383276e-08	1.150685e+00	1.024755e+00	6.410080e-01	
318	1.388276e-08	1.150685e+00	1.024770e+00	6.410519e-01	
319	1.393276e-08	1.150685e+00	1.024755e+00	6.410089e-01	
320	1.398276e-08	1.150685e+00	1.024770e+00	6.410529e-01	
321	1.403276e-08	1.150685e+00	1.024755e+00	6.410099e-01	
322	1.408276e-08	1.150685e+00	1.024770e+00	6.410539e-01	
323	1.413276e-08	1.150685e+00	1.024755e+00	6.410109e-01	
324	1.418276e-08	1.150685e+00	1.024770e+00	6.410548e-01	
325	1.423276e-08	1.150685e+00	1.024755e+00	6.410119e-01	
326	1.428276e-08	1.150685e+00	1.024770e+00	6.410558e-01	
327	1.433276e-08	1.150685e+00	1.024755e+00	6.410128e-01	
328	1.438276e-08	1.150685e+00	1.024770e+00	6.410568e-01	
329	1.443276e-08	1.150685e+00	1.024754e+00	6.410138e-01	
330	1.448276e-08	1.150685e+00	1.024770e+00	6.410578e-01	
331	1.453276e-08	1.150685e+00	1.024754e+00	6.410148e-01	
332	1.458276e-08	1.150685e+00	1.024770e+00	6.410588e-01	
333	1.463276e-08	1.150685e+00	1.024754e+00	6.410158e-01	
334	1.468276e-08	1.150685e+00	1.024770e+00	6.410598e-01	
335	1.473276e-08	1.150685e+00	1.024754e+00	6.410168e-01	
336	1.478276e-08	1.150685e+00	1.024769e+00	6.410607e-01	
337	1.483276e-08	1.150685e+00	1.024754e+00	6.410177e-01	
338	1.488276e-08	1.150685e+00	1.024769e+00	6.410617e-01	
339	1.493276e-08	1.150685e+00	1.024754e+00	6.410187e-01	
340	1.498276e-08	1.150685e+00	1.024769e+00	6.410627e-01	
341	1.500000e-08	1.150685e+00	1.024754e+00	6.410194e-01	
342	1.500001e-08	1.150788e+00	1.027035e+00	6.471994e-01	
343	1.500003e-08	1.150993e+00	1.031748e+00	6.593608e-01	
344	1.500007e-08	1.151345e+00	1.041189e+00	6.801989e-01	

Index   time            v(rbl)          v(sn)           v(sa_out)       
--------------------------------------------------------------------------------
345	1.500010e-08	1.151559e+00	1.048260e+00	6.927679e-01	
346	1.500011e-08	1.151525e+00	1.048346e+00	6.907928e-01	
347	1.500012e-08	1.151450e+00	1.048354e+00	6.864065e-01	
348	1.500016e-08	1.151303e+00	1.048346e+00	6.777436e-01	
349	1.500022e-08	1.151023e+00	1.048351e+00	6.611527e-01	
350	1.500035e-08	1.150509e+00	1.048342e+00	6.305377e-01	
351	1.500060e-08	1.149650e+00	1.048345e+00	5.790291e-01	
352	1.500112e-08	1.148435e+00	1.048332e+00	5.068673e-01	
353	1.500214e-08	1.147197e+00	1.048333e+00	4.361132e-01	
354	1.500419e-08	1.146551e+00	1.048324e+00	4.009140e-01	
355	1.500641e-08	1.146542e+00	1.048330e+00	4.004156e-01	
356	1.501034e-08	1.146542e+00	1.048324e+00	4.004156e-01	
357	1.501701e-08	1.146542e+00	1.048330e+00	4.004266e-01	
358	1.503034e-08	1.146542e+00	1.048324e+00	4.004133e-01	
359	1.505700e-08	1.146542e+00	1.048330e+00	4.004278e-01	
360	1.510700e-08	1.146542e+00	1.048323e+00	4.004138e-01	
361	1.515700e-08	1.146542e+00	1.048330e+00	4.004289e-01	
362	1.520700e-08	1.146542e+00	1.048323e+00	4.004145e-01	
363	1.525700e-08	1.146542e+00	1.048330e+00	4.004301e-01	
364	1.530700e-08	1.146542e+00	1.048323e+00	4.004153e-01	
365	1.535700e-08	1.146542e+00	1.048330e+00	4.004312e-01	
366	1.540700e-08	1.146542e+00	1.048323e+00	4.004162e-01	
367	1.545700e-08	1.146542e+00	1.048330e+00	4.004322e-01	
368	1.550700e-08	1.146542e+00	1.048323e+00	4.004170e-01	
369	1.555700e-08	1.146542e+00	1.048330e+00	4.004333e-01	
370	1.560700e-08	1.146542e+00	1.048323e+00	4.004179e-01	
371	1.565700e-08	1.146542e+00	1.048330e+00	4.004343e-01	
372	1.570700e-08	1.146542e+00	1.048323e+00	4.004188e-01	
373	1.575700e-08	1.146542e+00	1.048329e+00	4.004354e-01	
374	1.580700e-08	1.146542e+00	1.048323e+00	4.004197e-01	
375	1.585700e-08	1.146542e+00	1.048329e+00	4.004364e-01	
376	1.590700e-08	1.146542e+00	1.048323e+00	4.004206e-01	
377	1.595700e-08	1.146542e+00	1.048329e+00	4.004374e-01	
378	1.600700e-08	1.146542e+00	1.048323e+00	4.004215e-01	
379	1.605700e-08	1.146542e+00	1.048329e+00	4.004384e-01	
380	1.610700e-08	1.146542e+00	1.048322e+00	4.004224e-01	
381	1.615700e-08	1.146542e+00	1.048329e+00	4.004394e-01	
382	1.620700e-08	1.146542e+00	1.048322e+00	4.004233e-01	
383	1.625700e-08	1.146543e+00	1.048329e+00	4.004403e-01	
384	1.630700e-08	1.146542e+00	1.048322e+00	4.004242e-01	
385	1.635700e-08	1.146543e+00	1.048329e+00	4.004413e-01	
386	1.640700e-08	1.146542e+00	1.048322e+00	4.004252e-01	
387	1.645700e-08	1.146543e+00	1.048329e+00	4.004423e-01	
388	1.650700e-08	1.146542e+00	1.048322e+00	4.004261e-01	
389	1.655700e-08	1.146543e+00	1.048329e+00	4.004433e-01	
390	1.660700e-08	1.146542e+00	1.048322e+00	4.004270e-01	
391	1.665700e-08	1.146543e+00	1.048329e+00	4.004443e-01	
392	1.670700e-08	1.146542e+00	1.048322e+00	4.004280e-01	
393	1.675700e-08	1.146543e+00	1.048329e+00	4.004452e-01	
394	1.680700e-08	1.146542e+00	1.048322e+00	4.004289e-01	
395	1.685700e-08	1.146543e+00	1.048328e+00	4.004462e-01	
396	1.690700e-08	1.146542e+00	1.048322e+00	4.004299e-01	
397	1.695700e-08	1.146543e+00	1.048328e+00	4.004472e-01	
398	1.700700e-08	1.146542e+00	1.048322e+00	4.004308e-01	
399	1.705700e-08	1.146543e+00	1.048328e+00	4.004481e-01	
400	1.710700e-08	1.146542e+00	1.048321e+00	4.004318e-01	
401	1.715700e-08	1.146543e+00	1.048328e+00	4.004491e-01	
402	1.720700e-08	1.146542e+00	1.048321e+00	4.004327e-01	

Index   time            v(rbl)          v(sn)           v(sa_out)       
--------------------------------------------------------------------------------
403	1.725700e-08	1.146543e+00	1.048328e+00	4.004500e-01	
404	1.730700e-08	1.146542e+00	1.048321e+00	4.004337e-01	
405	1.735700e-08	1.146543e+00	1.048328e+00	4.004510e-01	
406	1.740700e-08	1.146542e+00	1.048321e+00	4.004346e-01	
407	1.745700e-08	1.146543e+00	1.048328e+00	4.004520e-01	
408	1.750700e-08	1.146542e+00	1.048321e+00	4.004356e-01	
409	1.755700e-08	1.146543e+00	1.048328e+00	4.004529e-01	
410	1.760700e-08	1.146542e+00	1.048321e+00	4.004365e-01	
411	1.765700e-08	1.146543e+00	1.048328e+00	4.004539e-01	
412	1.770700e-08	1.146542e+00	1.048321e+00	4.004375e-01	
413	1.775700e-08	1.146543e+00	1.048328e+00	4.004548e-01	
414	1.780700e-08	1.146542e+00	1.048321e+00	4.004384e-01	
415	1.785700e-08	1.146543e+00	1.048327e+00	4.004558e-01	
416	1.790700e-08	1.146543e+00	1.048321e+00	4.004394e-01	
417	1.795700e-08	1.146543e+00	1.048327e+00	4.004568e-01	
418	1.800700e-08	1.146543e+00	1.048321e+00	4.004404e-01	
419	1.805700e-08	1.146543e+00	1.048327e+00	4.004577e-01	
420	1.810700e-08	1.146543e+00	1.048320e+00	4.004413e-01	
421	1.815700e-08	1.146543e+00	1.048327e+00	4.004587e-01	
422	1.820700e-08	1.146543e+00	1.048320e+00	4.004423e-01	
423	1.825700e-08	1.146543e+00	1.048327e+00	4.004596e-01	
424	1.830700e-08	1.146543e+00	1.048320e+00	4.004432e-01	
425	1.835700e-08	1.146543e+00	1.048327e+00	4.004606e-01	
426	1.840700e-08	1.146543e+00	1.048320e+00	4.004442e-01	
427	1.845700e-08	1.146543e+00	1.048327e+00	4.004615e-01	
428	1.850700e-08	1.146543e+00	1.048320e+00	4.004451e-01	
429	1.855700e-08	1.146543e+00	1.048327e+00	4.004625e-01	
430	1.860700e-08	1.146543e+00	1.048320e+00	4.004461e-01	
431	1.865700e-08	1.146543e+00	1.048327e+00	4.004635e-01	
432	1.870700e-08	1.146543e+00	1.048320e+00	4.004470e-01	
433	1.875700e-08	1.146543e+00	1.048327e+00	4.004644e-01	
434	1.880700e-08	1.146543e+00	1.048320e+00	4.004480e-01	
435	1.885700e-08	1.146543e+00	1.048326e+00	4.004654e-01	
436	1.890700e-08	1.146543e+00	1.048320e+00	4.004490e-01	
437	1.895700e-08	1.146543e+00	1.048326e+00	4.004663e-01	
438	1.900700e-08	1.146543e+00	1.048320e+00	4.004499e-01	
439	1.905700e-08	1.146543e+00	1.048326e+00	4.004673e-01	
440	1.910700e-08	1.146543e+00	1.048320e+00	4.004509e-01	
441	1.915700e-08	1.146543e+00	1.048326e+00	4.004682e-01	
442	1.920700e-08	1.146543e+00	1.048319e+00	4.004518e-01	
443	1.925700e-08	1.146543e+00	1.048326e+00	4.004692e-01	
444	1.930700e-08	1.146543e+00	1.048319e+00	4.004528e-01	
445	1.935700e-08	1.146543e+00	1.048326e+00	4.004701e-01	
446	1.940700e-08	1.146543e+00	1.048319e+00	4.004537e-01	
447	1.945700e-08	1.146543e+00	1.048326e+00	4.004711e-01	
448	1.950700e-08	1.146543e+00	1.048319e+00	4.004547e-01	
449	1.955700e-08	1.146543e+00	1.048326e+00	4.004721e-01	
450	1.960700e-08	1.146543e+00	1.048319e+00	4.004557e-01	
451	1.965700e-08	1.146543e+00	1.048326e+00	4.004730e-01	
452	1.970700e-08	1.146543e+00	1.048319e+00	4.004566e-01	
453	1.975700e-08	1.146543e+00	1.048326e+00	4.004740e-01	
454	1.980700e-08	1.146543e+00	1.048319e+00	4.004576e-01	
455	1.985700e-08	1.146543e+00	1.048325e+00	4.004749e-01	
456	1.990700e-08	1.146543e+00	1.048319e+00	4.004585e-01	
457	1.995700e-08	1.146543e+00	1.048325e+00	4.004759e-01	
458	2.000000e-08	1.146543e+00	1.048319e+00	4.004594e-01	
459	2.000001e-08	1.146440e+00	1.046048e+00	3.949948e-01	
460	2.000003e-08	1.146236e+00	1.041336e+00	3.842799e-01	

Index   time            v(rbl)          v(sn)           v(sa_out)       
--------------------------------------------------------------------------------
461	2.000007e-08	1.145886e+00	1.031894e+00	3.662217e-01	
462	2.000010e-08	1.145673e+00	1.024824e+00	3.554623e-01	
463	2.000011e-08	1.145707e+00	1.024737e+00	3.571497e-01	
464	2.000012e-08	1.145781e+00	1.024730e+00	3.609066e-01	
465	2.000016e-08	1.145929e+00	1.024738e+00	3.683705e-01	
466	2.000022e-08	1.146209e+00	1.024732e+00	3.828226e-01	
467	2.000035e-08	1.146722e+00	1.024741e+00	4.100495e-01	
468	2.000060e-08	1.147580e+00	1.024739e+00	4.575660e-01	
469	2.000112e-08	1.148794e+00	1.024751e+00	5.280021e-01	
470	2.000214e-08	1.150031e+00	1.024750e+00	6.018637e-01	
471	2.000419e-08	1.150677e+00	1.024760e+00	6.405382e-01	
472	2.000660e-08	1.150686e+00	1.024753e+00	6.411198e-01	
473	2.001041e-08	1.150686e+00	1.024760e+00	6.410901e-01	
474	2.001705e-08	1.150686e+00	1.024753e+00	6.410877e-01	
475	2.003032e-08	1.150686e+00	1.024760e+00	6.410971e-01	
476	2.005686e-08	1.150686e+00	1.024753e+00	6.410859e-01	
477	2.010686e-08	1.150686e+00	1.024760e+00	6.410987e-01	
478	2.015686e-08	1.150686e+00	1.024753e+00	6.410864e-01	
479	2.020686e-08	1.150686e+00	1.024760e+00	6.411002e-01	
480	2.025686e-08	1.150686e+00	1.024753e+00	6.410869e-01	
481	2.030686e-08	1.150686e+00	1.024760e+00	6.411016e-01	
482	2.035686e-08	1.150686e+00	1.024753e+00	6.410875e-01	
483	2.040686e-08	1.150686e+00	1.024760e+00	6.411030e-01	
484	2.045686e-08	1.150686e+00	1.024753e+00	6.410882e-01	
485	2.050686e-08	1.150686e+00	1.024759e+00	6.411042e-01	
486	2.055686e-08	1.150686e+00	1.024753e+00	6.410889e-01	
487	2.060686e-08	1.150686e+00	1.024759e+00	6.411055e-01	
488	2.065686e-08	1.150686e+00	1.024753e+00	6.410896e-01	
489	2.070686e-08	1.150686e+00	1.024759e+00	6.411067e-01	
490	2.075686e-08	1.150686e+00	1.024753e+00	6.410904e-01	
491	2.080686e-08	1.150686e+00	1.024759e+00	6.411078e-01	
492	2.085686e-08	1.150686e+00	1.024752e+00	6.410912e-01	
493	2.090686e-08	1.150686e+00	1.024759e+00	6.411090e-01	
494	2.095686e-08	1.150686e+00	1.024752e+00	6.410921e-01	
495	2.100686e-08	1.150686e+00	1.024759e+00	6.411101e-01	
496	2.105686e-08	1.150686e+00	1.024752e+00	6.410929e-01	
497	2.110686e-08	1.150686e+00	1.024759e+00	6.411112e-01	
498	2.115686e-08	1.150686e+00	1.024752e+00	6.410938e-01	
499	2.120686e-08	1.150686e+00	1.024759e+00	6.411122e-01	
500	2.125686e-08	1.150686e+00	1.024752e+00	6.410947e-01	
501	2.130686e-08	1.150686e+00	1.024759e+00	6.411133e-01	
502	2.135686e-08	1.150686e+00	1.024752e+00	6.410956e-01	
503	2.140686e-08	1.150686e+00	1.024759e+00	6.411144e-01	
504	2.145686e-08	1.150686e+00	1.024752e+00	6.410965e-01	
505	2.150686e-08	1.150686e+00	1.024758e+00	6.411154e-01	
506	2.155686e-08	1.150686e+00	1.024752e+00	6.410975e-01	
507	2.160686e-08	1.150686e+00	1.024758e+00	6.411164e-01	
508	2.165686e-08	1.150686e+00	1.024752e+00	6.410984e-01	
509	2.170686e-08	1.150686e+00	1.024758e+00	6.411174e-01	
510	2.175686e-08	1.150686e+00	1.024752e+00	6.410994e-01	
511	2.180686e-08	1.150686e+00	1.024758e+00	6.411185e-01	
512	2.185686e-08	1.150686e+00	1.024751e+00	6.411003e-01	
513	2.190686e-08	1.150686e+00	1.024758e+00	6.411195e-01	
514	2.195686e-08	1.150686e+00	1.024751e+00	6.411013e-01	
515	2.200686e-08	1.150686e+00	1.024758e+00	6.411205e-01	
516	2.205686e-08	1.150686e+00	1.024751e+00	6.411022e-01	
517	2.210686e-08	1.150686e+00	1.024758e+00	6.411215e-01	
518	2.215686e-08	1.150686e+00	1.024751e+00	6.411032e-01	

Index   time            v(rbl)          v(sn)           v(sa_out)       
--------------------------------------------------------------------------------
519	2.220686e-08	1.150686e+00	1.024758e+00	6.411225e-01	
520	2.225686e-08	1.150686e+00	1.024751e+00	6.411042e-01	
521	2.230686e-08	1.150686e+00	1.024758e+00	6.411235e-01	
522	2.235686e-08	1.150686e+00	1.024751e+00	6.411051e-01	
523	2.240686e-08	1.150686e+00	1.024758e+00	6.411245e-01	
524	2.245686e-08	1.150686e+00	1.024751e+00	6.411061e-01	
525	2.250686e-08	1.150687e+00	1.024758e+00	6.411255e-01	
526	2.255686e-08	1.150686e+00	1.024751e+00	6.411071e-01	
527	2.260686e-08	1.150687e+00	1.024757e+00	6.411264e-01	
528	2.265686e-08	1.150686e+00	1.024751e+00	6.411081e-01	
529	2.270686e-08	1.150687e+00	1.024757e+00	6.411274e-01	
530	2.275686e-08	1.150686e+00	1.024751e+00	6.411090e-01	
531	2.280686e-08	1.150687e+00	1.024757e+00	6.411284e-01	
532	2.285686e-08	1.150686e+00	1.024750e+00	6.411100e-01	
533	2.290686e-08	1.150687e+00	1.024757e+00	6.411294e-01	
534	2.295686e-08	1.150686e+00	1.024750e+00	6.411110e-01	
535	2.300686e-08	1.150687e+00	1.024757e+00	6.411304e-01	
536	2.305686e-08	1.150686e+00	1.024750e+00	6.411120e-01	
537	2.310686e-08	1.150687e+00	1.024757e+00	6.411314e-01	
538	2.315686e-08	1.150686e+00	1.024750e+00	6.411129e-01	
539	2.320686e-08	1.150687e+00	1.024757e+00	6.411324e-01	
540	2.325686e-08	1.150686e+00	1.024750e+00	6.411139e-01	
541	2.330686e-08	1.150687e+00	1.024757e+00	6.411334e-01	
542	2.335686e-08	1.150686e+00	1.024750e+00	6.411149e-01	
543	2.340686e-08	1.150687e+00	1.024757e+00	6.411343e-01	
544	2.345686e-08	1.150686e+00	1.024750e+00	6.411159e-01	
545	2.350686e-08	1.150687e+00	1.024757e+00	6.411353e-01	
546	2.355686e-08	1.150686e+00	1.024750e+00	6.411169e-01	
547	2.360686e-08	1.150687e+00	1.024756e+00	6.411363e-01	
548	2.365686e-08	1.150686e+00	1.024750e+00	6.411178e-01	
549	2.370686e-08	1.150687e+00	1.024756e+00	6.411373e-01	
550	2.375686e-08	1.150686e+00	1.024750e+00	6.411188e-01	
551	2.380686e-08	1.150687e+00	1.024756e+00	6.411383e-01	
552	2.385686e-08	1.150686e+00	1.024750e+00	6.411198e-01	
553	2.390686e-08	1.150687e+00	1.024756e+00	6.411393e-01	
554	2.395686e-08	1.150686e+00	1.024749e+00	6.411208e-01	
555	2.400686e-08	1.150687e+00	1.024756e+00	6.411402e-01	
556	2.405686e-08	1.150686e+00	1.024749e+00	6.411218e-01	
557	2.410686e-08	1.150687e+00	1.024756e+00	6.411412e-01	
558	2.415686e-08	1.150686e+00	1.024749e+00	6.411228e-01	
559	2.420686e-08	1.150687e+00	1.024756e+00	6.411422e-01	
560	2.425686e-08	1.150686e+00	1.024749e+00	6.411237e-01	
561	2.430686e-08	1.150687e+00	1.024756e+00	6.411432e-01	
562	2.435686e-08	1.150686e+00	1.024749e+00	6.411247e-01	
563	2.440686e-08	1.150687e+00	1.024756e+00	6.411442e-01	
564	2.445686e-08	1.150687e+00	1.024749e+00	6.411257e-01	
565	2.450686e-08	1.150687e+00	1.024756e+00	6.411452e-01	
566	2.455686e-08	1.150687e+00	1.024749e+00	6.411267e-01	
567	2.460686e-08	1.150687e+00	1.024755e+00	6.411461e-01	
568	2.465686e-08	1.150687e+00	1.024749e+00	6.411277e-01	
569	2.470686e-08	1.150687e+00	1.024755e+00	6.411471e-01	
570	2.475686e-08	1.150687e+00	1.024749e+00	6.411287e-01	
571	2.480686e-08	1.150687e+00	1.024755e+00	6.411481e-01	
572	2.485686e-08	1.150687e+00	1.024749e+00	6.411296e-01	
573	2.490686e-08	1.150687e+00	1.024755e+00	6.411491e-01	
574	2.495686e-08	1.150687e+00	1.024748e+00	6.411306e-01	
575	2.500686e-08	1.150687e+00	1.024755e+00	6.411501e-01	
576	2.505686e-08	1.150687e+00	1.024748e+00	6.411316e-01	

Index   time            v(rbl)          v(sn)           v(sa_out)       
--------------------------------------------------------------------------------
577	2.510686e-08	1.150687e+00	1.024755e+00	6.411510e-01	
578	2.515686e-08	1.150687e+00	1.024748e+00	6.411326e-01	
579	2.520686e-08	1.150687e+00	1.024755e+00	6.411520e-01	
580	2.525686e-08	1.150687e+00	1.024748e+00	6.411336e-01	
581	2.530686e-08	1.150687e+00	1.024755e+00	6.411530e-01	
582	2.535686e-08	1.150687e+00	1.024748e+00	6.411346e-01	
583	2.540686e-08	1.150687e+00	1.024755e+00	6.411540e-01	
584	2.545686e-08	1.150687e+00	1.024748e+00	6.411355e-01	
585	2.550686e-08	1.150687e+00	1.024755e+00	6.411550e-01	
586	2.555686e-08	1.150687e+00	1.024748e+00	6.411365e-01	
587	2.560686e-08	1.150687e+00	1.024755e+00	6.411560e-01	
588	2.565686e-08	1.150687e+00	1.024748e+00	6.411375e-01	
589	2.570686e-08	1.150687e+00	1.024754e+00	6.411569e-01	
590	2.575686e-08	1.150687e+00	1.024748e+00	6.411385e-01	
591	2.580686e-08	1.150687e+00	1.024754e+00	6.411579e-01	
592	2.585686e-08	1.150687e+00	1.024748e+00	6.411395e-01	
593	2.590686e-08	1.150687e+00	1.024754e+00	6.411589e-01	
594	2.595686e-08	1.150687e+00	1.024748e+00	6.411405e-01	
595	2.600686e-08	1.150687e+00	1.024754e+00	6.411599e-01	
596	2.605686e-08	1.150687e+00	1.024747e+00	6.411414e-01	
597	2.610686e-08	1.150687e+00	1.024754e+00	6.411609e-01	
598	2.615686e-08	1.150687e+00	1.024747e+00	6.411424e-01	
599	2.620686e-08	1.150687e+00	1.024754e+00	6.411618e-01	
600	2.625686e-08	1.150687e+00	1.024747e+00	6.411434e-01	
601	2.630686e-08	1.150687e+00	1.024754e+00	6.411628e-01	
602	2.635686e-08	1.150687e+00	1.024747e+00	6.411444e-01	
603	2.640686e-08	1.150687e+00	1.024754e+00	6.411638e-01	
604	2.645686e-08	1.150687e+00	1.024747e+00	6.411454e-01	
605	2.650686e-08	1.150687e+00	1.024754e+00	6.411648e-01	
606	2.655686e-08	1.150687e+00	1.024747e+00	6.411464e-01	
607	2.660686e-08	1.150687e+00	1.024754e+00	6.411658e-01	
608	2.665686e-08	1.150687e+00	1.024747e+00	6.411473e-01	
609	2.670686e-08	1.150687e+00	1.024753e+00	6.411668e-01	
610	2.675686e-08	1.150687e+00	1.024747e+00	6.411483e-01	
611	2.680686e-08	1.150687e+00	1.024753e+00	6.411677e-01	
612	2.685686e-08	1.150687e+00	1.024747e+00	6.411493e-01	
613	2.690686e-08	1.150687e+00	1.024753e+00	6.411687e-01	
614	2.695686e-08	1.150687e+00	1.024747e+00	6.411503e-01	
615	2.700686e-08	1.150687e+00	1.024753e+00	6.411697e-01	
616	2.705686e-08	1.150687e+00	1.024746e+00	6.411513e-01	
617	2.710686e-08	1.150687e+00	1.024753e+00	6.411707e-01	
618	2.715686e-08	1.150687e+00	1.024746e+00	6.411523e-01	
619	2.720686e-08	1.150687e+00	1.024753e+00	6.411717e-01	
620	2.725686e-08	1.150687e+00	1.024746e+00	6.411532e-01	
621	2.730686e-08	1.150687e+00	1.024753e+00	6.411727e-01	
622	2.735686e-08	1.150687e+00	1.024746e+00	6.411542e-01	
623	2.740686e-08	1.150687e+00	1.024753e+00	6.411736e-01	
624	2.745686e-08	1.150687e+00	1.024746e+00	6.411552e-01	
625	2.750686e-08	1.150687e+00	1.024753e+00	6.411746e-01	
626	2.755686e-08	1.150687e+00	1.024746e+00	6.411562e-01	
627	2.760686e-08	1.150687e+00	1.024753e+00	6.411756e-01	
628	2.765686e-08	1.150687e+00	1.024746e+00	6.411572e-01	
629	2.770686e-08	1.150687e+00	1.024752e+00	6.411766e-01	
630	2.775686e-08	1.150687e+00	1.024746e+00	6.411581e-01	
631	2.780686e-08	1.150687e+00	1.024752e+00	6.411776e-01	
632	2.785686e-08	1.150687e+00	1.024746e+00	6.411591e-01	
633	2.790686e-08	1.150687e+00	1.024752e+00	6.411785e-01	
634	2.795686e-08	1.150687e+00	1.024746e+00	6.411601e-01	

Index   time            v(rbl)          v(sn)           v(sa_out)       
--------------------------------------------------------------------------------
635	2.800686e-08	1.150687e+00	1.024752e+00	6.411795e-01	
636	2.805686e-08	1.150687e+00	1.024745e+00	6.411611e-01	
637	2.810686e-08	1.150687e+00	1.024752e+00	6.411805e-01	
638	2.815686e-08	1.150687e+00	1.024745e+00	6.411621e-01	
639	2.820686e-08	1.150687e+00	1.024752e+00	6.411815e-01	
640	2.825686e-08	1.150687e+00	1.024745e+00	6.411631e-01	
641	2.830686e-08	1.150687e+00	1.024752e+00	6.411825e-01	
642	2.835686e-08	1.150687e+00	1.024745e+00	6.411640e-01	
643	2.840686e-08	1.150687e+00	1.024752e+00	6.411835e-01	
644	2.845686e-08	1.150687e+00	1.024745e+00	6.411650e-01	
645	2.850686e-08	1.150687e+00	1.024752e+00	6.411844e-01	
646	2.855686e-08	1.150687e+00	1.024745e+00	6.411660e-01	
647	2.860686e-08	1.150688e+00	1.024752e+00	6.411854e-01	
648	2.865686e-08	1.150687e+00	1.024745e+00	6.411670e-01	
649	2.870686e-08	1.150688e+00	1.024752e+00	6.411864e-01	
650	2.875686e-08	1.150687e+00	1.024745e+00	6.411680e-01	
651	2.880686e-08	1.150688e+00	1.024751e+00	6.411874e-01	
652	2.885686e-08	1.150687e+00	1.024745e+00	6.411690e-01	
653	2.890686e-08	1.150688e+00	1.024751e+00	6.411884e-01	
654	2.895686e-08	1.150687e+00	1.024745e+00	6.411699e-01	
655	2.900686e-08	1.150688e+00	1.024751e+00	6.411893e-01	
656	2.905686e-08	1.150687e+00	1.024745e+00	6.411709e-01	
657	2.910686e-08	1.150688e+00	1.024751e+00	6.411903e-01	
658	2.915686e-08	1.150687e+00	1.024744e+00	6.411719e-01	
659	2.920686e-08	1.150688e+00	1.024751e+00	6.411913e-01	
660	2.925686e-08	1.150687e+00	1.024744e+00	6.411729e-01	
661	2.930686e-08	1.150688e+00	1.024751e+00	6.411923e-01	
662	2.935686e-08	1.150687e+00	1.024744e+00	6.411739e-01	
663	2.940686e-08	1.150688e+00	1.024751e+00	6.411933e-01	
664	2.945686e-08	1.150687e+00	1.024744e+00	6.411749e-01	
665	2.950686e-08	1.150688e+00	1.024751e+00	6.411943e-01	
666	2.955686e-08	1.150687e+00	1.024744e+00	6.411758e-01	
667	2.960686e-08	1.150688e+00	1.024751e+00	6.411952e-01	
668	2.965686e-08	1.150687e+00	1.024744e+00	6.411768e-01	
669	2.970686e-08	1.150688e+00	1.024751e+00	6.411962e-01	
670	2.975686e-08	1.150687e+00	1.024744e+00	6.411778e-01	
671	2.980686e-08	1.150688e+00	1.024750e+00	6.411972e-01	
672	2.985686e-08	1.150687e+00	1.024744e+00	6.411788e-01	
673	2.990686e-08	1.150688e+00	1.024750e+00	6.411982e-01	
674	2.995686e-08	1.150687e+00	1.024744e+00	6.411798e-01	
675	3.000000e-08	1.150688e+00	1.024750e+00	6.411991e-01	

********************************************************************************
Transient Analysis  Tue Aug 18 15:49:49  2026
--------------------------------------------------------------------------------
Index   time            v(vdd)          v_wwl#branch    v_wbl#branch    
--------------------------------------------------------------------------------
0	0.000000e+00	1.200000e+00	0.000000e+00	0.000000e+00	
1	5.000000e-13	1.200000e+00	0.000000e+00	0.000000e+00	
2	1.000000e-12	1.200000e+00	0.000000e+00	0.000000e+00	
3	2.000000e-12	1.200000e+00	0.000000e+00	0.000000e+00	
4	4.000000e-12	1.200000e+00	0.000000e+00	1.110223e-16	
5	8.000000e-12	1.200000e+00	0.000000e+00	-1.11022e-16	
6	1.600000e-11	1.200000e+00	-5.55112e-17	-1.11022e-16	
7	3.200000e-11	1.200000e+00	-5.55112e-17	-1.11022e-16	
8	6.400000e-11	1.200000e+00	0.000000e+00	1.110223e-16	
9	1.140000e-10	1.200000e+00	-5.55112e-17	0.000000e+00	
10	1.640000e-10	1.200000e+00	-5.55112e-17	0.000000e+00	
11	2.140000e-10	1.200000e+00	-5.55112e-17	0.000000e+00	
12	2.640000e-10	1.200000e+00	-5.55112e-17	0.000000e+00	
13	3.140000e-10	1.200000e+00	-5.55112e-17	0.000000e+00	
14	3.640000e-10	1.200000e+00	-5.55112e-17	0.000000e+00	
15	4.140000e-10	1.200000e+00	-5.55112e-17	0.000000e+00	
16	4.640000e-10	1.200000e+00	-5.55112e-17	0.000000e+00	
17	5.140000e-10	1.200000e+00	-5.55112e-17	0.000000e+00	
18	5.640000e-10	1.200000e+00	-5.55112e-17	0.000000e+00	
19	6.140000e-10	1.200000e+00	-5.55112e-17	0.000000e+00	
20	6.640000e-10	1.200000e+00	-5.55112e-17	0.000000e+00	
21	7.140000e-10	1.200000e+00	-5.55112e-17	0.000000e+00	
22	7.640000e-10	1.200000e+00	-5.55112e-17	0.000000e+00	
23	8.140000e-10	1.200000e+00	-5.55112e-17	0.000000e+00	
24	8.640000e-10	1.200000e+00	-5.55112e-17	0.000000e+00	
25	9.140000e-10	1.200000e+00	-5.55112e-17	0.000000e+00	
26	9.640000e-10	1.200000e+00	-5.55112e-17	0.000000e+00	
27	1.000000e-09	1.200000e+00	5.551115e-17	0.000000e+00	
28	1.000010e-09	1.200000e+00	-2.76916e-03	2.561292e-06	
29	1.000030e-09	1.200000e+00	-2.96921e-03	2.851294e-06	
30	1.000070e-09	1.200000e+00	-2.78020e-03	2.580561e-06	
31	1.000100e-09	1.200000e+00	-2.96115e-03	2.720697e-06	
32	1.000108e-09	1.200000e+00	-1.32498e-04	6.809838e-08	
33	1.000124e-09	1.200000e+00	1.206453e-04	-3.00796e-07	
34	1.000156e-09	1.200000e+00	-1.15118e-04	3.759756e-08	
35	1.000220e-09	1.200000e+00	1.124582e-04	-2.86506e-07	
36	1.000348e-09	1.200000e+00	-1.11143e-04	3.069201e-08	
37	1.000604e-09	1.200000e+00	1.105001e-04	-2.83089e-07	
38	1.001116e-09	1.200000e+00	-1.10171e-04	2.902797e-08	
39	1.002140e-09	1.200000e+00	1.100161e-04	-2.82221e-07	
40	1.004188e-09	1.200000e+00	-1.09930e-04	2.863104e-08	
41	1.008284e-09	1.200000e+00	1.098954e-04	-2.82003e-07	
42	1.016476e-09	1.200000e+00	-1.09869e-04	2.852648e-08	
43	1.032860e-09	1.200000e+00	1.098652e-04	-2.81951e-07	
44	1.065628e-09	1.200000e+00	-1.09854e-04	2.850033e-08	
45	1.115628e-09	1.200000e+00	1.098569e-04	-2.81938e-07	
46	1.165628e-09	1.200000e+00	-1.09848e-04	2.848760e-08	
47	1.215628e-09	1.200000e+00	1.098503e-04	-2.81926e-07	
48	1.265628e-09	1.200000e+00	-1.09841e-04	2.847618e-08	
49	1.315628e-09	1.200000e+00	1.098437e-04	-2.81915e-07	
50	1.365628e-09	1.200000e+00	-1.09834e-04	2.846476e-08	
51	1.415628e-09	1.200000e+00	1.098372e-04	-2.81904e-07	
52	1.465628e-09	1.200000e+00	-1.09828e-04	2.845334e-08	
53	1.515628e-09	1.200000e+00	1.098306e-04	-2.81892e-07	
54	1.565628e-09	1.200000e+00	-1.09821e-04	2.844191e-08	

Index   time            v(vdd)          v_wwl#branch    v_wbl#branch    
--------------------------------------------------------------------------------
55	1.615628e-09	1.200000e+00	1.098240e-04	-2.81881e-07	
56	1.665628e-09	1.200000e+00	-1.09815e-04	2.843049e-08	
57	1.715628e-09	1.200000e+00	1.098174e-04	-2.81869e-07	
58	1.765628e-09	1.200000e+00	-1.09808e-04	2.841907e-08	
59	1.815628e-09	1.200000e+00	1.098108e-04	-2.81858e-07	
60	1.865628e-09	1.200000e+00	-1.09802e-04	2.840765e-08	
61	1.915628e-09	1.200000e+00	1.098042e-04	-2.81847e-07	
62	1.965628e-09	1.200000e+00	-1.09795e-04	2.839623e-08	
63	2.015628e-09	1.200000e+00	1.097977e-04	-2.81835e-07	
64	2.065628e-09	1.200000e+00	-1.09788e-04	2.838481e-08	
65	2.115628e-09	1.200000e+00	1.097911e-04	-2.81824e-07	
66	2.165628e-09	1.200000e+00	-1.09782e-04	2.837339e-08	
67	2.215628e-09	1.200000e+00	1.097845e-04	-2.81812e-07	
68	2.265628e-09	1.200000e+00	-1.09775e-04	2.836197e-08	
69	2.315628e-09	1.200000e+00	1.097779e-04	-2.81801e-07	
70	2.365628e-09	1.200000e+00	-1.09769e-04	2.835056e-08	
71	2.415628e-09	1.200000e+00	1.097713e-04	-2.81789e-07	
72	2.465628e-09	1.200000e+00	-1.09762e-04	2.833914e-08	
73	2.515628e-09	1.200000e+00	1.097647e-04	-2.81778e-07	
74	2.565628e-09	1.200000e+00	-1.09755e-04	2.832902e-08	
75	2.615628e-09	1.200000e+00	1.097582e-04	-2.81765e-07	
76	2.665628e-09	1.200000e+00	-1.09749e-04	2.831761e-08	
77	2.715628e-09	1.200000e+00	1.097516e-04	-2.81754e-07	
78	2.765628e-09	1.200000e+00	-1.09742e-04	2.830619e-08	
79	2.815628e-09	1.200000e+00	1.097450e-04	-2.81743e-07	
80	2.865628e-09	1.200000e+00	-1.09736e-04	2.829478e-08	
81	2.915628e-09	1.200000e+00	1.097384e-04	-2.81731e-07	
82	2.965628e-09	1.200000e+00	-1.09729e-04	2.828336e-08	
83	3.015628e-09	1.200000e+00	1.097318e-04	-2.81720e-07	
84	3.065628e-09	1.200000e+00	-1.09723e-04	2.827195e-08	
85	3.115628e-09	1.200000e+00	1.097253e-04	-2.81708e-07	
86	3.165628e-09	1.200000e+00	-1.09716e-04	2.826054e-08	
87	3.215628e-09	1.200000e+00	1.097187e-04	-2.81697e-07	
88	3.265628e-09	1.200000e+00	-1.09709e-04	2.824913e-08	
89	3.315628e-09	1.200000e+00	1.097121e-04	-2.81685e-07	
90	3.365628e-09	1.200000e+00	-1.09703e-04	2.823772e-08	
91	3.415628e-09	1.200000e+00	1.097055e-04	-2.81674e-07	
92	3.465628e-09	1.200000e+00	-1.09696e-04	2.822631e-08	
93	3.515628e-09	1.200000e+00	1.096989e-04	-2.81663e-07	
94	3.565628e-09	1.200000e+00	-1.09690e-04	2.821490e-08	
95	3.615628e-09	1.200000e+00	1.096924e-04	-2.81651e-07	
96	3.665628e-09	1.200000e+00	-1.09683e-04	2.820349e-08	
97	3.715628e-09	1.200000e+00	1.096858e-04	-2.81640e-07	
98	3.765628e-09	1.200000e+00	-1.09677e-04	2.819208e-08	
99	3.815628e-09	1.200000e+00	1.096792e-04	-2.81628e-07	
100	3.865628e-09	1.200000e+00	-1.09670e-04	2.818067e-08	
101	3.915628e-09	1.200000e+00	1.096726e-04	-2.81617e-07	
102	3.965628e-09	1.200000e+00	-1.09663e-04	2.816926e-08	
103	4.015628e-09	1.200000e+00	1.096661e-04	-2.81606e-07	
104	4.065628e-09	1.200000e+00	-1.09657e-04	2.815786e-08	
105	4.115628e-09	1.200000e+00	1.096595e-04	-2.81594e-07	
106	4.165628e-09	1.200000e+00	-1.09650e-04	2.814645e-08	
107	4.215628e-09	1.200000e+00	1.096529e-04	-2.81583e-07	
108	4.265628e-09	1.200000e+00	-1.09644e-04	2.813504e-08	
109	4.315628e-09	1.200000e+00	1.096463e-04	-2.81571e-07	
110	4.365628e-09	1.200000e+00	-1.09637e-04	2.812364e-08	
111	4.415628e-09	1.200000e+00	1.096398e-04	-2.81560e-07	
112	4.465628e-09	1.200000e+00	-1.09630e-04	2.811224e-08	

Index   time            v(vdd)          v_wwl#branch    v_wbl#branch    
--------------------------------------------------------------------------------
113	4.515628e-09	1.200000e+00	1.096332e-04	-2.81549e-07	
114	4.565628e-09	1.200000e+00	-1.09624e-04	2.810083e-08	
115	4.615628e-09	1.200000e+00	1.096266e-04	-2.81537e-07	
116	4.665628e-09	1.200000e+00	-1.09617e-04	2.808943e-08	
117	4.715628e-09	1.200000e+00	1.096200e-04	-2.81526e-07	
118	4.765628e-09	1.200000e+00	-1.09611e-04	2.807803e-08	
119	4.815628e-09	1.200000e+00	1.096135e-04	-2.81514e-07	
120	4.865628e-09	1.200000e+00	-1.09604e-04	2.806662e-08	
121	4.915628e-09	1.200000e+00	1.096069e-04	-2.81503e-07	
122	4.965628e-09	1.200000e+00	-1.09598e-04	2.805522e-08	
123	5.015628e-09	1.200000e+00	1.096003e-04	-2.81492e-07	
124	5.065628e-09	1.200000e+00	-1.09591e-04	2.804382e-08	
125	5.115628e-09	1.200000e+00	1.095938e-04	-2.81480e-07	
126	5.165628e-09	1.200000e+00	-1.09584e-04	2.803242e-08	
127	5.215628e-09	1.200000e+00	1.095872e-04	-2.81469e-07	
128	5.265628e-09	1.200000e+00	-1.09578e-04	2.802102e-08	
129	5.315628e-09	1.200000e+00	1.095806e-04	-2.81458e-07	
130	5.365628e-09	1.200000e+00	-1.09571e-04	2.800962e-08	
131	5.415628e-09	1.200000e+00	1.095740e-04	-2.81446e-07	
132	5.465628e-09	1.200000e+00	-1.09565e-04	2.799823e-08	
133	5.515628e-09	1.200000e+00	1.095675e-04	-2.81435e-07	
134	5.565628e-09	1.200000e+00	-1.09558e-04	2.798683e-08	
135	5.615628e-09	1.200000e+00	1.095609e-04	-2.81423e-07	
136	5.665628e-09	1.200000e+00	-1.09552e-04	2.797543e-08	
137	5.715628e-09	1.200000e+00	1.095543e-04	-2.81412e-07	
138	5.765628e-09	1.200000e+00	-1.09545e-04	2.796403e-08	
139	5.815628e-09	1.200000e+00	1.095478e-04	-2.81401e-07	
140	5.865628e-09	1.200000e+00	-1.09538e-04	2.795264e-08	
141	5.915628e-09	1.200000e+00	1.095412e-04	-2.81389e-07	
142	5.965628e-09	1.200000e+00	-1.09532e-04	2.794124e-08	
143	6.015628e-09	1.200000e+00	1.095346e-04	-2.81378e-07	
144	6.065628e-09	1.200000e+00	-1.09525e-04	2.792985e-08	
145	6.115628e-09	1.200000e+00	1.095281e-04	-2.81366e-07	
146	6.165628e-09	1.200000e+00	-1.09519e-04	2.791845e-08	
147	6.215628e-09	1.200000e+00	1.095215e-04	-2.81355e-07	
148	6.265628e-09	1.200000e+00	-1.09512e-04	2.790706e-08	
149	6.315628e-09	1.200000e+00	1.095149e-04	-2.81344e-07	
150	6.365628e-09	1.200000e+00	-1.09506e-04	2.789566e-08	
151	6.415628e-09	1.200000e+00	1.095084e-04	-2.81334e-07	
152	6.465628e-09	1.200000e+00	-1.09499e-04	2.788298e-08	
153	6.515628e-09	1.200000e+00	1.095018e-04	-2.81322e-07	
154	6.565628e-09	1.200000e+00	-1.09493e-04	2.787159e-08	
155	6.615628e-09	1.200000e+00	1.094952e-04	-2.81311e-07	
156	6.665628e-09	1.200000e+00	-1.09486e-04	2.786020e-08	
157	6.715628e-09	1.200000e+00	1.094887e-04	-2.81299e-07	
158	6.765628e-09	1.200000e+00	-1.09479e-04	2.784881e-08	
159	6.815628e-09	1.200000e+00	1.094821e-04	-2.81288e-07	
160	6.865628e-09	1.200000e+00	-1.09473e-04	2.783742e-08	
161	6.915628e-09	1.200000e+00	1.094755e-04	-2.81277e-07	
162	6.965628e-09	1.200000e+00	-1.09466e-04	2.782603e-08	
163	7.015628e-09	1.200000e+00	1.094690e-04	-2.81265e-07	
164	7.065628e-09	1.200000e+00	-1.09460e-04	2.781464e-08	
165	7.115628e-09	1.200000e+00	1.094624e-04	-2.81254e-07	
166	7.165628e-09	1.200000e+00	-1.09453e-04	2.780325e-08	
167	7.215628e-09	1.200000e+00	1.094559e-04	-2.81243e-07	
168	7.265628e-09	1.200000e+00	-1.09447e-04	2.779186e-08	
169	7.315628e-09	1.200000e+00	1.094493e-04	-2.81231e-07	
170	7.365628e-09	1.200000e+00	-1.09440e-04	2.778047e-08	

Index   time            v(vdd)          v_wwl#branch    v_wbl#branch    
--------------------------------------------------------------------------------
171	7.415628e-09	1.200000e+00	1.094427e-04	-2.79516e-07	
172	7.465628e-09	1.200000e+00	-1.09434e-04	3.127288e-08	
173	7.515628e-09	1.200000e+00	1.094360e-04	-2.75608e-07	
174	7.565628e-09	1.200000e+00	-1.09427e-04	3.508188e-08	
175	7.615628e-09	1.200000e+00	1.094294e-04	-2.71821e-07	
176	7.665628e-09	1.200000e+00	-1.09421e-04	3.877206e-08	
177	7.715628e-09	1.200000e+00	1.094227e-04	-2.68152e-07	
178	7.765628e-09	1.200000e+00	-1.09414e-04	4.234711e-08	
179	7.815628e-09	1.200000e+00	1.094161e-04	-2.64596e-07	
180	7.865628e-09	1.200000e+00	-1.09408e-04	4.581062e-08	
181	7.915628e-09	1.200000e+00	1.094095e-04	-2.61151e-07	
182	7.965628e-09	1.200000e+00	-1.09401e-04	4.916605e-08	
183	8.015628e-09	1.200000e+00	1.094028e-04	-2.57812e-07	
184	8.065628e-09	1.200000e+00	-1.09395e-04	5.241678e-08	
185	8.115628e-09	1.200000e+00	1.093962e-04	-2.54577e-07	
186	8.165628e-09	1.200000e+00	-1.09388e-04	5.556605e-08	
187	8.215628e-09	1.200000e+00	1.093895e-04	-2.51442e-07	
188	8.265628e-09	1.200000e+00	-1.09382e-04	5.861703e-08	
189	8.315628e-09	1.200000e+00	1.093829e-04	-2.48405e-07	
190	8.365628e-09	1.200000e+00	-1.09375e-04	6.157278e-08	
191	8.415628e-09	1.200000e+00	1.093763e-04	-2.45461e-07	
192	8.465628e-09	1.200000e+00	-1.09369e-04	6.443626e-08	
193	8.515628e-09	1.200000e+00	1.093697e-04	-2.42609e-07	
194	8.565628e-09	1.200000e+00	-1.09362e-04	6.721034e-08	
195	8.615628e-09	1.200000e+00	1.093630e-04	-2.39844e-07	
196	8.665628e-09	1.200000e+00	-1.09356e-04	6.989780e-08	
197	8.715628e-09	1.200000e+00	1.093564e-04	-2.37166e-07	
198	8.765628e-09	1.200000e+00	-1.09349e-04	7.250134e-08	
199	8.815628e-09	1.200000e+00	1.093498e-04	-2.34570e-07	
200	8.865628e-09	1.200000e+00	-1.09343e-04	7.502357e-08	
201	8.915628e-09	1.200000e+00	1.093432e-04	-2.32055e-07	
202	8.965628e-09	1.200000e+00	-1.09336e-04	7.746702e-08	
203	9.015628e-09	1.200000e+00	1.093366e-04	-2.29618e-07	
204	9.065628e-09	1.200000e+00	-1.09330e-04	7.983414e-08	
205	9.115628e-09	1.200000e+00	1.093300e-04	-2.27256e-07	
206	9.165628e-09	1.200000e+00	-1.09323e-04	8.212731e-08	
207	9.215628e-09	1.200000e+00	1.093234e-04	-2.24967e-07	
208	9.265628e-09	1.200000e+00	-1.09317e-04	8.434883e-08	
209	9.315628e-09	1.200000e+00	1.093167e-04	-2.22749e-07	
210	9.365628e-09	1.200000e+00	-1.09310e-04	8.650092e-08	
211	9.415628e-09	1.200000e+00	1.093101e-04	-2.20600e-07	
212	9.465628e-09	1.200000e+00	-1.09304e-04	8.858574e-08	
213	9.515628e-09	1.200000e+00	1.093035e-04	-2.18517e-07	
214	9.565628e-09	1.200000e+00	-1.09297e-04	9.060540e-08	
215	9.615628e-09	1.200000e+00	1.092969e-04	-2.16499e-07	
216	9.665628e-09	1.200000e+00	-1.09291e-04	9.256192e-08	
217	9.715628e-09	1.200000e+00	1.092903e-04	-2.14543e-07	
218	9.765628e-09	1.200000e+00	-1.09284e-04	9.445725e-08	
219	9.815628e-09	1.200000e+00	1.092837e-04	-2.12647e-07	
220	9.865628e-09	1.200000e+00	-1.09278e-04	9.629331e-08	
221	9.915628e-09	1.200000e+00	1.092771e-04	-2.10810e-07	
222	9.965628e-09	1.200000e+00	-1.09271e-04	9.807194e-08	
223	1.001563e-08	1.200000e+00	1.092706e-04	-2.09033e-07	
224	1.006563e-08	1.200000e+00	-1.09265e-04	9.979497e-08	
225	1.011563e-08	1.200000e+00	1.092640e-04	-2.07304e-07	
226	1.016563e-08	1.200000e+00	-1.09258e-04	1.014640e-07	
227	1.021563e-08	1.200000e+00	1.092574e-04	-2.05632e-07	
228	1.026563e-08	1.200000e+00	-1.09252e-04	1.030809e-07	

Index   time            v(vdd)          v_wwl#branch    v_wbl#branch    
--------------------------------------------------------------------------------
229	1.031563e-08	1.200000e+00	1.092508e-04	-2.04012e-07	
230	1.036563e-08	1.200000e+00	-1.09245e-04	1.046471e-07	
231	1.041563e-08	1.200000e+00	1.092442e-04	-2.02442e-07	
232	1.046563e-08	1.200000e+00	-1.09239e-04	1.061643e-07	
233	1.051563e-08	1.200000e+00	1.092376e-04	-2.00920e-07	
234	1.056563e-08	1.200000e+00	-1.09232e-04	1.076339e-07	
235	1.061563e-08	1.200000e+00	1.092310e-04	-1.99445e-07	
236	1.066563e-08	1.200000e+00	-1.09226e-04	1.090576e-07	
237	1.071563e-08	1.200000e+00	1.092244e-04	-1.98015e-07	
238	1.076563e-08	1.200000e+00	-1.09219e-04	1.104366e-07	
239	1.081563e-08	1.200000e+00	1.092179e-04	-1.96630e-07	
240	1.086563e-08	1.200000e+00	-1.09213e-04	1.117724e-07	
241	1.091563e-08	1.200000e+00	1.092113e-04	-1.95287e-07	
242	1.096563e-08	1.200000e+00	-1.09206e-04	1.130664e-07	
243	1.100000e-08	1.200000e+00	1.092032e-04	-1.94182e-07	
244	1.100001e-08	1.200000e+00	2.773109e-03	-2.57648e-06	
245	1.100003e-08	1.200000e+00	2.965551e-03	-2.84449e-06	
246	1.100007e-08	1.200000e+00	2.783728e-03	-2.58688e-06	
247	1.100010e-08	1.200000e+00	2.957797e-03	-2.83090e-06	
248	1.100011e-08	1.200000e+00	1.323519e-04	-1.93674e-07	
249	1.100012e-08	1.200000e+00	-1.20505e-04	1.734363e-07	
250	1.100016e-08	1.200000e+00	1.149915e-04	-1.63321e-07	
251	1.100022e-08	1.200000e+00	-1.12327e-04	1.591931e-07	
252	1.100035e-08	1.200000e+00	1.110214e-04	-1.56480e-07	
253	1.100060e-08	1.200000e+00	-1.10371e-04	1.557340e-07	
254	1.100112e-08	1.200000e+00	1.100500e-04	-1.54911e-07	
255	1.100214e-08	1.200000e+00	-1.09888e-04	1.547675e-07	
256	1.100409e-08	1.200000e+00	1.098040e-04	-1.54585e-07	
257	1.100658e-08	1.200000e+00	-1.09738e-04	1.544725e-07	
258	1.100910e-08	1.200000e+00	1.096727e-04	-1.54360e-07	
259	1.101401e-08	1.200000e+00	-1.09639e-04	1.543018e-07	
260	1.102383e-08	1.200000e+00	1.096225e-04	-1.54273e-07	
261	1.104347e-08	1.200000e+00	-1.09614e-04	1.542584e-07	
262	1.108276e-08	1.200000e+00	1.096100e-04	-1.54251e-07	
263	1.113276e-08	1.200000e+00	-1.09607e-04	1.542455e-07	
264	1.118276e-08	1.200000e+00	1.096034e-04	-1.54240e-07	
265	1.123276e-08	1.200000e+00	-1.09600e-04	1.542342e-07	
266	1.128276e-08	1.200000e+00	1.095968e-04	-1.54228e-07	
267	1.133276e-08	1.200000e+00	-1.09594e-04	1.542228e-07	
268	1.138276e-08	1.200000e+00	1.095903e-04	-1.54217e-07	
269	1.143276e-08	1.200000e+00	-1.09587e-04	1.542114e-07	
270	1.148276e-08	1.200000e+00	1.095837e-04	-1.54206e-07	
271	1.153276e-08	1.200000e+00	-1.09580e-04	1.542001e-07	
272	1.158276e-08	1.200000e+00	1.095771e-04	-1.54194e-07	
273	1.163276e-08	1.200000e+00	-1.09574e-04	1.541887e-07	
274	1.168276e-08	1.200000e+00	1.095705e-04	-1.54183e-07	
275	1.173276e-08	1.200000e+00	-1.09567e-04	1.541774e-07	
276	1.178276e-08	1.200000e+00	1.095640e-04	-1.54172e-07	
277	1.183276e-08	1.200000e+00	-1.09561e-04	1.541660e-07	
278	1.188276e-08	1.200000e+00	1.095574e-04	-1.54160e-07	
279	1.193276e-08	1.200000e+00	-1.09554e-04	1.541547e-07	
280	1.198276e-08	1.200000e+00	1.095508e-04	-1.54149e-07	
281	1.203276e-08	1.200000e+00	-1.09548e-04	1.541433e-07	
282	1.208276e-08	1.200000e+00	1.095443e-04	-1.54138e-07	
283	1.213276e-08	1.200000e+00	-1.09541e-04	1.541320e-07	
284	1.218276e-08	1.200000e+00	1.095377e-04	-1.54126e-07	
285	1.223276e-08	1.200000e+00	-1.09534e-04	1.541206e-07	
286	1.228276e-08	1.200000e+00	1.095311e-04	-1.54115e-07	

Index   time            v(vdd)          v_wwl#branch    v_wbl#branch    
--------------------------------------------------------------------------------
287	1.233276e-08	1.200000e+00	-1.09528e-04	1.541093e-07	
288	1.238276e-08	1.200000e+00	1.095246e-04	-1.54104e-07	
289	1.243276e-08	1.200000e+00	-1.09521e-04	1.540979e-07	
290	1.248276e-08	1.200000e+00	1.095180e-04	-1.54092e-07	
291	1.253276e-08	1.200000e+00	-1.09515e-04	1.540866e-07	
292	1.258276e-08	1.200000e+00	1.095114e-04	-1.54081e-07	
293	1.263276e-08	1.200000e+00	-1.09508e-04	1.540752e-07	
294	1.268276e-08	1.200000e+00	1.095049e-04	-1.54070e-07	
295	1.273276e-08	1.200000e+00	-1.09502e-04	1.540639e-07	
296	1.278276e-08	1.200000e+00	1.094983e-04	-1.54058e-07	
297	1.283276e-08	1.200000e+00	-1.09495e-04	1.540525e-07	
298	1.288276e-08	1.200000e+00	1.094917e-04	-1.54047e-07	
299	1.293276e-08	1.200000e+00	-1.09488e-04	1.540412e-07	
300	1.298276e-08	1.200000e+00	1.094852e-04	-1.54036e-07	
301	1.303276e-08	1.200000e+00	-1.09482e-04	1.540298e-07	
302	1.308276e-08	1.200000e+00	1.094786e-04	-1.54024e-07	
303	1.313276e-08	1.200000e+00	-1.09475e-04	1.540185e-07	
304	1.318276e-08	1.200000e+00	1.094720e-04	-1.54013e-07	
305	1.323276e-08	1.200000e+00	-1.09469e-04	1.540071e-07	
306	1.328276e-08	1.200000e+00	1.094655e-04	-1.54001e-07	
307	1.333276e-08	1.200000e+00	-1.09462e-04	1.539958e-07	
308	1.338276e-08	1.200000e+00	1.094589e-04	-1.53990e-07	
309	1.343276e-08	1.200000e+00	-1.09456e-04	1.539844e-07	
310	1.348276e-08	1.200000e+00	1.094524e-04	-1.53979e-07	
311	1.353276e-08	1.200000e+00	-1.09449e-04	1.539731e-07	
312	1.358276e-08	1.200000e+00	1.094458e-04	-1.53967e-07	
313	1.363276e-08	1.200000e+00	-1.09443e-04	1.539618e-07	
314	1.368276e-08	1.200000e+00	1.094392e-04	-1.53956e-07	
315	1.373276e-08	1.200000e+00	-1.09436e-04	1.539504e-07	
316	1.378276e-08	1.200000e+00	1.094327e-04	-1.53945e-07	
317	1.383276e-08	1.200000e+00	-1.09429e-04	1.539391e-07	
318	1.388276e-08	1.200000e+00	1.094261e-04	-1.53933e-07	
319	1.393276e-08	1.200000e+00	-1.09423e-04	1.539277e-07	
320	1.398276e-08	1.200000e+00	1.094195e-04	-1.53922e-07	
321	1.403276e-08	1.200000e+00	-1.09416e-04	1.539164e-07	
322	1.408276e-08	1.200000e+00	1.094130e-04	-1.53911e-07	
323	1.413276e-08	1.200000e+00	-1.09410e-04	1.539051e-07	
324	1.418276e-08	1.200000e+00	1.094064e-04	-1.53899e-07	
325	1.423276e-08	1.200000e+00	-1.09403e-04	1.538937e-07	
326	1.428276e-08	1.200000e+00	1.093999e-04	-1.53888e-07	
327	1.433276e-08	1.200000e+00	-1.09397e-04	1.538824e-07	
328	1.438276e-08	1.200000e+00	1.093933e-04	-1.53877e-07	
329	1.443276e-08	1.200000e+00	-1.09390e-04	1.538711e-07	
330	1.448276e-08	1.200000e+00	1.093867e-04	-1.53865e-07	
331	1.453276e-08	1.200000e+00	-1.09383e-04	1.538597e-07	
332	1.458276e-08	1.200000e+00	1.093802e-04	-1.53854e-07	
333	1.463276e-08	1.200000e+00	-1.09377e-04	1.538484e-07	
334	1.468276e-08	1.200000e+00	1.093736e-04	-1.53843e-07	
335	1.473276e-08	1.200000e+00	-1.09370e-04	1.538371e-07	
336	1.478276e-08	1.200000e+00	1.093671e-04	-1.53831e-07	
337	1.483276e-08	1.200000e+00	-1.09364e-04	1.538257e-07	
338	1.488276e-08	1.200000e+00	1.093605e-04	-1.53820e-07	
339	1.493276e-08	1.200000e+00	-1.09357e-04	1.538144e-07	
340	1.498276e-08	1.200000e+00	1.093540e-04	-1.53809e-07	
341	1.500000e-08	1.200000e+00	-1.09344e-04	1.537923e-07	
342	1.500001e-08	1.200000e+00	1.529553e-06	1.120396e-06	
343	1.500003e-08	1.200000e+00	9.934935e-06	1.233409e-06	
344	1.500007e-08	1.200000e+00	2.015256e-06	1.127924e-06	

Index   time            v(vdd)          v_wwl#branch    v_wbl#branch    
--------------------------------------------------------------------------------
345	1.500010e-08	1.200000e+00	9.580595e-06	1.227819e-06	
346	1.500011e-08	1.200000e+00	6.879510e-07	8.405496e-08	
347	1.500012e-08	1.200000e+00	-6.04195e-07	-7.52639e-08	
348	1.500016e-08	1.200000e+00	5.644097e-07	7.087946e-08	
349	1.500022e-08	1.200000e+00	-5.46960e-07	-6.90817e-08	
350	1.500035e-08	1.200000e+00	5.369803e-07	6.790958e-08	
351	1.500060e-08	1.200000e+00	-5.33307e-07	-6.75812e-08	
352	1.500112e-08	1.200000e+00	5.305270e-07	6.722701e-08	
353	1.500214e-08	1.200000e+00	-5.29705e-07	-6.71632e-08	
354	1.500419e-08	1.200000e+00	5.290784e-07	6.708803e-08	
355	1.500641e-08	1.200000e+00	-5.28570e-07	-6.70326e-08	
356	1.501034e-08	1.200000e+00	5.282827e-07	6.700123e-08	
357	1.501701e-08	1.200000e+00	-5.28113e-07	-6.69827e-08	
358	1.503034e-08	1.200000e+00	5.280285e-07	6.697348e-08	
359	1.505700e-08	1.200000e+00	-5.27986e-07	-6.69689e-08	
360	1.510700e-08	1.200000e+00	5.279636e-07	6.696638e-08	
361	1.515700e-08	1.200000e+00	-5.27941e-07	-6.69639e-08	
362	1.520700e-08	1.200000e+00	5.279184e-07	6.696145e-08	
363	1.525700e-08	1.200000e+00	-5.27896e-07	-6.69590e-08	
364	1.530700e-08	1.200000e+00	5.278733e-07	6.695652e-08	
365	1.535700e-08	1.200000e+00	-5.27851e-07	-6.69541e-08	
366	1.540700e-08	1.200000e+00	5.278281e-07	6.695159e-08	
367	1.545700e-08	1.200000e+00	-5.27806e-07	-6.69491e-08	
368	1.550700e-08	1.200000e+00	5.277830e-07	6.694666e-08	
369	1.555700e-08	1.200000e+00	-5.27760e-07	-6.69442e-08	
370	1.560700e-08	1.200000e+00	5.277378e-07	6.694173e-08	
371	1.565700e-08	1.200000e+00	-5.27715e-07	-6.69393e-08	
372	1.570700e-08	1.200000e+00	5.276927e-07	6.693679e-08	
373	1.575700e-08	1.200000e+00	-5.27670e-07	-6.69343e-08	
374	1.580700e-08	1.200000e+00	5.276475e-07	6.693186e-08	
375	1.585700e-08	1.200000e+00	-5.27625e-07	-6.69294e-08	
376	1.590700e-08	1.200000e+00	5.276024e-07	6.692693e-08	
377	1.595700e-08	1.200000e+00	-5.27580e-07	-6.69245e-08	
378	1.600700e-08	1.200000e+00	5.275573e-07	6.692200e-08	
379	1.605700e-08	1.200000e+00	-5.27535e-07	-6.69195e-08	
380	1.610700e-08	1.200000e+00	5.275121e-07	6.691707e-08	
381	1.615700e-08	1.200000e+00	-5.27490e-07	-6.69146e-08	
382	1.620700e-08	1.200000e+00	5.274670e-07	6.691215e-08	
383	1.625700e-08	1.200000e+00	-5.27444e-07	-6.69097e-08	
384	1.630700e-08	1.200000e+00	5.274219e-07	6.690722e-08	
385	1.635700e-08	1.200000e+00	-5.27399e-07	-6.69048e-08	
386	1.640700e-08	1.200000e+00	5.273768e-07	6.690229e-08	
387	1.645700e-08	1.200000e+00	-5.27354e-07	-6.68998e-08	
388	1.650700e-08	1.200000e+00	5.273316e-07	6.689736e-08	
389	1.655700e-08	1.200000e+00	-5.27309e-07	-6.68949e-08	
390	1.660700e-08	1.200000e+00	5.272865e-07	6.689243e-08	
391	1.665700e-08	1.200000e+00	-5.27264e-07	-6.68900e-08	
392	1.670700e-08	1.200000e+00	5.272414e-07	6.688750e-08	
393	1.675700e-08	1.200000e+00	-5.27219e-07	-6.68851e-08	
394	1.680700e-08	1.200000e+00	5.271963e-07	6.688258e-08	
395	1.685700e-08	1.200000e+00	-5.27174e-07	-6.68801e-08	
396	1.690700e-08	1.200000e+00	5.271512e-07	6.687765e-08	
397	1.695700e-08	1.200000e+00	-5.27129e-07	-6.68752e-08	
398	1.700700e-08	1.200000e+00	5.271061e-07	6.687272e-08	
399	1.705700e-08	1.200000e+00	-5.27084e-07	-6.68703e-08	
400	1.710700e-08	1.200000e+00	5.270610e-07	6.686780e-08	
401	1.715700e-08	1.200000e+00	-5.27039e-07	-6.68653e-08	
402	1.720700e-08	1.200000e+00	5.270159e-07	6.686287e-08	

Index   time            v(vdd)          v_wwl#branch    v_wbl#branch    
--------------------------------------------------------------------------------
403	1.725700e-08	1.200000e+00	-5.26993e-07	-6.68604e-08	
404	1.730700e-08	1.200000e+00	5.269708e-07	6.685795e-08	
405	1.735700e-08	1.200000e+00	-5.26948e-07	-6.68555e-08	
406	1.740700e-08	1.200000e+00	5.269258e-07	6.685302e-08	
407	1.745700e-08	1.200000e+00	-5.26903e-07	-6.68506e-08	
408	1.750700e-08	1.200000e+00	5.268807e-07	6.684810e-08	
409	1.755700e-08	1.200000e+00	-5.26858e-07	-6.68456e-08	
410	1.760700e-08	1.200000e+00	5.268356e-07	6.684317e-08	
411	1.765700e-08	1.200000e+00	-5.26813e-07	-6.68407e-08	
412	1.770700e-08	1.200000e+00	5.267905e-07	6.683825e-08	
413	1.775700e-08	1.200000e+00	-5.26768e-07	-6.68358e-08	
414	1.780700e-08	1.200000e+00	5.267455e-07	6.683332e-08	
415	1.785700e-08	1.200000e+00	-5.26723e-07	-6.68309e-08	
416	1.790700e-08	1.200000e+00	5.267004e-07	6.682840e-08	
417	1.795700e-08	1.200000e+00	-5.26678e-07	-6.68259e-08	
418	1.800700e-08	1.200000e+00	5.266553e-07	6.682348e-08	
419	1.805700e-08	1.200000e+00	-5.26633e-07	-6.68210e-08	
420	1.810700e-08	1.200000e+00	5.266103e-07	6.681855e-08	
421	1.815700e-08	1.200000e+00	-5.26588e-07	-6.68161e-08	
422	1.820700e-08	1.200000e+00	5.265652e-07	6.681363e-08	
423	1.825700e-08	1.200000e+00	-5.26543e-07	-6.68112e-08	
424	1.830700e-08	1.200000e+00	5.265202e-07	6.680871e-08	
425	1.835700e-08	1.200000e+00	-5.26498e-07	-6.68063e-08	
426	1.840700e-08	1.200000e+00	5.264751e-07	6.680379e-08	
427	1.845700e-08	1.200000e+00	-5.26453e-07	-6.68013e-08	
428	1.850700e-08	1.200000e+00	5.264301e-07	6.679886e-08	
429	1.855700e-08	1.200000e+00	-5.26408e-07	-6.67964e-08	
430	1.860700e-08	1.200000e+00	5.263850e-07	6.679394e-08	
431	1.865700e-08	1.200000e+00	-5.26363e-07	-6.67915e-08	
432	1.870700e-08	1.200000e+00	5.263400e-07	6.678902e-08	
433	1.875700e-08	1.200000e+00	-5.26318e-07	-6.67866e-08	
434	1.880700e-08	1.200000e+00	5.262949e-07	6.678410e-08	
435	1.885700e-08	1.200000e+00	-5.26272e-07	-6.67817e-08	
436	1.890700e-08	1.200000e+00	5.262499e-07	6.677918e-08	
437	1.895700e-08	1.200000e+00	-5.26227e-07	-6.67767e-08	
438	1.900700e-08	1.200000e+00	5.262049e-07	6.677426e-08	
439	1.905700e-08	1.200000e+00	-5.26182e-07	-6.67718e-08	
440	1.910700e-08	1.200000e+00	5.261599e-07	6.676934e-08	
441	1.915700e-08	1.200000e+00	-5.26137e-07	-6.67669e-08	
442	1.920700e-08	1.200000e+00	5.261148e-07	6.676442e-08	
443	1.925700e-08	1.200000e+00	-5.26092e-07	-6.67620e-08	
444	1.930700e-08	1.200000e+00	5.260698e-07	6.675950e-08	
445	1.935700e-08	1.200000e+00	-5.26047e-07	-6.67571e-08	
446	1.940700e-08	1.200000e+00	5.260248e-07	6.675458e-08	
447	1.945700e-08	1.200000e+00	-5.26002e-07	-6.67521e-08	
448	1.950700e-08	1.200000e+00	5.259798e-07	6.674967e-08	
449	1.955700e-08	1.200000e+00	-5.25957e-07	-6.67472e-08	
450	1.960700e-08	1.200000e+00	5.259348e-07	6.674475e-08	
451	1.965700e-08	1.200000e+00	-5.25912e-07	-6.67423e-08	
452	1.970700e-08	1.200000e+00	5.258898e-07	6.673983e-08	
453	1.975700e-08	1.200000e+00	-5.25867e-07	-6.67374e-08	
454	1.980700e-08	1.200000e+00	5.258448e-07	6.673491e-08	
455	1.985700e-08	1.200000e+00	-5.25822e-07	-6.67325e-08	
456	1.990700e-08	1.200000e+00	5.257998e-07	6.673000e-08	
457	1.995700e-08	1.200000e+00	-5.25777e-07	-6.67275e-08	
458	2.000000e-08	1.200000e+00	5.257511e-07	6.672468e-08	
459	2.000001e-08	1.200000e+00	-5.45236e-06	-1.11065e-06	
460	2.000003e-08	1.200000e+00	-6.29495e-06	-1.24238e-06	

Index   time            v(vdd)          v_wwl#branch    v_wbl#branch    
--------------------------------------------------------------------------------
461	2.000007e-08	1.200000e+00	-5.52160e-06	-1.11932e-06	
462	2.000010e-08	1.200000e+00	-6.24483e-06	-1.23596e-06	
463	2.000011e-08	1.200000e+00	-5.38978e-07	-8.44601e-08	
464	2.000012e-08	1.200000e+00	4.685267e-07	7.563061e-08	
465	2.000016e-08	1.200000e+00	-4.34940e-07	-7.12285e-08	
466	2.000022e-08	1.200000e+00	4.204804e-07	6.942207e-08	
467	2.000035e-08	1.200000e+00	-4.11972e-07	-6.82459e-08	
468	2.000060e-08	1.200000e+00	4.090258e-07	6.791524e-08	
469	2.000112e-08	1.200000e+00	-4.06609e-07	-6.75601e-08	
470	2.000214e-08	1.200000e+00	4.059681e-07	6.749579e-08	
471	2.000419e-08	1.200000e+00	-4.05432e-07	-6.74203e-08	
472	2.000660e-08	1.200000e+00	4.050403e-07	6.736912e-08	
473	2.001041e-08	1.200000e+00	-4.04792e-07	-6.73366e-08	
474	2.001705e-08	1.200000e+00	4.046499e-07	6.731794e-08	
475	2.003032e-08	1.200000e+00	-4.04579e-07	-6.73086e-08	
476	2.005686e-08	1.200000e+00	4.045431e-07	6.730394e-08	
477	2.010686e-08	1.200000e+00	-4.04524e-07	-6.73015e-08	
478	2.015686e-08	1.200000e+00	4.045053e-07	6.729898e-08	
479	2.020686e-08	1.200000e+00	-4.04487e-07	-6.72965e-08	
480	2.025686e-08	1.200000e+00	4.044676e-07	6.729403e-08	
481	2.030686e-08	1.200000e+00	-4.04449e-07	-6.72916e-08	
482	2.035686e-08	1.200000e+00	4.044298e-07	6.728908e-08	
483	2.040686e-08	1.200000e+00	-4.04411e-07	-6.72866e-08	
484	2.045686e-08	1.200000e+00	4.043920e-07	6.728412e-08	
485	2.050686e-08	1.200000e+00	-4.04373e-07	-6.72817e-08	
486	2.055686e-08	1.200000e+00	4.043543e-07	6.727917e-08	
487	2.060686e-08	1.200000e+00	-4.04335e-07	-6.72767e-08	
488	2.065686e-08	1.200000e+00	4.043165e-07	6.727422e-08	
489	2.070686e-08	1.200000e+00	-4.04298e-07	-6.72718e-08	
490	2.075686e-08	1.200000e+00	4.042787e-07	6.726927e-08	
491	2.080686e-08	1.200000e+00	-4.04260e-07	-6.72668e-08	
492	2.085686e-08	1.200000e+00	4.042410e-07	6.726432e-08	
493	2.090686e-08	1.200000e+00	-4.04222e-07	-6.72618e-08	
494	2.095686e-08	1.200000e+00	4.042032e-07	6.725936e-08	
495	2.100686e-08	1.200000e+00	-4.04184e-07	-6.72569e-08	
496	2.105686e-08	1.200000e+00	4.041655e-07	6.725441e-08	
497	2.110686e-08	1.200000e+00	-4.04147e-07	-6.72519e-08	
498	2.115686e-08	1.200000e+00	4.041277e-07	6.724946e-08	
499	2.120686e-08	1.200000e+00	-4.04109e-07	-6.72470e-08	
500	2.125686e-08	1.200000e+00	4.040900e-07	6.724451e-08	
501	2.130686e-08	1.200000e+00	-4.04071e-07	-6.72420e-08	
502	2.135686e-08	1.200000e+00	4.040523e-07	6.723956e-08	
503	2.140686e-08	1.200000e+00	-4.04033e-07	-6.72371e-08	
504	2.145686e-08	1.200000e+00	4.040145e-07	6.723461e-08	
505	2.150686e-08	1.200000e+00	-4.03996e-07	-6.72321e-08	
506	2.155686e-08	1.200000e+00	4.039768e-07	6.722966e-08	
507	2.160686e-08	1.200000e+00	-4.03958e-07	-6.72272e-08	
508	2.165686e-08	1.200000e+00	4.039391e-07	6.722471e-08	
509	2.170686e-08	1.200000e+00	-4.03920e-07	-6.72222e-08	
510	2.175686e-08	1.200000e+00	4.039013e-07	6.721977e-08	
511	2.180686e-08	1.200000e+00	-4.03883e-07	-6.72173e-08	
512	2.185686e-08	1.200000e+00	4.038636e-07	6.721482e-08	
513	2.190686e-08	1.200000e+00	-4.03845e-07	-6.72124e-08	
514	2.195686e-08	1.200000e+00	4.038259e-07	6.720987e-08	
515	2.200686e-08	1.200000e+00	-4.03807e-07	-6.72074e-08	
516	2.205686e-08	1.200000e+00	4.037882e-07	6.720492e-08	
517	2.210686e-08	1.200000e+00	-4.03769e-07	-6.72025e-08	
518	2.215686e-08	1.200000e+00	4.037504e-07	6.719997e-08	

Index   time            v(vdd)          v_wwl#branch    v_wbl#branch    
--------------------------------------------------------------------------------
519	2.220686e-08	1.200000e+00	-4.03732e-07	-6.71975e-08	
520	2.225686e-08	1.200000e+00	4.037127e-07	6.719503e-08	
521	2.230686e-08	1.200000e+00	-4.03694e-07	-6.71926e-08	
522	2.235686e-08	1.200000e+00	4.036750e-07	6.719008e-08	
523	2.240686e-08	1.200000e+00	-4.03656e-07	-6.71876e-08	
524	2.245686e-08	1.200000e+00	4.036373e-07	6.718513e-08	
525	2.250686e-08	1.200000e+00	-4.03619e-07	-6.71827e-08	
526	2.255686e-08	1.200000e+00	4.035996e-07	6.718019e-08	
527	2.260686e-08	1.200000e+00	-4.03581e-07	-6.71777e-08	
528	2.265686e-08	1.200000e+00	4.035619e-07	6.717524e-08	
529	2.270686e-08	1.200000e+00	-4.03543e-07	-6.71728e-08	
530	2.275686e-08	1.200000e+00	4.035242e-07	6.717030e-08	
531	2.280686e-08	1.200000e+00	-4.03505e-07	-6.71678e-08	
532	2.285686e-08	1.200000e+00	4.034865e-07	6.716535e-08	
533	2.290686e-08	1.200000e+00	-4.03468e-07	-6.71629e-08	
534	2.295686e-08	1.200000e+00	4.034488e-07	6.716041e-08	
535	2.300686e-08	1.200000e+00	-4.03430e-07	-6.71579e-08	
536	2.305686e-08	1.200000e+00	4.034111e-07	6.715546e-08	
537	2.310686e-08	1.200000e+00	-4.03392e-07	-6.71530e-08	
538	2.315686e-08	1.200000e+00	4.033734e-07	6.715052e-08	
539	2.320686e-08	1.200000e+00	-4.03355e-07	-6.71481e-08	
540	2.325686e-08	1.200000e+00	4.033358e-07	6.714557e-08	
541	2.330686e-08	1.200000e+00	-4.03317e-07	-6.71431e-08	
542	2.335686e-08	1.200000e+00	4.032981e-07	6.714063e-08	
543	2.340686e-08	1.200000e+00	-4.03279e-07	-6.71382e-08	
544	2.345686e-08	1.200000e+00	4.032604e-07	6.713569e-08	
545	2.350686e-08	1.200000e+00	-4.03242e-07	-6.71332e-08	
546	2.355686e-08	1.200000e+00	4.032227e-07	6.713074e-08	
547	2.360686e-08	1.200000e+00	-4.03204e-07	-6.71283e-08	
548	2.365686e-08	1.200000e+00	4.031851e-07	6.712580e-08	
549	2.370686e-08	1.200000e+00	-4.03166e-07	-6.71233e-08	
550	2.375686e-08	1.200000e+00	4.031474e-07	6.712086e-08	
551	2.380686e-08	1.200000e+00	-4.03129e-07	-6.71184e-08	
552	2.385686e-08	1.200000e+00	4.031097e-07	6.711592e-08	
553	2.390686e-08	1.200000e+00	-4.03091e-07	-6.71135e-08	
554	2.395686e-08	1.200000e+00	4.030721e-07	6.711098e-08	
555	2.400686e-08	1.200000e+00	-4.03053e-07	-6.71085e-08	
556	2.405686e-08	1.200000e+00	4.030344e-07	6.710604e-08	
557	2.410686e-08	1.200000e+00	-4.03016e-07	-6.71036e-08	
558	2.415686e-08	1.200000e+00	4.029968e-07	6.710109e-08	
559	2.420686e-08	1.200000e+00	-4.02978e-07	-6.70986e-08	
560	2.425686e-08	1.200000e+00	4.029591e-07	6.709615e-08	
561	2.430686e-08	1.200000e+00	-4.02940e-07	-6.70937e-08	
562	2.435686e-08	1.200000e+00	4.029215e-07	6.709121e-08	
563	2.440686e-08	1.200000e+00	-4.02903e-07	-6.70888e-08	
564	2.445686e-08	1.200000e+00	4.028838e-07	6.708627e-08	
565	2.450686e-08	1.200000e+00	-4.02865e-07	-6.70838e-08	
566	2.455686e-08	1.200000e+00	4.028462e-07	6.708133e-08	
567	2.460686e-08	1.200000e+00	-4.02827e-07	-6.70789e-08	
568	2.465686e-08	1.200000e+00	4.028085e-07	6.707639e-08	
569	2.470686e-08	1.200000e+00	-4.02790e-07	-6.70739e-08	
570	2.475686e-08	1.200000e+00	4.027709e-07	6.707146e-08	
571	2.480686e-08	1.200000e+00	-4.02752e-07	-6.70690e-08	
572	2.485686e-08	1.200000e+00	4.027333e-07	6.706652e-08	
573	2.490686e-08	1.200000e+00	-4.02714e-07	-6.70641e-08	
574	2.495686e-08	1.200000e+00	4.026956e-07	6.706158e-08	
575	2.500686e-08	1.200000e+00	-4.02677e-07	-6.70591e-08	
576	2.505686e-08	1.200000e+00	4.026580e-07	6.705664e-08	

Index   time            v(vdd)          v_wwl#branch    v_wbl#branch    
--------------------------------------------------------------------------------
577	2.510686e-08	1.200000e+00	-4.02639e-07	-6.70542e-08	
578	2.515686e-08	1.200000e+00	4.026204e-07	6.705170e-08	
579	2.520686e-08	1.200000e+00	-4.02602e-07	-6.70492e-08	
580	2.525686e-08	1.200000e+00	4.025828e-07	6.704677e-08	
581	2.530686e-08	1.200000e+00	-4.02564e-07	-6.70443e-08	
582	2.535686e-08	1.200000e+00	4.025451e-07	6.704183e-08	
583	2.540686e-08	1.200000e+00	-4.02526e-07	-6.70394e-08	
584	2.545686e-08	1.200000e+00	4.025075e-07	6.703689e-08	
585	2.550686e-08	1.200000e+00	-4.02489e-07	-6.70344e-08	
586	2.555686e-08	1.200000e+00	4.024699e-07	6.703196e-08	
587	2.560686e-08	1.200000e+00	-4.02451e-07	-6.70295e-08	
588	2.565686e-08	1.200000e+00	4.024323e-07	6.702702e-08	
589	2.570686e-08	1.200000e+00	-4.02414e-07	-6.70246e-08	
590	2.575686e-08	1.200000e+00	4.023947e-07	6.702208e-08	
591	2.580686e-08	1.200000e+00	-4.02376e-07	-6.70196e-08	
592	2.585686e-08	1.200000e+00	4.023571e-07	6.701715e-08	
593	2.590686e-08	1.200000e+00	-4.02338e-07	-6.70147e-08	
594	2.595686e-08	1.200000e+00	4.023195e-07	6.701221e-08	
595	2.600686e-08	1.200000e+00	-4.02301e-07	-6.70098e-08	
596	2.605686e-08	1.200000e+00	4.022819e-07	6.700728e-08	
597	2.610686e-08	1.200000e+00	-4.02263e-07	-6.70048e-08	
598	2.615686e-08	1.200000e+00	4.022443e-07	6.700235e-08	
599	2.620686e-08	1.200000e+00	-4.02226e-07	-6.69999e-08	
600	2.625686e-08	1.200000e+00	4.022067e-07	6.699741e-08	
601	2.630686e-08	1.200000e+00	-4.02188e-07	-6.69950e-08	
602	2.635686e-08	1.200000e+00	4.021691e-07	6.699248e-08	
603	2.640686e-08	1.200000e+00	-4.02150e-07	-6.69900e-08	
604	2.645686e-08	1.200000e+00	4.021315e-07	6.698754e-08	
605	2.650686e-08	1.200000e+00	-4.02113e-07	-6.69851e-08	
606	2.655686e-08	1.200000e+00	4.020940e-07	6.698261e-08	
607	2.660686e-08	1.200000e+00	-4.02075e-07	-6.69802e-08	
608	2.665686e-08	1.200000e+00	4.020564e-07	6.697768e-08	
609	2.670686e-08	1.200000e+00	-4.02038e-07	-6.69752e-08	
610	2.675686e-08	1.200000e+00	4.020188e-07	6.697275e-08	
611	2.680686e-08	1.200000e+00	-4.02000e-07	-6.69703e-08	
612	2.685686e-08	1.200000e+00	4.019812e-07	6.696781e-08	
613	2.690686e-08	1.200000e+00	-4.01962e-07	-6.69654e-08	
614	2.695686e-08	1.200000e+00	4.019437e-07	6.696288e-08	
615	2.700686e-08	1.200000e+00	-4.01925e-07	-6.69604e-08	
616	2.705686e-08	1.200000e+00	4.019061e-07	6.695795e-08	
617	2.710686e-08	1.200000e+00	-4.01887e-07	-6.69555e-08	
618	2.715686e-08	1.200000e+00	4.018685e-07	6.695302e-08	
619	2.720686e-08	1.200000e+00	-4.01850e-07	-6.69506e-08	
620	2.725686e-08	1.200000e+00	4.018310e-07	6.694809e-08	
621	2.730686e-08	1.200000e+00	-4.01812e-07	-6.69456e-08	
622	2.735686e-08	1.200000e+00	4.017934e-07	6.694316e-08	
623	2.740686e-08	1.200000e+00	-4.01775e-07	-6.69407e-08	
624	2.745686e-08	1.200000e+00	4.017559e-07	6.693823e-08	
625	2.750686e-08	1.200000e+00	-4.01737e-07	-6.69358e-08	
626	2.755686e-08	1.200000e+00	4.017183e-07	6.693330e-08	
627	2.760686e-08	1.200000e+00	-4.01700e-07	-6.69308e-08	
628	2.765686e-08	1.200000e+00	4.016808e-07	6.692837e-08	
629	2.770686e-08	1.200000e+00	-4.01662e-07	-6.69259e-08	
630	2.775686e-08	1.200000e+00	4.016432e-07	6.692344e-08	
631	2.780686e-08	1.200000e+00	-4.01624e-07	-6.69210e-08	
632	2.785686e-08	1.200000e+00	4.016057e-07	6.691851e-08	
633	2.790686e-08	1.200000e+00	-4.01587e-07	-6.69161e-08	
634	2.795686e-08	1.200000e+00	4.015681e-07	6.691358e-08	

Index   time            v(vdd)          v_wwl#branch    v_wbl#branch    
--------------------------------------------------------------------------------
635	2.800686e-08	1.200000e+00	-4.01549e-07	-6.69111e-08	
636	2.805686e-08	1.200000e+00	4.015306e-07	6.690866e-08	
637	2.810686e-08	1.200000e+00	-4.01512e-07	-6.69062e-08	
638	2.815686e-08	1.200000e+00	4.014931e-07	6.690373e-08	
639	2.820686e-08	1.200000e+00	-4.01474e-07	-6.69013e-08	
640	2.825686e-08	1.200000e+00	4.014555e-07	6.689880e-08	
641	2.830686e-08	1.200000e+00	-4.01437e-07	-6.68963e-08	
642	2.835686e-08	1.200000e+00	4.014180e-07	6.689387e-08	
643	2.840686e-08	1.200000e+00	-4.01399e-07	-6.68914e-08	
644	2.845686e-08	1.200000e+00	4.013805e-07	6.688895e-08	
645	2.850686e-08	1.200000e+00	-4.01362e-07	-6.68865e-08	
646	2.855686e-08	1.200000e+00	4.013430e-07	6.688402e-08	
647	2.860686e-08	1.200000e+00	-4.01324e-07	-6.68816e-08	
648	2.865686e-08	1.200000e+00	4.013055e-07	6.687909e-08	
649	2.870686e-08	1.200000e+00	-4.01287e-07	-6.68766e-08	
650	2.875686e-08	1.200000e+00	4.012679e-07	6.687417e-08	
651	2.880686e-08	1.200000e+00	-4.01249e-07	-6.68717e-08	
652	2.885686e-08	1.200000e+00	4.012304e-07	6.686924e-08	
653	2.890686e-08	1.200000e+00	-4.01212e-07	-6.68668e-08	
654	2.895686e-08	1.200000e+00	4.011929e-07	6.686432e-08	
655	2.900686e-08	1.200000e+00	-4.01174e-07	-6.68619e-08	
656	2.905686e-08	1.200000e+00	4.011554e-07	6.685939e-08	
657	2.910686e-08	1.200000e+00	-4.01137e-07	-6.68569e-08	
658	2.915686e-08	1.200000e+00	4.011179e-07	6.685447e-08	
659	2.920686e-08	1.200000e+00	-4.01099e-07	-6.68520e-08	
660	2.925686e-08	1.200000e+00	4.010804e-07	6.684954e-08	
661	2.930686e-08	1.200000e+00	-4.01062e-07	-6.68471e-08	
662	2.935686e-08	1.200000e+00	4.010429e-07	6.684462e-08	
663	2.940686e-08	1.200000e+00	-4.01024e-07	-6.68422e-08	
664	2.945686e-08	1.200000e+00	4.010054e-07	6.683970e-08	
665	2.950686e-08	1.200000e+00	-4.00987e-07	-6.68372e-08	
666	2.955686e-08	1.200000e+00	4.009679e-07	6.683477e-08	
667	2.960686e-08	1.200000e+00	-4.00949e-07	-6.68323e-08	
668	2.965686e-08	1.200000e+00	4.009305e-07	6.682985e-08	
669	2.970686e-08	1.200000e+00	-4.00912e-07	-6.68274e-08	
670	2.975686e-08	1.200000e+00	4.008930e-07	6.682493e-08	
671	2.980686e-08	1.200000e+00	-4.00874e-07	-6.68225e-08	
672	2.985686e-08	1.200000e+00	4.008555e-07	6.682000e-08	
673	2.990686e-08	1.200000e+00	-4.00837e-07	-6.68176e-08	
674	2.995686e-08	1.200000e+00	4.008180e-07	6.681508e-08	
675	3.000000e-08	1.200000e+00	-4.00796e-07	-6.68122e-08	

********************************************************************************
Transient Analysis  Tue Aug 18 15:49:49  2026
--------------------------------------------------------------------------------
Index   time            v_rbl#branch    v_dd#branch     
--------------------------------------------------------------------------------
0	0.000000e+00	-4.73073e-14	-4.73073e-09	
1	5.000000e-13	-4.73073e-14	-4.73073e-09	
2	1.000000e-12	-4.73073e-14	-4.73073e-09	
3	2.000000e-12	-4.73073e-14	-4.73073e-09	
4	4.000000e-12	-4.73073e-14	-4.73073e-09	
5	8.000000e-12	-4.73073e-14	-4.73073e-09	
6	1.600000e-11	-4.73073e-14	-4.73073e-09	
7	3.200000e-11	-4.73073e-14	-4.73073e-09	
8	6.400000e-11	-4.73073e-14	-4.73073e-09	
9	1.140000e-10	-4.73073e-14	-4.73073e-09	
10	1.640000e-10	-4.73073e-14	-4.73073e-09	
11	2.140000e-10	-4.73073e-14	-4.73073e-09	
12	2.640000e-10	-4.73073e-14	-4.73073e-09	
13	3.140000e-10	-4.73073e-14	-4.73073e-09	
14	3.640000e-10	-4.73073e-14	-4.73073e-09	
15	4.140000e-10	-4.73073e-14	-4.73073e-09	
16	4.640000e-10	-4.73073e-14	-4.73073e-09	
17	5.140000e-10	-4.73073e-14	-4.73073e-09	
18	5.640000e-10	-4.73073e-14	-4.73073e-09	
19	6.140000e-10	-4.73073e-14	-4.73073e-09	
20	6.640000e-10	-4.73073e-14	-4.73073e-09	
21	7.140000e-10	-4.73073e-14	-4.73073e-09	
22	7.640000e-10	-4.73073e-14	-4.73073e-09	
23	8.140000e-10	-4.73073e-14	-4.73073e-09	
24	8.640000e-10	-4.73073e-14	-4.73073e-09	
25	9.140000e-10	-4.73073e-14	-4.73073e-09	
26	9.640000e-10	-4.73073e-14	-4.73073e-09	
27	1.000000e-09	-4.73073e-14	-4.73073e-09	
28	1.000010e-09	1.982252e-13	1.982252e-08	
29	1.000030e-09	7.022463e-13	7.022463e-08	
30	1.000070e-09	1.683468e-12	1.683468e-07	
31	1.000100e-09	2.393706e-12	2.393706e-07	
32	1.000108e-09	2.384310e-12	2.384310e-07	
33	1.000124e-09	2.347751e-12	2.347751e-07	
34	1.000156e-09	2.273842e-12	2.273842e-07	
35	1.000220e-09	2.134809e-12	2.134809e-07	
36	1.000348e-09	1.878473e-12	1.878473e-07	
37	1.000604e-09	1.451003e-12	1.451003e-07	
38	1.001116e-09	8.447259e-13	8.447259e-08	
39	1.002140e-09	2.279454e-13	2.279454e-08	
40	1.004188e-09	-9.55031e-14	-9.55031e-09	
41	1.008284e-09	-1.01867e-13	-1.01867e-08	
42	1.016476e-09	-1.01553e-13	-1.01553e-08	
43	1.032860e-09	-1.05316e-13	-1.05316e-08	
44	1.065628e-09	-1.10600e-13	-1.10600e-08	
45	1.115628e-09	-1.20757e-13	-1.20757e-08	
46	1.165628e-09	-1.30592e-13	-1.30592e-08	
47	1.215628e-09	-1.41670e-13	-1.41670e-08	
48	1.265628e-09	-1.52951e-13	-1.52951e-08	
49	1.315628e-09	-1.65213e-13	-1.65213e-08	
50	1.365628e-09	-1.78024e-13	-1.78024e-08	
51	1.415628e-09	-1.91607e-13	-1.91607e-08	
52	1.465628e-09	-2.06043e-13	-2.06043e-08	
53	1.515628e-09	-2.21087e-13	-2.21087e-08	
54	1.565628e-09	-2.37252e-13	-2.37252e-08	

Index   time            v_rbl#branch    v_dd#branch     
--------------------------------------------------------------------------------
55	1.615628e-09	-2.53899e-13	-2.53899e-08	
56	1.665628e-09	-2.71906e-13	-2.71906e-08	
57	1.715628e-09	-2.90301e-13	-2.90301e-08	
58	1.765628e-09	-3.10270e-13	-3.10270e-08	
59	1.815628e-09	-3.30562e-13	-3.30562e-08	
60	1.865628e-09	-3.52621e-13	-3.52621e-08	
61	1.915628e-09	-3.74964e-13	-3.74964e-08	
62	1.965628e-09	-3.99251e-13	-3.99251e-08	
63	2.015628e-09	-4.23802e-13	-4.23802e-08	
64	2.065628e-09	-4.50459e-13	-4.50459e-08	
65	2.115628e-09	-4.77380e-13	-4.77380e-08	
66	2.165628e-09	-5.06560e-13	-5.06560e-08	
67	2.215628e-09	-5.36019e-13	-5.36019e-08	
68	2.265628e-09	-5.67880e-13	-5.67880e-08	
69	2.315628e-09	-6.00050e-13	-6.00050e-08	
70	2.365628e-09	-6.34757e-13	-6.34757e-08	
71	2.415628e-09	-6.69816e-13	-6.69816e-08	
72	2.465628e-09	-7.07544e-13	-7.07544e-08	
73	2.515628e-09	-7.45677e-13	-7.45677e-08	
74	2.565628e-09	-7.85825e-13	-7.85825e-08	
75	2.615628e-09	-8.27127e-13	-8.27127e-08	
76	2.665628e-09	-8.71482e-13	-8.71482e-08	
77	2.715628e-09	-9.16253e-13	-9.16253e-08	
78	2.765628e-09	-9.64179e-13	-9.64179e-08	
79	2.815628e-09	-1.01262e-12	-1.01262e-07	
80	2.865628e-09	-1.06432e-12	-1.06432e-07	
81	2.915628e-09	-1.11664e-12	-1.11664e-07	
82	2.965628e-09	-1.17233e-12	-1.17233e-07	
83	3.015628e-09	-1.22874e-12	-1.22874e-07	
84	3.065628e-09	-1.28863e-12	-1.28863e-07	
85	3.115628e-09	-1.34935e-12	-1.34935e-07	
86	3.165628e-09	-1.41366e-12	-1.41366e-07	
87	3.215628e-09	-1.47893e-12	-1.47893e-07	
88	3.265628e-09	-1.54790e-12	-1.54790e-07	
89	3.315628e-09	-1.61794e-12	-1.61794e-07	
90	3.365628e-09	-1.69181e-12	-1.69181e-07	
91	3.415628e-09	-1.76687e-12	-1.76687e-07	
92	3.465628e-09	-1.84587e-12	-1.84587e-07	
93	3.515628e-09	-1.92621e-12	-1.92621e-07	
94	3.565628e-09	-2.01060e-12	-2.01060e-07	
95	3.615628e-09	-2.09646e-12	-2.09646e-07	
96	3.665628e-09	-2.18651e-12	-2.18651e-07	
97	3.715628e-09	-2.27816e-12	-2.27816e-07	
98	3.765628e-09	-2.37412e-12	-2.37412e-07	
99	3.815628e-09	-2.47183e-12	-2.47183e-07	
100	3.865628e-09	-2.57399e-12	-2.57399e-07	
101	3.915628e-09	-2.67804e-12	-2.67804e-07	
102	3.965628e-09	-2.78668e-12	-2.78668e-07	
103	4.015628e-09	-2.89736e-12	-2.89736e-07	
104	4.065628e-09	-3.01276e-12	-3.01276e-07	
105	4.115628e-09	-3.13036e-12	-3.13036e-07	
106	4.165628e-09	-3.25283e-12	-3.25283e-07	
107	4.215628e-09	-3.37765e-12	-3.37765e-07	
108	4.265628e-09	-3.50749e-12	-3.50749e-07	
109	4.315628e-09	-3.63984e-12	-3.63984e-07	
110	4.365628e-09	-3.77736e-12	-3.77736e-07	
111	4.415628e-09	-3.91756e-12	-3.91756e-07	
112	4.465628e-09	-4.06308e-12	-4.06308e-07	

Index   time            v_rbl#branch    v_dd#branch     
--------------------------------------------------------------------------------
113	4.515628e-09	-4.21146e-12	-4.21146e-07	
114	4.565628e-09	-4.36532e-12	-4.36532e-07	
115	4.615628e-09	-4.52220e-12	-4.52220e-07	
116	4.665628e-09	-4.68472e-12	-4.68472e-07	
117	4.715628e-09	-4.85046e-12	-4.85046e-07	
118	4.765628e-09	-5.02200e-12	-5.02200e-07	
119	4.815628e-09	-5.19693e-12	-5.19693e-07	
120	4.865628e-09	-5.37783e-12	-5.37783e-07	
121	4.915628e-09	-5.56232e-12	-5.56232e-07	
122	4.965628e-09	-5.75295e-12	-5.75295e-07	
123	5.015628e-09	-5.94736e-12	-5.94736e-07	
124	5.065628e-09	-6.14809e-12	-6.14809e-07	
125	5.115628e-09	-6.35279e-12	-6.35279e-07	
126	5.165628e-09	-6.56399e-12	-6.56399e-07	
127	5.215628e-09	-6.77937e-12	-6.77937e-07	
128	5.265628e-09	-7.00143e-12	-7.00143e-07	
129	5.315628e-09	-7.22788e-12	-7.22788e-07	
130	5.365628e-09	-7.46120e-12	-7.46120e-07	
131	5.415628e-09	-7.69911e-12	-7.69911e-07	
132	5.465628e-09	-7.94408e-12	-7.94408e-07	
133	5.515628e-09	-8.19387e-12	-8.19387e-07	
134	5.565628e-09	-8.45091e-12	-8.45091e-07	
135	5.615628e-09	-8.71298e-12	-8.71298e-07	
136	5.665628e-09	-8.98251e-12	-8.98251e-07	
137	5.715628e-09	-9.25730e-12	-9.25730e-07	
138	5.765628e-09	-9.53974e-12	-9.53974e-07	
139	5.815628e-09	-9.82768e-12	-9.82768e-07	
140	5.865628e-09	-1.01235e-11	-1.01235e-06	
141	5.915628e-09	-1.04250e-11	-1.04250e-06	
142	5.965628e-09	-1.07346e-11	-1.07346e-06	
143	6.015628e-09	-1.10501e-11	-1.10501e-06	
144	6.065628e-09	-1.13740e-11	-1.13740e-06	
145	6.115628e-09	-1.17041e-11	-1.17041e-06	
146	6.165628e-09	-1.20426e-11	-1.20426e-06	
147	6.215628e-09	-1.23876e-11	-1.23876e-06	
148	6.265628e-09	-1.27414e-11	-1.27414e-06	
149	6.315628e-09	-1.31019e-11	-1.31019e-06	
150	6.365628e-09	-1.34713e-11	-1.34713e-06	
151	6.415628e-09	-1.38516e-11	-1.38516e-06	
152	6.465628e-09	-1.42375e-11	-1.42375e-06	
153	6.515628e-09	-1.46301e-11	-1.46301e-06	
154	6.565628e-09	-1.50327e-11	-1.50327e-06	
155	6.615628e-09	-1.54423e-11	-1.54423e-06	
156	6.665628e-09	-1.58619e-11	-1.58619e-06	
157	6.715628e-09	-1.62890e-11	-1.62890e-06	
158	6.765628e-09	-1.67264e-11	-1.67264e-06	
159	6.815628e-09	-1.71714e-11	-1.71714e-06	
160	6.865628e-09	-1.76269e-11	-1.76269e-06	
161	6.915628e-09	-1.80905e-11	-1.80905e-06	
162	6.965628e-09	-1.85648e-11	-1.85648e-06	
163	7.015628e-09	-1.90474e-11	-1.90474e-06	
164	7.065628e-09	-1.95409e-11	-1.95409e-06	
165	7.115628e-09	-2.00432e-11	-2.00432e-06	
166	7.165628e-09	-2.05565e-11	-2.05565e-06	
167	7.215628e-09	-2.10790e-11	-2.10790e-06	
168	7.265628e-09	-2.16127e-11	-2.16127e-06	
169	7.315628e-09	-2.21558e-11	-2.21558e-06	
170	7.365628e-09	-2.27106e-11	-2.27106e-06	

Index   time            v_rbl#branch    v_dd#branch     
--------------------------------------------------------------------------------
171	7.415628e-09	-2.32714e-11	-2.32714e-06	
172	7.465628e-09	-2.38360e-11	-2.38360e-06	
173	7.515628e-09	-2.44010e-11	-2.44010e-06	
174	7.565628e-09	-2.49683e-11	-2.49683e-06	
175	7.615628e-09	-2.55357e-11	-2.55357e-06	
176	7.665628e-09	-2.61049e-11	-2.61049e-06	
177	7.715628e-09	-2.66739e-11	-2.66739e-06	
178	7.765628e-09	-2.72441e-11	-2.72441e-06	
179	7.815628e-09	-2.78138e-11	-2.78138e-06	
180	7.865628e-09	-2.83844e-11	-2.83844e-06	
181	7.915628e-09	-2.89541e-11	-2.89541e-06	
182	7.965628e-09	-2.95243e-11	-2.95243e-06	
183	8.015628e-09	-3.00932e-11	-3.00932e-06	
184	8.065628e-09	-3.06624e-11	-3.06624e-06	
185	8.115628e-09	-3.12299e-11	-3.12299e-06	
186	8.165628e-09	-3.17973e-11	-3.17973e-06	
187	8.215628e-09	-3.23628e-11	-3.23628e-06	
188	8.265628e-09	-3.29278e-11	-3.29278e-06	
189	8.315628e-09	-3.34906e-11	-3.34906e-06	
190	8.365628e-09	-3.40528e-11	-3.40528e-06	
191	8.415628e-09	-3.46124e-11	-3.46124e-06	
192	8.465628e-09	-3.51710e-11	-3.51710e-06	
193	8.515628e-09	-3.57268e-11	-3.57268e-06	
194	8.565628e-09	-3.62815e-11	-3.62815e-06	
195	8.615628e-09	-3.68331e-11	-3.68331e-06	
196	8.665628e-09	-3.73833e-11	-3.73833e-06	
197	8.715628e-09	-3.79302e-11	-3.79302e-06	
198	8.765628e-09	-3.84754e-11	-3.84754e-06	
199	8.815628e-09	-3.90172e-11	-3.90172e-06	
200	8.865628e-09	-3.95571e-11	-3.95571e-06	
201	8.915628e-09	-4.00934e-11	-4.00934e-06	
202	8.965628e-09	-4.06276e-11	-4.06276e-06	
203	9.015628e-09	-4.11580e-11	-4.11580e-06	
204	9.065628e-09	-4.16861e-11	-4.16861e-06	
205	9.115628e-09	-4.22103e-11	-4.22103e-06	
206	9.165628e-09	-4.27321e-11	-4.27321e-06	
207	9.215628e-09	-4.32497e-11	-4.32497e-06	
208	9.265628e-09	-4.37649e-11	-4.37649e-06	
209	9.315628e-09	-4.42758e-11	-4.42758e-06	
210	9.365628e-09	-4.47840e-11	-4.47840e-06	
211	9.415628e-09	-4.52878e-11	-4.52878e-06	
212	9.465628e-09	-4.57889e-11	-4.57889e-06	
213	9.515628e-09	-4.62855e-11	-4.62855e-06	
214	9.565628e-09	-4.67792e-11	-4.67792e-06	
215	9.615628e-09	-4.72683e-11	-4.72683e-06	
216	9.665628e-09	-4.77546e-11	-4.77546e-06	
217	9.715628e-09	-4.82361e-11	-4.82361e-06	
218	9.765628e-09	-4.87146e-11	-4.87146e-06	
219	9.815628e-09	-4.91883e-11	-4.91883e-06	
220	9.865628e-09	-4.96590e-11	-4.96590e-06	
221	9.915628e-09	-5.01248e-11	-5.01248e-06	
222	9.965628e-09	-5.05876e-11	-5.05876e-06	
223	1.001563e-08	-5.10439e-11	-5.10439e-06	
224	1.006563e-08	-5.15001e-11	-5.15001e-06	
225	1.011563e-08	-5.19500e-11	-5.19500e-06	
226	1.016563e-08	-5.23964e-11	-5.23964e-06	
227	1.021563e-08	-5.28382e-11	-5.28382e-06	
228	1.026563e-08	-5.32764e-11	-5.32764e-06	

Index   time            v_rbl#branch    v_dd#branch     
--------------------------------------------------------------------------------
229	1.031563e-08	-5.37100e-11	-5.37100e-06	
230	1.036563e-08	-5.41400e-11	-5.41400e-06	
231	1.041563e-08	-5.45652e-11	-5.45652e-06	
232	1.046563e-08	-5.49871e-11	-5.49871e-06	
233	1.051563e-08	-5.54040e-11	-5.54040e-06	
234	1.056563e-08	-5.58176e-11	-5.58176e-06	
235	1.061563e-08	-5.62263e-11	-5.62263e-06	
236	1.066563e-08	-5.66316e-11	-5.66316e-06	
237	1.071563e-08	-5.70320e-11	-5.70320e-06	
238	1.076563e-08	-5.74291e-11	-5.74291e-06	
239	1.081563e-08	-5.78212e-11	-5.78212e-06	
240	1.086563e-08	-5.82100e-11	-5.82100e-06	
241	1.091563e-08	-5.85939e-11	-5.85939e-06	
242	1.096563e-08	-5.89746e-11	-5.89746e-06	
243	1.100000e-08	-5.92331e-11	-5.92331e-06	
244	1.100001e-08	-5.94696e-11	-5.94696e-06	
245	1.100003e-08	-5.99355e-11	-5.99355e-06	
246	1.100007e-08	-6.07307e-11	-6.07307e-06	
247	1.100010e-08	-6.12110e-11	-6.12110e-06	
248	1.100011e-08	-6.11308e-11	-6.11308e-06	
249	1.100012e-08	-6.09536e-11	-6.09536e-06	
250	1.100016e-08	-6.06048e-11	-6.06048e-06	
251	1.100022e-08	-5.99401e-11	-5.99401e-06	
252	1.100035e-08	-5.87229e-11	-5.87229e-06	
253	1.100060e-08	-5.66860e-11	-5.66860e-06	
254	1.100112e-08	-5.38045e-11	-5.38045e-06	
255	1.100214e-08	-5.08695e-11	-5.08695e-06	
256	1.100409e-08	-4.93763e-11	-4.93763e-06	
257	1.100658e-08	-4.93108e-11	-4.93108e-06	
258	1.100910e-08	-4.93157e-11	-4.93157e-06	
259	1.101401e-08	-4.93158e-11	-4.93158e-06	
260	1.102383e-08	-4.93153e-11	-4.93153e-06	
261	1.104347e-08	-4.93158e-11	-4.93158e-06	
262	1.108276e-08	-4.93153e-11	-4.93153e-06	
263	1.113276e-08	-4.93158e-11	-4.93158e-06	
264	1.118276e-08	-4.93152e-11	-4.93152e-06	
265	1.123276e-08	-4.93158e-11	-4.93158e-06	
266	1.128276e-08	-4.93152e-11	-4.93152e-06	
267	1.133276e-08	-4.93158e-11	-4.93158e-06	
268	1.138276e-08	-4.93152e-11	-4.93152e-06	
269	1.143276e-08	-4.93158e-11	-4.93158e-06	
270	1.148276e-08	-4.93152e-11	-4.93152e-06	
271	1.153276e-08	-4.93158e-11	-4.93158e-06	
272	1.158276e-08	-4.93151e-11	-4.93151e-06	
273	1.163276e-08	-4.93158e-11	-4.93158e-06	
274	1.168276e-08	-4.93151e-11	-4.93151e-06	
275	1.173276e-08	-4.93158e-11	-4.93158e-06	
276	1.178276e-08	-4.93151e-11	-4.93151e-06	
277	1.183276e-08	-4.93158e-11	-4.93158e-06	
278	1.188276e-08	-4.93151e-11	-4.93151e-06	
279	1.193276e-08	-4.93158e-11	-4.93158e-06	
280	1.198276e-08	-4.93151e-11	-4.93151e-06	
281	1.203276e-08	-4.93157e-11	-4.93157e-06	
282	1.208276e-08	-4.93150e-11	-4.93150e-06	
283	1.213276e-08	-4.93157e-11	-4.93157e-06	
284	1.218276e-08	-4.93150e-11	-4.93150e-06	
285	1.223276e-08	-4.93157e-11	-4.93157e-06	
286	1.228276e-08	-4.93150e-11	-4.93150e-06	

Index   time            v_rbl#branch    v_dd#branch     
--------------------------------------------------------------------------------
287	1.233276e-08	-4.93157e-11	-4.93157e-06	
288	1.238276e-08	-4.93150e-11	-4.93150e-06	
289	1.243276e-08	-4.93157e-11	-4.93157e-06	
290	1.248276e-08	-4.93150e-11	-4.93150e-06	
291	1.253276e-08	-4.93157e-11	-4.93157e-06	
292	1.258276e-08	-4.93150e-11	-4.93150e-06	
293	1.263276e-08	-4.93157e-11	-4.93157e-06	
294	1.268276e-08	-4.93149e-11	-4.93149e-06	
295	1.273276e-08	-4.93156e-11	-4.93156e-06	
296	1.278276e-08	-4.93149e-11	-4.93149e-06	
297	1.283276e-08	-4.93156e-11	-4.93156e-06	
298	1.288276e-08	-4.93149e-11	-4.93149e-06	
299	1.293276e-08	-4.93156e-11	-4.93156e-06	
300	1.298276e-08	-4.93149e-11	-4.93149e-06	
301	1.303276e-08	-4.93156e-11	-4.93156e-06	
302	1.308276e-08	-4.93149e-11	-4.93149e-06	
303	1.313276e-08	-4.93156e-11	-4.93156e-06	
304	1.318276e-08	-4.93148e-11	-4.93148e-06	
305	1.323276e-08	-4.93156e-11	-4.93156e-06	
306	1.328276e-08	-4.93148e-11	-4.93148e-06	
307	1.333276e-08	-4.93155e-11	-4.93155e-06	
308	1.338276e-08	-4.93148e-11	-4.93148e-06	
309	1.343276e-08	-4.93155e-11	-4.93155e-06	
310	1.348276e-08	-4.93148e-11	-4.93148e-06	
311	1.353276e-08	-4.93155e-11	-4.93155e-06	
312	1.358276e-08	-4.93148e-11	-4.93148e-06	
313	1.363276e-08	-4.93155e-11	-4.93155e-06	
314	1.368276e-08	-4.93148e-11	-4.93148e-06	
315	1.373276e-08	-4.93155e-11	-4.93155e-06	
316	1.378276e-08	-4.93147e-11	-4.93147e-06	
317	1.383276e-08	-4.93155e-11	-4.93155e-06	
318	1.388276e-08	-4.93147e-11	-4.93147e-06	
319	1.393276e-08	-4.93155e-11	-4.93155e-06	
320	1.398276e-08	-4.93147e-11	-4.93147e-06	
321	1.403276e-08	-4.93154e-11	-4.93154e-06	
322	1.408276e-08	-4.93147e-11	-4.93147e-06	
323	1.413276e-08	-4.93154e-11	-4.93154e-06	
324	1.418276e-08	-4.93147e-11	-4.93147e-06	
325	1.423276e-08	-4.93154e-11	-4.93154e-06	
326	1.428276e-08	-4.93147e-11	-4.93147e-06	
327	1.433276e-08	-4.93154e-11	-4.93154e-06	
328	1.438276e-08	-4.93146e-11	-4.93146e-06	
329	1.443276e-08	-4.93154e-11	-4.93154e-06	
330	1.448276e-08	-4.93146e-11	-4.93146e-06	
331	1.453276e-08	-4.93154e-11	-4.93154e-06	
332	1.458276e-08	-4.93146e-11	-4.93146e-06	
333	1.463276e-08	-4.93153e-11	-4.93153e-06	
334	1.468276e-08	-4.93146e-11	-4.93146e-06	
335	1.473276e-08	-4.93153e-11	-4.93153e-06	
336	1.478276e-08	-4.93146e-11	-4.93146e-06	
337	1.483276e-08	-4.93153e-11	-4.93153e-06	
338	1.488276e-08	-4.93146e-11	-4.93146e-06	
339	1.493276e-08	-4.93153e-11	-4.93153e-06	
340	1.498276e-08	-4.93146e-11	-4.93146e-06	
341	1.500000e-08	-4.93153e-11	-4.93153e-06	
342	1.500001e-08	-4.92118e-11	-4.92118e-06	
343	1.500003e-08	-4.90074e-11	-4.90074e-06	
344	1.500007e-08	-4.86553e-11	-4.86553e-06	

Index   time            v_rbl#branch    v_dd#branch     
--------------------------------------------------------------------------------
345	1.500010e-08	-4.84414e-11	-4.84414e-06	
346	1.500011e-08	-4.84751e-11	-4.84751e-06	
347	1.500012e-08	-4.85498e-11	-4.85498e-06	
348	1.500016e-08	-4.86969e-11	-4.86969e-06	
349	1.500022e-08	-4.89772e-11	-4.89772e-06	
350	1.500035e-08	-4.94906e-11	-4.94906e-06	
351	1.500060e-08	-5.03497e-11	-5.03497e-06	
352	1.500112e-08	-5.15649e-11	-5.15649e-06	
353	1.500214e-08	-5.28026e-11	-5.28026e-06	
354	1.500419e-08	-5.34486e-11	-5.34486e-06	
355	1.500641e-08	-5.34579e-11	-5.34579e-06	
356	1.501034e-08	-5.34579e-11	-5.34579e-06	
357	1.501701e-08	-5.34577e-11	-5.34577e-06	
358	1.503034e-08	-5.34580e-11	-5.34580e-06	
359	1.505700e-08	-5.34577e-11	-5.34577e-06	
360	1.510700e-08	-5.34580e-11	-5.34580e-06	
361	1.515700e-08	-5.34577e-11	-5.34577e-06	
362	1.520700e-08	-5.34580e-11	-5.34580e-06	
363	1.525700e-08	-5.34577e-11	-5.34577e-06	
364	1.530700e-08	-5.34580e-11	-5.34580e-06	
365	1.535700e-08	-5.34577e-11	-5.34577e-06	
366	1.540700e-08	-5.34579e-11	-5.34579e-06	
367	1.545700e-08	-5.34576e-11	-5.34576e-06	
368	1.550700e-08	-5.34579e-11	-5.34579e-06	
369	1.555700e-08	-5.34576e-11	-5.34576e-06	
370	1.560700e-08	-5.34579e-11	-5.34579e-06	
371	1.565700e-08	-5.34576e-11	-5.34576e-06	
372	1.570700e-08	-5.34579e-11	-5.34579e-06	
373	1.575700e-08	-5.34576e-11	-5.34576e-06	
374	1.580700e-08	-5.34579e-11	-5.34579e-06	
375	1.585700e-08	-5.34576e-11	-5.34576e-06	
376	1.590700e-08	-5.34579e-11	-5.34579e-06	
377	1.595700e-08	-5.34575e-11	-5.34575e-06	
378	1.600700e-08	-5.34578e-11	-5.34578e-06	
379	1.605700e-08	-5.34575e-11	-5.34575e-06	
380	1.610700e-08	-5.34578e-11	-5.34578e-06	
381	1.615700e-08	-5.34575e-11	-5.34575e-06	
382	1.620700e-08	-5.34578e-11	-5.34578e-06	
383	1.625700e-08	-5.34575e-11	-5.34575e-06	
384	1.630700e-08	-5.34578e-11	-5.34578e-06	
385	1.635700e-08	-5.34575e-11	-5.34575e-06	
386	1.640700e-08	-5.34578e-11	-5.34578e-06	
387	1.645700e-08	-5.34574e-11	-5.34574e-06	
388	1.650700e-08	-5.34577e-11	-5.34577e-06	
389	1.655700e-08	-5.34574e-11	-5.34574e-06	
390	1.660700e-08	-5.34577e-11	-5.34577e-06	
391	1.665700e-08	-5.34574e-11	-5.34574e-06	
392	1.670700e-08	-5.34577e-11	-5.34577e-06	
393	1.675700e-08	-5.34574e-11	-5.34574e-06	
394	1.680700e-08	-5.34577e-11	-5.34577e-06	
395	1.685700e-08	-5.34574e-11	-5.34574e-06	
396	1.690700e-08	-5.34577e-11	-5.34577e-06	
397	1.695700e-08	-5.34574e-11	-5.34574e-06	
398	1.700700e-08	-5.34577e-11	-5.34577e-06	
399	1.705700e-08	-5.34573e-11	-5.34573e-06	
400	1.710700e-08	-5.34576e-11	-5.34576e-06	
401	1.715700e-08	-5.34573e-11	-5.34573e-06	
402	1.720700e-08	-5.34576e-11	-5.34576e-06	

Index   time            v_rbl#branch    v_dd#branch     
--------------------------------------------------------------------------------
403	1.725700e-08	-5.34573e-11	-5.34573e-06	
404	1.730700e-08	-5.34576e-11	-5.34576e-06	
405	1.735700e-08	-5.34573e-11	-5.34573e-06	
406	1.740700e-08	-5.34576e-11	-5.34576e-06	
407	1.745700e-08	-5.34573e-11	-5.34573e-06	
408	1.750700e-08	-5.34576e-11	-5.34576e-06	
409	1.755700e-08	-5.34572e-11	-5.34572e-06	
410	1.760700e-08	-5.34576e-11	-5.34576e-06	
411	1.765700e-08	-5.34572e-11	-5.34572e-06	
412	1.770700e-08	-5.34575e-11	-5.34575e-06	
413	1.775700e-08	-5.34572e-11	-5.34572e-06	
414	1.780700e-08	-5.34575e-11	-5.34575e-06	
415	1.785700e-08	-5.34572e-11	-5.34572e-06	
416	1.790700e-08	-5.34575e-11	-5.34575e-06	
417	1.795700e-08	-5.34572e-11	-5.34572e-06	
418	1.800700e-08	-5.34575e-11	-5.34575e-06	
419	1.805700e-08	-5.34572e-11	-5.34572e-06	
420	1.810700e-08	-5.34575e-11	-5.34575e-06	
421	1.815700e-08	-5.34571e-11	-5.34571e-06	
422	1.820700e-08	-5.34574e-11	-5.34574e-06	
423	1.825700e-08	-5.34571e-11	-5.34571e-06	
424	1.830700e-08	-5.34574e-11	-5.34574e-06	
425	1.835700e-08	-5.34571e-11	-5.34571e-06	
426	1.840700e-08	-5.34574e-11	-5.34574e-06	
427	1.845700e-08	-5.34571e-11	-5.34571e-06	
428	1.850700e-08	-5.34574e-11	-5.34574e-06	
429	1.855700e-08	-5.34571e-11	-5.34571e-06	
430	1.860700e-08	-5.34574e-11	-5.34574e-06	
431	1.865700e-08	-5.34570e-11	-5.34570e-06	
432	1.870700e-08	-5.34574e-11	-5.34574e-06	
433	1.875700e-08	-5.34570e-11	-5.34570e-06	
434	1.880700e-08	-5.34573e-11	-5.34573e-06	
435	1.885700e-08	-5.34570e-11	-5.34570e-06	
436	1.890700e-08	-5.34573e-11	-5.34573e-06	
437	1.895700e-08	-5.34570e-11	-5.34570e-06	
438	1.900700e-08	-5.34573e-11	-5.34573e-06	
439	1.905700e-08	-5.34570e-11	-5.34570e-06	
440	1.910700e-08	-5.34573e-11	-5.34573e-06	
441	1.915700e-08	-5.34570e-11	-5.34570e-06	
442	1.920700e-08	-5.34573e-11	-5.34573e-06	
443	1.925700e-08	-5.34569e-11	-5.34569e-06	
444	1.930700e-08	-5.34572e-11	-5.34572e-06	
445	1.935700e-08	-5.34569e-11	-5.34569e-06	
446	1.940700e-08	-5.34572e-11	-5.34572e-06	
447	1.945700e-08	-5.34569e-11	-5.34569e-06	
448	1.950700e-08	-5.34572e-11	-5.34572e-06	
449	1.955700e-08	-5.34569e-11	-5.34569e-06	
450	1.960700e-08	-5.34572e-11	-5.34572e-06	
451	1.965700e-08	-5.34569e-11	-5.34569e-06	
452	1.970700e-08	-5.34572e-11	-5.34572e-06	
453	1.975700e-08	-5.34569e-11	-5.34569e-06	
454	1.980700e-08	-5.34572e-11	-5.34572e-06	
455	1.985700e-08	-5.34568e-11	-5.34568e-06	
456	1.990700e-08	-5.34571e-11	-5.34571e-06	
457	1.995700e-08	-5.34568e-11	-5.34568e-06	
458	2.000000e-08	-5.34571e-11	-5.34571e-06	
459	2.000001e-08	-5.35599e-11	-5.35599e-06	
460	2.000003e-08	-5.37635e-11	-5.37635e-06	

Index   time            v_rbl#branch    v_dd#branch     
--------------------------------------------------------------------------------
461	2.000007e-08	-5.41136e-11	-5.41136e-06	
462	2.000010e-08	-5.43269e-11	-5.43269e-06	
463	2.000011e-08	-5.42932e-11	-5.42932e-06	
464	2.000012e-08	-5.42185e-11	-5.42185e-06	
465	2.000016e-08	-5.40715e-11	-5.40715e-06	
466	2.000022e-08	-5.37914e-11	-5.37914e-06	
467	2.000035e-08	-5.32785e-11	-5.32785e-06	
468	2.000060e-08	-5.24201e-11	-5.24201e-06	
469	2.000112e-08	-5.12058e-11	-5.12058e-06	
470	2.000214e-08	-4.99689e-11	-4.99689e-06	
471	2.000419e-08	-4.93233e-11	-4.93233e-06	
472	2.000660e-08	-4.93136e-11	-4.93136e-06	
473	2.001041e-08	-4.93141e-11	-4.93141e-06	
474	2.001705e-08	-4.93141e-11	-4.93141e-06	
475	2.003032e-08	-4.93140e-11	-4.93140e-06	
476	2.005686e-08	-4.93142e-11	-4.93142e-06	
477	2.010686e-08	-4.93139e-11	-4.93139e-06	
478	2.015686e-08	-4.93142e-11	-4.93142e-06	
479	2.020686e-08	-4.93139e-11	-4.93139e-06	
480	2.025686e-08	-4.93141e-11	-4.93141e-06	
481	2.030686e-08	-4.93139e-11	-4.93139e-06	
482	2.035686e-08	-4.93141e-11	-4.93141e-06	
483	2.040686e-08	-4.93139e-11	-4.93139e-06	
484	2.045686e-08	-4.93141e-11	-4.93141e-06	
485	2.050686e-08	-4.93139e-11	-4.93139e-06	
486	2.055686e-08	-4.93141e-11	-4.93141e-06	
487	2.060686e-08	-4.93138e-11	-4.93138e-06	
488	2.065686e-08	-4.93141e-11	-4.93141e-06	
489	2.070686e-08	-4.93138e-11	-4.93138e-06	
490	2.075686e-08	-4.93141e-11	-4.93141e-06	
491	2.080686e-08	-4.93138e-11	-4.93138e-06	
492	2.085686e-08	-4.93141e-11	-4.93141e-06	
493	2.090686e-08	-4.93138e-11	-4.93138e-06	
494	2.095686e-08	-4.93141e-11	-4.93141e-06	
495	2.100686e-08	-4.93138e-11	-4.93138e-06	
496	2.105686e-08	-4.93140e-11	-4.93140e-06	
497	2.110686e-08	-4.93137e-11	-4.93137e-06	
498	2.115686e-08	-4.93140e-11	-4.93140e-06	
499	2.120686e-08	-4.93137e-11	-4.93137e-06	
500	2.125686e-08	-4.93140e-11	-4.93140e-06	
501	2.130686e-08	-4.93137e-11	-4.93137e-06	
502	2.135686e-08	-4.93140e-11	-4.93140e-06	
503	2.140686e-08	-4.93137e-11	-4.93137e-06	
504	2.145686e-08	-4.93140e-11	-4.93140e-06	
505	2.150686e-08	-4.93137e-11	-4.93137e-06	
506	2.155686e-08	-4.93140e-11	-4.93140e-06	
507	2.160686e-08	-4.93137e-11	-4.93137e-06	
508	2.165686e-08	-4.93140e-11	-4.93140e-06	
509	2.170686e-08	-4.93136e-11	-4.93136e-06	
510	2.175686e-08	-4.93139e-11	-4.93139e-06	
511	2.180686e-08	-4.93136e-11	-4.93136e-06	
512	2.185686e-08	-4.93139e-11	-4.93139e-06	
513	2.190686e-08	-4.93136e-11	-4.93136e-06	
514	2.195686e-08	-4.93139e-11	-4.93139e-06	
515	2.200686e-08	-4.93136e-11	-4.93136e-06	
516	2.205686e-08	-4.93139e-11	-4.93139e-06	
517	2.210686e-08	-4.93136e-11	-4.93136e-06	
518	2.215686e-08	-4.93139e-11	-4.93139e-06	

Index   time            v_rbl#branch    v_dd#branch     
--------------------------------------------------------------------------------
519	2.220686e-08	-4.93135e-11	-4.93135e-06	
520	2.225686e-08	-4.93139e-11	-4.93139e-06	
521	2.230686e-08	-4.93135e-11	-4.93135e-06	
522	2.235686e-08	-4.93138e-11	-4.93138e-06	
523	2.240686e-08	-4.93135e-11	-4.93135e-06	
524	2.245686e-08	-4.93138e-11	-4.93138e-06	
525	2.250686e-08	-4.93135e-11	-4.93135e-06	
526	2.255686e-08	-4.93138e-11	-4.93138e-06	
527	2.260686e-08	-4.93135e-11	-4.93135e-06	
528	2.265686e-08	-4.93138e-11	-4.93138e-06	
529	2.270686e-08	-4.93135e-11	-4.93135e-06	
530	2.275686e-08	-4.93138e-11	-4.93138e-06	
531	2.280686e-08	-4.93134e-11	-4.93134e-06	
532	2.285686e-08	-4.93138e-11	-4.93138e-06	
533	2.290686e-08	-4.93134e-11	-4.93134e-06	
534	2.295686e-08	-4.93137e-11	-4.93137e-06	
535	2.300686e-08	-4.93134e-11	-4.93134e-06	
536	2.305686e-08	-4.93137e-11	-4.93137e-06	
537	2.310686e-08	-4.93134e-11	-4.93134e-06	
538	2.315686e-08	-4.93137e-11	-4.93137e-06	
539	2.320686e-08	-4.93134e-11	-4.93134e-06	
540	2.325686e-08	-4.93137e-11	-4.93137e-06	
541	2.330686e-08	-4.93134e-11	-4.93134e-06	
542	2.335686e-08	-4.93137e-11	-4.93137e-06	
543	2.340686e-08	-4.93134e-11	-4.93134e-06	
544	2.345686e-08	-4.93137e-11	-4.93137e-06	
545	2.350686e-08	-4.93133e-11	-4.93133e-06	
546	2.355686e-08	-4.93136e-11	-4.93136e-06	
547	2.360686e-08	-4.93133e-11	-4.93133e-06	
548	2.365686e-08	-4.93136e-11	-4.93136e-06	
549	2.370686e-08	-4.93133e-11	-4.93133e-06	
550	2.375686e-08	-4.93136e-11	-4.93136e-06	
551	2.380686e-08	-4.93133e-11	-4.93133e-06	
552	2.385686e-08	-4.93136e-11	-4.93136e-06	
553	2.390686e-08	-4.93133e-11	-4.93133e-06	
554	2.395686e-08	-4.93136e-11	-4.93136e-06	
555	2.400686e-08	-4.93133e-11	-4.93133e-06	
556	2.405686e-08	-4.93136e-11	-4.93136e-06	
557	2.410686e-08	-4.93132e-11	-4.93132e-06	
558	2.415686e-08	-4.93135e-11	-4.93135e-06	
559	2.420686e-08	-4.93132e-11	-4.93132e-06	
560	2.425686e-08	-4.93135e-11	-4.93135e-06	
561	2.430686e-08	-4.93132e-11	-4.93132e-06	
562	2.435686e-08	-4.93135e-11	-4.93135e-06	
563	2.440686e-08	-4.93132e-11	-4.93132e-06	
564	2.445686e-08	-4.93135e-11	-4.93135e-06	
565	2.450686e-08	-4.93132e-11	-4.93132e-06	
566	2.455686e-08	-4.93135e-11	-4.93135e-06	
567	2.460686e-08	-4.93132e-11	-4.93132e-06	
568	2.465686e-08	-4.93135e-11	-4.93135e-06	
569	2.470686e-08	-4.93131e-11	-4.93131e-06	
570	2.475686e-08	-4.93134e-11	-4.93134e-06	
571	2.480686e-08	-4.93131e-11	-4.93131e-06	
572	2.485686e-08	-4.93134e-11	-4.93134e-06	
573	2.490686e-08	-4.93131e-11	-4.93131e-06	
574	2.495686e-08	-4.93134e-11	-4.93134e-06	
575	2.500686e-08	-4.93131e-11	-4.93131e-06	
576	2.505686e-08	-4.93134e-11	-4.93134e-06	

Index   time            v_rbl#branch    v_dd#branch     
--------------------------------------------------------------------------------
577	2.510686e-08	-4.93131e-11	-4.93131e-06	
578	2.515686e-08	-4.93134e-11	-4.93134e-06	
579	2.520686e-08	-4.93131e-11	-4.93131e-06	
580	2.525686e-08	-4.93134e-11	-4.93134e-06	
581	2.530686e-08	-4.93130e-11	-4.93130e-06	
582	2.535686e-08	-4.93133e-11	-4.93133e-06	
583	2.540686e-08	-4.93130e-11	-4.93130e-06	
584	2.545686e-08	-4.93133e-11	-4.93133e-06	
585	2.550686e-08	-4.93130e-11	-4.93130e-06	
586	2.555686e-08	-4.93133e-11	-4.93133e-06	
587	2.560686e-08	-4.93130e-11	-4.93130e-06	
588	2.565686e-08	-4.93133e-11	-4.93133e-06	
589	2.570686e-08	-4.93130e-11	-4.93130e-06	
590	2.575686e-08	-4.93133e-11	-4.93133e-06	
591	2.580686e-08	-4.93130e-11	-4.93130e-06	
592	2.585686e-08	-4.93133e-11	-4.93133e-06	
593	2.590686e-08	-4.93129e-11	-4.93129e-06	
594	2.595686e-08	-4.93132e-11	-4.93132e-06	
595	2.600686e-08	-4.93129e-11	-4.93129e-06	
596	2.605686e-08	-4.93132e-11	-4.93132e-06	
597	2.610686e-08	-4.93129e-11	-4.93129e-06	
598	2.615686e-08	-4.93132e-11	-4.93132e-06	
599	2.620686e-08	-4.93129e-11	-4.93129e-06	
600	2.625686e-08	-4.93132e-11	-4.93132e-06	
601	2.630686e-08	-4.93129e-11	-4.93129e-06	
602	2.635686e-08	-4.93132e-11	-4.93132e-06	
603	2.640686e-08	-4.93129e-11	-4.93129e-06	
604	2.645686e-08	-4.93132e-11	-4.93132e-06	
605	2.650686e-08	-4.93128e-11	-4.93128e-06	
606	2.655686e-08	-4.93131e-11	-4.93131e-06	
607	2.660686e-08	-4.93128e-11	-4.93128e-06	
608	2.665686e-08	-4.93131e-11	-4.93131e-06	
609	2.670686e-08	-4.93128e-11	-4.93128e-06	
610	2.675686e-08	-4.93131e-11	-4.93131e-06	
611	2.680686e-08	-4.93128e-11	-4.93128e-06	
612	2.685686e-08	-4.93131e-11	-4.93131e-06	
613	2.690686e-08	-4.93128e-11	-4.93128e-06	
614	2.695686e-08	-4.93131e-11	-4.93131e-06	
615	2.700686e-08	-4.93128e-11	-4.93128e-06	
616	2.705686e-08	-4.93131e-11	-4.93131e-06	
617	2.710686e-08	-4.93127e-11	-4.93127e-06	
618	2.715686e-08	-4.93131e-11	-4.93131e-06	
619	2.720686e-08	-4.93127e-11	-4.93127e-06	
620	2.725686e-08	-4.93130e-11	-4.93130e-06	
621	2.730686e-08	-4.93127e-11	-4.93127e-06	
622	2.735686e-08	-4.93130e-11	-4.93130e-06	
623	2.740686e-08	-4.93127e-11	-4.93127e-06	
624	2.745686e-08	-4.93130e-11	-4.93130e-06	
625	2.750686e-08	-4.93127e-11	-4.93127e-06	
626	2.755686e-08	-4.93130e-11	-4.93130e-06	
627	2.760686e-08	-4.93127e-11	-4.93127e-06	
628	2.765686e-08	-4.93130e-11	-4.93130e-06	
629	2.770686e-08	-4.93126e-11	-4.93126e-06	
630	2.775686e-08	-4.93130e-11	-4.93130e-06	
631	2.780686e-08	-4.93126e-11	-4.93126e-06	
632	2.785686e-08	-4.93129e-11	-4.93129e-06	
633	2.790686e-08	-4.93126e-11	-4.93126e-06	
634	2.795686e-08	-4.93129e-11	-4.93129e-06	

Index   time            v_rbl#branch    v_dd#branch     
--------------------------------------------------------------------------------
635	2.800686e-08	-4.93126e-11	-4.93126e-06	
636	2.805686e-08	-4.93129e-11	-4.93129e-06	
637	2.810686e-08	-4.93126e-11	-4.93126e-06	
638	2.815686e-08	-4.93129e-11	-4.93129e-06	
639	2.820686e-08	-4.93126e-11	-4.93126e-06	
640	2.825686e-08	-4.93129e-11	-4.93129e-06	
641	2.830686e-08	-4.93125e-11	-4.93125e-06	
642	2.835686e-08	-4.93129e-11	-4.93129e-06	
643	2.840686e-08	-4.93125e-11	-4.93125e-06	
644	2.845686e-08	-4.93128e-11	-4.93128e-06	
645	2.850686e-08	-4.93125e-11	-4.93125e-06	
646	2.855686e-08	-4.93128e-11	-4.93128e-06	
647	2.860686e-08	-4.93125e-11	-4.93125e-06	
648	2.865686e-08	-4.93128e-11	-4.93128e-06	
649	2.870686e-08	-4.93125e-11	-4.93125e-06	
650	2.875686e-08	-4.93128e-11	-4.93128e-06	
651	2.880686e-08	-4.93125e-11	-4.93125e-06	
652	2.885686e-08	-4.93128e-11	-4.93128e-06	
653	2.890686e-08	-4.93124e-11	-4.93124e-06	
654	2.895686e-08	-4.93128e-11	-4.93128e-06	
655	2.900686e-08	-4.93124e-11	-4.93124e-06	
656	2.905686e-08	-4.93127e-11	-4.93127e-06	
657	2.910686e-08	-4.93124e-11	-4.93124e-06	
658	2.915686e-08	-4.93127e-11	-4.93127e-06	
659	2.920686e-08	-4.93124e-11	-4.93124e-06	
660	2.925686e-08	-4.93127e-11	-4.93127e-06	
661	2.930686e-08	-4.93124e-11	-4.93124e-06	
662	2.935686e-08	-4.93127e-11	-4.93127e-06	
663	2.940686e-08	-4.93124e-11	-4.93124e-06	
664	2.945686e-08	-4.93127e-11	-4.93127e-06	
665	2.950686e-08	-4.93123e-11	-4.93123e-06	
666	2.955686e-08	-4.93127e-11	-4.93127e-06	
667	2.960686e-08	-4.93123e-11	-4.93123e-06	
668	2.965686e-08	-4.93126e-11	-4.93126e-06	
669	2.970686e-08	-4.93123e-11	-4.93123e-06	
670	2.975686e-08	-4.93126e-11	-4.93126e-06	
671	2.980686e-08	-4.93123e-11	-4.93123e-06	
672	2.985686e-08	-4.93126e-11	-4.93126e-06	
673	2.990686e-08	-4.93123e-11	-4.93123e-06	
674	2.995686e-08	-4.93126e-11	-4.93126e-06	
675	3.000000e-08	-4.93123e-11	-4.93123e-06	


Total analysis time (seconds) = 0.01

Total elapsed time (seconds) = 0.020 

Total DRAM available = 32616.133 MB.
DRAM currently available = 8824.535 MB.
Maximum ngspice program size =    9.926 MB.
Current ngspice program size =    9.926 MB.

